tqi_mile,original_count,clean_count,time_span_days,tqi_mean,tqi_std,seasonal_amplitude,data_driven_mae,rolling_anchor_mae,post_maintenance_mae,best_strategy,trident_improvement,is_trident_effective,best_trident_mae
240400,253,232,2623,1.462155172413793,0.1008518353844046,0.1568055555555556,0.0728783068783069,0.047235038130802,0.1135709411664979,rolling_anchor,35.18642219601008,True,0.047235038130802
132400,183,167,1860,1.4340119760479042,0.072867761726869,0.0867857142857144,0.0591649763353617,0.0486264472699563,0.0487686741363211,rolling_anchor,17.812107294136965,True,0.0486264472699563
106400,183,168,1860,1.4326785714285717,0.0771224488259872,0.1273214285714285,0.0598240321769734,0.0511026793595998,0.0521171067494597,rolling_anchor,14.57834335133706,True,0.0511026793595998
413400,259,243,2627,2.042098765432099,0.1251582408249789,0.1312865497076025,0.0917461724415793,0.052602945274115,0.0910680174653897,rolling_anchor,42.66469774789709,True,0.052602945274115
149400,183,160,1787,1.630375,0.0866489156954371,0.1775,0.0662946428571429,0.0570063330113734,0.0536428571428571,post_maintenance,19.0841750841751,True,0.0536428571428571
353400,253,228,2627,1.8568421052631576,0.0777584171340692,0.1122222222222224,0.065375991249658,0.0623514848660717,0.0583440126351278,post_maintenance,10.756209550500586,True,0.0583440126351278
415400,259,237,2627,2.342278481012659,0.1297744069375313,0.1148484848484847,0.1084444444444444,0.0621139145509615,0.0682256669960474,rolling_anchor,42.72282469685925,True,0.0621139145509615
331400,250,243,2627,1.6290946502057613,0.1239601512724667,0.2257368421052628,0.1104794520547945,0.0632489858813028,0.0883022505779746,rolling_anchor,42.7504529530675,True,0.0632489858813028
165400,183,180,1879,1.5275555555555551,0.1167991267196931,0.2096428571428572,0.0972392727272727,0.0640928647822766,0.1425717748917752,rolling_anchor,34.087470026603285,True,0.0640928647822766
210400,253,244,2627,1.578360655737705,0.1053691192198404,0.1534999999999999,0.0980158982511921,0.064254940175993,0.0667262854708676,rolling_anchor,34.444369411049564,True,0.064254940175993
330400,251,242,2627,1.5613223140495869,0.131325462155633,0.1538888888888887,0.1438080570641159,0.0684611567558226,0.1430875916379966,rolling_anchor,52.39407432832529,True,0.0684611567558226
314400,251,243,2627,1.6886831275720162,0.107353178630531,0.1300000000000001,0.1140008058017727,0.0696244643331065,0.1107392645188873,rolling_anchor,38.92634017502365,True,0.0696244643331065
338400,252,245,2627,1.9210204081632656,0.1312556774409718,0.2984210526315791,0.1090406195669357,0.0700035061250298,0.0735766997078211,rolling_anchor,35.800524242199955,True,0.0700035061250298
312400,251,244,2627,1.6258196721311478,0.1280003868559896,0.126857142857143,0.1449920508744038,0.0724555295967835,0.1416142615802226,rolling_anchor,50.02792969695524,True,0.0724555295967835
546400,260,250,2627,1.83008,0.10982275607088,0.0943333333333333,0.086439619047619,0.0726230942315239,0.0859022764996678,rolling_anchor,15.98401863442226,True,0.0726230942315239
245400,253,245,2627,1.5934285714285714,0.1081688116014902,0.1469444444444443,0.0849928876244666,0.0749158679244491,0.185602256741273,rolling_anchor,11.856309370899206,True,0.0749158679244491
311400,251,241,2627,1.5676348547717844,0.1089180094386736,0.1166666666666667,0.1001712328767123,0.0750645642400898,0.1073640308922902,rolling_anchor,25.063751254337628,True,0.0750645642400898
220400,253,243,2627,1.6574897119341565,0.139170635562281,0.1552499999999999,0.1180088638195002,0.0763020480504364,0.1061183804779695,rolling_anchor,35.34210432943088,True,0.0763020480504364
204400,253,232,2620,1.4896120689655172,0.1080417004271901,0.1082499999999999,0.0913809523809523,0.0767415317979043,0.0907313869992441,rolling_anchor,16.02021012214736,True,0.0767415317979043
317400,252,245,2627,1.6128979591836734,0.1188821300973099,0.2179999999999999,0.1233033033033034,0.0771064056950278,0.1494412169346377,rolling_anchor,37.466066496726135,True,0.0771064056950278
418400,259,253,2627,1.8030434782608693,0.1821014513350453,0.1402380952380952,0.1560764198632175,0.0784478663466341,0.1504083370829125,rolling_anchor,49.73752831120525,True,0.0784478663466341
282400,251,241,2627,1.6914937759336102,0.1134030834505816,0.162380952380952,0.100077462491846,0.0798307953987316,0.1265704081635124,rolling_anchor,20.23099565975112,True,0.0798307953987316
91400,183,182,1879,1.5177472527472526,0.1123819546087924,0.24625,0.1065898353614889,0.0827418932147742,0.0803244588744588,post_maintenance,24.641539597048475,True,0.0803244588744588
336400,252,245,2627,1.7157142857142855,0.1562941740835499,0.3295263157894734,0.1455587166113483,0.0809333771087641,0.0865935940383307,rolling_anchor,44.398124005955815,True,0.0809333771087641
271400,252,243,2627,1.806707818930041,0.139473126875502,0.268796992481203,0.1145181305398872,0.0816984858014534,0.159388320581531,rolling_anchor,28.65890718238945,True,0.0816984858014534
374400,257,245,2627,1.7880816326530613,0.1265526257305265,0.3109999999999999,0.0984226331594751,0.081845522967814,0.324164193085246,rolling_anchor,16.84278266036743,True,0.081845522967814
308400,251,245,2627,1.7114285714285713,0.1437438523275594,0.2105000000000001,0.1558163426584477,0.0820255721645377,0.0994265161733697,rolling_anchor,47.35752953440881,True,0.0820255721645377
501400,260,252,2627,1.7950793650793648,0.1902242167554717,0.2354210526315792,0.2089712918660289,0.0827993708610052,0.5456924728856866,rolling_anchor,60.37763363491685,True,0.0827993708610052
319400,251,244,2627,1.5329098360655735,0.1253707918871426,0.2055,0.1031112877583464,0.0829246994278964,0.0977837760024122,rolling_anchor,19.57747669465612,True,0.0829246994278964
504400,260,241,2627,1.6339419087136928,0.1228270326299343,0.1566666666666667,0.1213845401174169,0.0831044895516777,0.0890750035632876,rolling_anchor,31.53618288516013,True,0.0831044895516777
444400,260,252,2627,1.8464285714285715,0.147202136469611,0.1459649122807014,0.1425239234449761,0.0838782814492514,0.1077802953800784,rolling_anchor,41.14792841663936,True,0.0838782814492514
148400,183,179,1879,1.7616759776536317,0.1135607842657652,0.1916666666666666,0.1133985185185185,0.0841347688787449,0.1932008788947676,rolling_anchor,25.806112832942077,True,0.0841347688787449
503400,260,248,2627,1.6212903225806454,0.1255915089185814,0.1660000000000001,0.1305094412331404,0.0842327456800189,0.1337946140455118,rolling_anchor,35.45850408665328,True,0.0842327456800189
372400,259,251,2627,1.9141035856573705,0.1125712806496027,0.2510000000000001,0.1037383458646617,0.0847741458291937,0.087502987541317,rolling_anchor,18.280800486455536,True,0.0847741458291937
445400,259,248,2627,1.9206048387096772,0.1292677802270626,0.2572222222222224,0.0973294797687861,0.0848706829711201,0.1722292491930427,rolling_anchor,12.800640491722392,True,0.0848706829711201
97400,183,179,1879,1.4420670391061452,0.1083672282319106,0.1658928571428573,0.1038844444444443,0.0857865824409326,0.1489128689006469,rolling_anchor,17.42114721823455,True,0.0857865824409326
350400,252,237,2627,1.9649367088607597,0.1057604434606195,0.1659999999999999,0.1019696969696969,0.086313945615576,0.093204203140702,rolling_anchor,15.35333713777089,True,0.086313945615576
299400,251,244,2627,1.6335245901639344,0.1302256486159486,0.2032500000000001,0.1319205087440381,0.0939006918643142,0.0875076974666758,post_maintenance,33.66634323972727,True,0.0875076974666758
502400,260,252,2627,1.7953968253968255,0.1871303561400045,0.1982105263157896,0.1910825358851674,0.0883822370944947,0.1325729745785147,rolling_anchor,53.74656470562611,True,0.0883822370944947
115400,183,167,1879,1.349880239520958,0.094333349096433,0.1141666666666667,0.1076183231913455,0.0916590089392856,0.0900631666808137,post_maintenance,16.312423377307887,True,0.0900631666808137
412400,258,247,2627,2.06080971659919,0.1620403198930981,0.4250434782608694,0.1272387596899225,0.1052796913998414,0.0909396850492503,post_maintenance,28.52831537271513,True,0.0909396850492503
495400,260,249,2627,2.303775100401607,0.1650104029665628,0.2710000000000003,0.1582436781609194,0.0919825667002218,0.0915344185520736,post_maintenance,42.15603453112897,True,0.0915344185520736
447400,260,250,2627,1.88148,0.1610925598884244,0.4199999999999999,0.1322156190476191,0.0923891706390292,0.3655795941514207,rolling_anchor,30.12234764354571,True,0.0923891706390292
316400,251,243,2627,1.5850617283950617,0.1202798746257058,0.1757142857142859,0.1200185334407737,0.0926244157600555,0.0928234723593835,rolling_anchor,22.82490620020496,True,0.0926244157600555
676400,245,237,2619,1.743966244725738,0.1185518503804759,0.2365277777777776,0.1128114478114478,0.0926376139428835,0.2246096798399496,rolling_anchor,17.882789610397236,True,0.0926376139428835
154400,183,175,1879,1.4861714285714287,0.122134626519566,0.1791666666666667,0.1049860810392824,0.0928368048592299,0.1075540907695253,rolling_anchor,11.572273257353665,True,0.0928368048592299
125400,183,174,1879,1.6080459770114943,0.1223360205341754,0.17375,0.1044440979260876,0.1170560028627075,0.0928913213239971,post_maintenance,11.06120578519055,True,0.0928913213239971
264400,252,245,2627,1.806122448979592,0.191409957499717,0.389,0.1538880986249406,0.0933198241464495,0.3773401624454258,rolling_anchor,39.35864762752671,True,0.0933198241464495
485400,260,251,2627,1.7404382470119522,0.1578968244497486,0.4186363636363632,0.1136315789473683,0.0934833796807479,0.2601258127837074,rolling_anchor,17.731161929865127,True,0.0934833796807479
461400,257,250,2627,1.86124,0.1791447284598119,0.3372941176470592,0.2019649523809518,0.0936921263195773,0.1800816921640455,rolling_anchor,53.60971039031928,True,0.0936921263195773
367400,259,247,2627,1.871740890688259,0.1354809472250326,0.312777777777778,0.1180294573643409,0.0941132540416356,0.2132226958496325,rolling_anchor,20.26291051129656,True,0.0941132540416356
351400,252,244,2627,1.900901639344262,0.1183077113513854,0.1911413043478258,0.1109030206677265,0.095058106005996,0.1150762134946917,rolling_anchor,14.287180426945245,True,0.095058106005996
265400,252,244,2627,1.5689754098360658,0.1389532273566737,0.2562499999999998,0.1058473767885532,0.0951603437853437,0.1476227695418873,rolling_anchor,10.096644175281323,True,0.0951603437853437
389400,259,245,2627,2.242326530612245,0.1520754487782651,0.1849999999999996,0.1402275960170694,0.0962853186893434,0.1177568009673272,rolling_anchor,31.33639781029767,True,0.0962853186893434
302400,251,245,2627,1.9684897959183671,0.1729462773651586,0.2722285714285712,0.1562162162162165,0.134889209955743,0.0977917545773954,post_maintenance,37.39974187952208,True,0.0977917545773954
126400,183,178,1879,1.5892696629213483,0.1473840644855898,0.2642500000000001,0.1217144563918757,0.099533800592674,0.0978485686787657,post_maintenance,19.608096211899944,True,0.0978485686787657
354400,252,247,2627,1.982672064777328,0.1601274446351847,0.3526666666666664,0.1616930232558141,0.0981974616347831,0.135963417989418,rolling_anchor,39.26920305063181,True,0.0981974616347831
404400,255,246,2627,1.873373983739837,0.1348604659623243,0.2132367149758454,0.1264692017598994,0.0985423230879722,0.1039982462984009,rolling_anchor,22.08196010040931,True,0.0985423230879722
131400,183,178,1879,1.428483146067416,0.1258483180235969,0.17175,0.1246983273596174,0.1150095003552995,0.0995879629629629,post_maintenance,20.13688950633532,True,0.0995879629629629
479400,260,249,2627,2.047951807228916,0.1971373295455475,0.5604444444444447,0.1438666666666665,0.1001149737108357,0.4374954649947749,rolling_anchor,30.41127869960441,True,0.1001149737108357
95400,183,180,1879,1.4674999999999996,0.1228110007264876,0.1149999999999999,0.1426254545454546,0.1373736122664554,0.1016173088023087,post_maintenance,28.75233307675565,True,0.1016173088023087
300400,251,243,2627,1.853703703703704,0.1096626432145623,0.145,0.1161684125705078,0.1024676178701579,0.1142958215380709,rolling_anchor,11.79390713636053,True,0.1024676178701579
345400,253,243,2627,1.9041152263374483,0.1221143748799648,0.147,0.1462852538275585,0.1026081981012893,0.4183127469370565,rolling_anchor,29.857456294094963,True,0.1026081981012893
627400,260,251,2627,2.4854183266932277,0.2136092795334249,0.1885858585858582,0.178806015037594,0.1032417556731344,0.1718831066117967,rolling_anchor,42.2604683341174,True,0.1032417556731344
133400,183,177,1850,1.5175141242937855,0.1256823696387333,0.1829166666666668,0.120069256248118,0.1130099312660472,0.103582679778818,post_maintenance,13.730889142205784,True,0.103582679778818
434400,259,245,2627,2.4493061224489803,0.1942195609927024,0.2075555555555559,0.1599573257467995,0.103629423077759,0.2809868027081652,rolling_anchor,35.2143313262209,True,0.103629423077759
497400,260,251,2627,1.9315537848605575,0.1940463246124943,0.4819444444444447,0.1377624060150376,0.104595784039089,0.3138699365263218,rolling_anchor,24.075234264076524,True,0.104595784039089
286400,251,242,2627,1.828471074380165,0.1553143552681718,0.3309523809523809,0.1499546080894869,0.1048093434162826,0.2697461356710109,rolling_anchor,30.10595356046904,True,0.1048093434162826
542400,260,249,2627,1.921124497991968,0.1556267912264094,0.319818181818182,0.1212076628352489,0.1050475156270717,0.2080345786702606,rolling_anchor,13.332611841664544,True,0.1050475156270717
208400,253,247,2627,1.686518218623482,0.1586939282963107,0.1912499999999999,0.1282379844961239,0.1066918980064985,0.155916349833741,rolling_anchor,16.801641552840145,True,0.1066918980064985
455400,210,205,2611,1.9699512195121955,0.1818248930329581,0.4368750000000001,0.15683284457478,0.1070868676486559,0.131206214550261,rolling_anchor,31.71910645439099,True,0.1070868676486559
463400,260,252,2627,1.869206349206349,0.2459281246814356,0.5504444444444445,0.2410107655502391,0.1076962706769207,0.290578004743794,rolling_anchor,55.31474686159972,True,0.1076962706769207
304400,251,240,2627,1.9177083333333331,0.1323877843808768,0.2478409090909088,0.1331183862433862,0.1079244603232928,0.1921959267381416,rolling_anchor,18.92595503225996,True,0.1079244603232928
588400,260,256,4521,2.18851171875,0.2556309684271354,0.3182057416267942,0.2609302038743377,0.1149726892373854,0.1088535658564968,post_maintenance,58.28249691288326,True,0.1088535658564968
75400,183,180,1879,1.620555555555555,0.1302885590839858,0.1858333333333333,0.1212072727272727,0.1090745214045214,0.3707088744588744,rolling_anchor,10.009920238079353,True,0.1090745214045214
140400,183,178,1879,1.6658988764044942,0.1312544038491808,0.2466666666666666,0.1224581839904421,0.1097798094975513,0.2208688889764156,rolling_anchor,10.353227591453011,True,0.1097798094975513
146400,183,179,1879,1.4967597765363123,0.1296044256074168,0.2308333333333332,0.1271140740740741,0.1109051680672269,0.2126477865961198,rolling_anchor,12.751464481739184,True,0.1109051680672269
484400,260,250,2627,1.79616,0.2054646375147711,0.5699090909090907,0.1623771428571428,0.1115122347282347,0.4024454256854254,rolling_anchor,31.325165127248468,True,0.1115122347282347
465400,260,249,2627,2.0586746987951807,0.2016830659103776,0.5294761904761904,0.1358214559386974,0.1423524165951994,0.1160088703279291,post_maintenance,14.587228117853954,True,0.1160088703279291
307400,251,246,2627,1.719878048780488,0.1640395216374223,0.2092499999999999,0.1615241986172218,0.1163431160212445,0.1616257354140077,rolling_anchor,27.97171134898918,True,0.1163431160212445
561400,260,251,2627,1.9903187250996013,0.1598696281598482,0.3325555555555557,0.1307999999999999,0.1171811797042073,0.3603481504233854,rolling_anchor,10.41194212216561,True,0.1171811797042073
606400,259,252,2627,1.723015873015873,0.1663542509190444,0.3255555555555558,0.1458732057416268,0.1279097152081403,0.1172991710806356,post_maintenance,19.58826812348389,True,0.1172991710806356
587400,260,255,2627,1.947764705882353,0.2137463531240486,0.4496666666666669,0.1819538888078214,0.1175794925575313,0.2935443129587529,rolling_anchor,35.37951107947019,True,0.1175794925575313
361400,258,253,2627,2.2085770750988147,0.128706750279857,0.2570000000000001,0.1434953910199226,0.1184611708689278,0.1425698082520115,rolling_anchor,17.44600991924474,True,0.1184611708689278
500400,260,249,2627,1.7418473895582332,0.1634550125639192,0.2360526315789473,0.1544000000000001,0.1196739534020236,0.1369386071238701,rolling_anchor,22.490962822523617,True,0.1196739534020236
598400,260,254,2627,1.866023622047244,0.1650354358674744,0.2361538461538459,0.1378861251742607,0.120782519782596,0.1196863961509975,post_maintenance,13.199101070004229,True,0.1196863961509975
402400,259,252,2627,1.9515079365079364,0.1195913857196852,0.1217391304347825,0.1405322966507179,0.1197635425850528,0.3484903786145203,rolling_anchor,14.778634207682698,True,0.1197635425850528
427400,258,244,2627,1.833606557377049,0.1731554907871698,0.3514444444444442,0.1607631160572337,0.1207282635576753,0.1412521518933283,rolling_anchor,24.903008526722896,True,0.1207282635576753
216400,251,241,2627,2.0150622406639003,0.1601252643296028,0.1288421052631576,0.1555014677103718,0.1212240649377832,0.2015824807452422,rolling_anchor,22.043137776957654,True,0.1212240649377832
583400,260,255,2627,2.395215686274509,0.205805151497462,0.3275833333333331,0.1526411790456734,0.1212755323774898,0.1223140888029562,rolling_anchor,20.54861398757821,True,0.1212755323774898
476400,259,250,2627,1.84672,0.1649840006846958,0.3961363636363637,0.1459108571428571,0.1290443867243867,0.1219601885521885,post_maintenance,16.414589743119105,True,0.1219601885521885
1235400,501,446,4837,3.108017937219731,0.2178014034916359,0.1965315217391308,0.2571754688097973,0.2319853866445013,0.12263851510655,post_maintenance,52.31329190372684,True,0.12263851510655
235400,252,247,2627,1.7564372469635623,0.1701585197956794,0.1796739130434783,0.1483271317829457,0.1232857201370207,0.3500059643335239,rolling_anchor,16.88255637719017,True,0.1232857201370207
340400,252,243,2627,2.144156378600823,0.1601794197737733,0.2279999999999999,0.1584794520547947,0.123898736054575,0.3197114988298257,rolling_anchor,21.8203152218518,True,0.123898736054575
141400,183,180,1879,1.556888888888889,0.1690667412720347,0.2326923076923077,0.1593134545454545,0.1252642780600061,0.5640601764901769,rolling_anchor,21.37244251127176,True,0.1252642780600061
274400,252,244,2627,1.9898360655737704,0.1768772730531772,0.3855263157894739,0.1791605723370429,0.1266002107793129,0.2301589004850612,rolling_anchor,29.337013647652167,True,0.1266002107793129
1184400,509,460,4845,2.6060978260869563,0.2215472851549618,0.3415230263157895,0.1520510396975425,0.1603069244023892,0.1269978579178234,post_maintenance,16.47682372284633,True,0.1269978579178234
648400,273,262,2627,1.8729007633587789,0.1590512510456461,0.2028888888888889,0.1599847824583244,0.1281553425254712,0.3352824837018678,rolling_anchor,19.89529219202126,True,0.1281553425254712
764400,515,431,4589,3.214071925754061,0.186669716844345,0.2510878787878785,0.1762363915154615,0.1281750547308486,0.519276069823885,rolling_anchor,27.270949190080536,True,0.1281750547308486
626400,260,248,2627,1.7931048387096775,0.1519816374242096,0.1656666666666666,0.1483290944123314,0.1284667834316499,0.1426336703713596,rolling_anchor,13.39070467555567,True,0.1284667834316499
228400,253,241,2623,1.7639004149377595,0.2009553599886314,0.3219078947368421,0.1569553163731245,0.1285969640223974,0.3888491990100328,rolling_anchor,18.067787065786124,True,0.1285969640223974
26400,183,182,1866,1.7969780219780218,0.2707778636594939,0.2624999999999999,0.1793199713672154,0.128760298030851,0.3105162831918737,rolling_anchor,28.19522719687878,True,0.128760298030851
607400,260,248,2627,1.987096774193548,0.1634311958563166,0.2442222222222221,0.1616030828516376,0.1300332047139163,0.2310724719580039,rolling_anchor,19.53544300061685,True,0.1300332047139163
603400,260,252,2627,1.8417063492063488,0.1831286995448205,0.2811111111111108,0.2113561602870811,0.1311496929648981,0.138627759025537,rolling_anchor,37.94848809386019,True,0.1311496929648981
541400,260,255,2627,2.149921568627451,0.2843904825766974,0.3250000000000002,0.2377141397927914,0.1314584959887363,0.1981516559664485,rolling_anchor,44.69891605803302,True,0.1314584959887363
263400,251,243,2627,1.754074074074074,0.2177577950390651,0.276919191919192,0.3104093473005639,0.2036230674583233,0.1330315448413969,post_maintenance,57.14318979170921,True,0.1330315448413969
306400,251,245,2627,2.144530612244898,0.1617054474128323,0.2591596638655462,0.1655855855855855,0.135719500248912,0.1928782559870793,rolling_anchor,18.03664566034148,True,0.135719500248912
223400,251,194,2613,1.9838659793814435,0.2455257710001165,0.4115000000000002,0.2108512241054615,0.1365724334931713,0.5685853210349455,rolling_anchor,35.22805756875194,True,0.1365724334931713
335400,252,244,2627,2.0267622950819675,0.1552264006054275,0.24475,0.15362480127186,0.1373100336173091,0.1457875379903243,rolling_anchor,10.619878769235775,True,0.1373100336173091
377400,258,247,2627,2.1675708502024285,0.1812596227904942,0.2529999999999999,0.2087403100775191,0.1379488411704829,0.2131679324019955,rolling_anchor,33.913655144397666,True,0.1379488411704829
416400,259,253,2627,1.5618577075098816,0.1729807182285083,0.1931818181818183,0.1799063336306869,0.1403083334298766,0.4008291077983025,rolling_anchor,22.010342494165503,True,0.1403083334298766
46400,181,179,1879,2.2368156424581005,0.3348342279447803,0.3299999999999996,0.1760177777777778,0.1426449905756041,1.0003108462936237,rolling_anchor,18.95989576933912,True,0.1426449905756041
653400,272,263,2627,1.8266159695817488,0.1557778832321983,0.1867777777777779,0.1612754540451293,0.1432324603941279,0.1883960000282235,rolling_anchor,11.18768739969104,True,0.1432324603941279
446400,260,251,2627,1.951354581673307,0.1854177924820708,0.3751304347826083,0.1647834586466166,0.1671095258480371,0.1435091507272285,post_maintenance,12.910463279576817,True,0.1435091507272285
529400,259,247,2627,1.886923076923077,0.1697734207230036,0.3189999999999999,0.1616844961240308,0.1441140236626726,0.2651139334379401,rolling_anchor,10.86713499597366,True,0.1441140236626726
128400,183,179,1879,1.6093296089385478,0.1775539094123219,0.2124166666666667,0.1678696296296297,0.144579086965376,0.1622051263962376,rolling_anchor,13.874184815704645,True,0.144579086965376
454400,209,205,2611,2.649365853658537,0.2544989075150441,0.5593749999999997,0.2735980148883377,0.1453325709842547,0.6960352811983499,rolling_anchor,46.88098484794612,True,0.1453325709842547
435400,259,252,2627,2.2379761904761906,0.2660622389004058,0.4769841269841273,0.1836094497607655,0.1455774574582624,0.3082594233252131,rolling_anchor,20.71352664694383,True,0.1455774574582624
530400,260,250,2627,2.11384,0.2276941653440573,0.314,0.2779596190476191,0.1462832197118125,0.497965373890623,rolling_anchor,47.37249237388264,True,0.1462832197118125
134400,183,178,1860,1.6185955056179775,0.1765672176610589,0.2511188811188811,0.1733243727598566,0.1464120430150741,0.3395611209280564,rolling_anchor,15.527146768948578,True,0.1464120430150741
222400,249,225,2613,2.004488888888889,0.3340843444496452,0.4213450292397662,0.2297545897339826,0.1476991500596158,0.3094017403377149,rolling_anchor,35.71438540982933,True,0.1476991500596158
604400,260,250,2627,1.98896,0.1834949590588253,0.2607499999999996,0.1949775238095239,0.1496352206243475,0.1513083784207993,rolling_anchor,23.255143618231557,True,0.1496352206243475
1133400,510,416,4819,3.1620841346153847,0.1916004631586855,0.2489435483870963,0.1678924810996564,0.150953679226223,0.1567873760053118,rolling_anchor,10.089077106067034,True,0.150953679226223
441400,260,251,2627,2.172231075697211,0.1876651336568363,0.3498245614035085,0.2297263157894733,0.1524095193693545,0.6037279046304644,rolling_anchor,33.65604682877243,True,0.1524095193693545
225400,253,247,2627,1.887327935222672,0.2324020594241392,0.2659090909090909,0.2256860465116281,0.1537904929283508,0.1764945062621316,rolling_anchor,31.856446020721528,True,0.1537904929283508
62400,183,179,1879,1.6560335195530729,0.1901490219683516,0.2493750000000001,0.1841629629629628,0.1846988708421006,0.1538486728395062,post_maintenance,16.460579063094844,True,0.1538486728395062
498400,260,247,2627,2.184898785425101,0.188698715313911,0.2535014005602241,0.2008782945736435,0.1549709108438302,0.1565337066870912,rolling_anchor,22.853332077141523,True,0.1549709108438302
967400,514,424,4618,3.2027382075471693,0.217918868917653,0.4148753315649864,0.1962365920608108,0.1553158392147249,0.1989316506659309,rolling_anchor,20.852763705458752,True,0.1553158392147249
255400,253,241,2613,1.867717842323652,0.1963844530217664,0.2819090909090911,0.2206082844096543,0.15584076586582,0.329818430728128,rolling_anchor,29.358606689296185,True,0.15584076586582
1191400,508,506,4845,2.2622055335968376,0.4733388350027852,0.4835833333333332,0.3624785905441571,0.1570318241830745,0.582940831704284,rolling_anchor,56.67831748425846,True,0.1570318241830745
929400,513,435,4819,2.909232183908046,0.2384569227993472,0.4399923076923073,0.2081042085174768,0.1572481612855747,0.1768293563832851,rolling_anchor,24.43777931940822,True,0.1572481612855747
678400,273,264,2627,1.8964772727272723,0.1821984864231619,0.2493650793650792,0.2242581521739132,0.1578379364385614,0.4060743819013112,rolling_anchor,29.617748604225813,True,0.1578379364385614
733400,514,484,4845,3.694729338842975,0.3198247564386346,0.5650180180180184,0.3026734214152544,0.1607234098710766,0.4034663560622024,rolling_anchor,46.8987368895628,True,0.1607234098710766
734400,513,482,4845,3.357321576763485,0.3076303744901389,0.4951768707482991,0.2470796889389132,0.1613507791459634,0.2465507993105936,rolling_anchor,34.69686648915321,True,0.1613507791459634
594400,259,241,2627,1.8942738589211616,0.1862849287752412,0.2635672514619882,0.1823972602739725,0.1904189144400985,0.1624088622664686,post_maintenance,10.958716143806138,True,0.1624088622664686
391400,258,248,2627,2.1056048387096777,0.2310993728646519,0.2075652173913043,0.2607899807321773,0.1767968280750626,0.162471397970659,post_maintenance,37.70029143201178,True,0.162471397970659
833400,440,400,4845,4.158815000000001,0.3100520625293383,0.3586641025641035,0.2548850000000002,0.1624793541136693,0.3986072296336597,rolling_anchor,36.25385796980236,True,0.1624793541136693
1213400,508,486,4845,2.540944444444445,0.3496452915411663,0.522995475113122,0.2701311039484286,0.2041462689944789,0.163076840505819,post_maintenance,39.63048381982978,True,0.163076840505819
468400,259,252,2627,2.1453571428571427,0.2338800374995869,0.5481818181818181,0.2076196172248804,0.1673630939644668,0.2877260454408084,rolling_anchor,19.3895566317369,True,0.1673630939644668
480400,259,249,2627,2.100843373493976,0.2443484002235321,0.4697835497835498,0.2112329501915708,0.1691371597808581,0.2974358612182848,rolling_anchor,19.928609799056105,True,0.1691371597808581
14400,183,181,1879,1.6334254143646414,0.2259876624347975,0.1843333333333332,0.2883044733044732,0.3029492525992528,0.1716178987678987,post_maintenance,40.47338329480024,True,0.1716178987678987
474400,259,254,2627,2.0498425196850394,0.3075633788651089,0.8469999999999998,0.2122576858170078,0.1719387041587514,0.8913954095445459,rolling_anchor,18.995298805347502,True,0.1719387041587514
254400,253,250,2627,1.8612,0.2700947327487794,0.2995000000000001,0.3030476190476193,0.1741017764951097,0.1945101010101009,rolling_anchor,42.54969663109205,True,0.1741017764951097
405400,257,246,2627,2.841382113821138,0.2295739628387171,0.2020000000000004,0.226860465116279,0.1768164685571154,0.390541348829013,rolling_anchor,22.059373162932197,True,0.1768164685571154
213400,252,250,2627,2.07012,0.2231150080727633,0.2659999999999998,0.2366026666666668,0.1772670223142394,0.2873255706966141,rolling_anchor,25.07818072736318,True,0.1772670223142394
661400,273,262,2627,2.042519083969466,0.2384025492658912,0.3266666666666666,0.2483931659403749,0.1794883901183286,0.2375274014840765,rolling_anchor,27.740205959847707,True,0.1794883901183286
494400,260,251,2627,2.254183266932271,0.2620695142111811,0.4886363636363637,0.2520902255639097,0.1829054328404742,0.3447493108768729,rolling_anchor,27.444456669699708,True,0.1829054328404742
253400,253,253,2627,2.035889328063241,0.3049728383767358,0.335590909090909,0.3805486173059768,0.1834944030012196,0.3117530081807247,rolling_anchor,51.78161352937395,True,0.1834944030012196
1130400,510,412,4819,3.2257766990291263,0.2139905372098365,0.2846666666666668,0.2215725806451611,0.1836717697109645,0.5171717283937618,rolling_anchor,17.105370539910403,True,0.1836717697109645
272400,252,246,2627,2.042560975609756,0.2331338109709096,0.2826973684210527,0.2784428032683846,0.2386418872349735,0.1851070815824486,post_maintenance,33.52060839438246,True,0.1851070815824486
456400,258,251,2627,2.1465338645418326,0.2424762624435752,0.4950000000000001,0.2441774436090227,0.1857594886031959,0.2017119473150668,rolling_anchor,23.92438635706485,True,0.1857594886031959
526400,260,247,2627,2.1113765182186226,0.1899735966229101,0.2315340909090908,0.2184131782945735,0.1860992904277138,0.2614355455674161,rolling_anchor,14.794843479306028,True,0.1860992904277138
563400,260,253,2627,2.22806324110672,0.2549381421093202,0.3063888888888888,0.2328055307760929,0.1873738679998133,0.2304887143958857,rolling_anchor,19.514855435275148,True,0.1873738679998133
477400,259,250,2627,2.05216,0.2580606821324213,0.3289371980676325,0.2379672380952381,0.188314790520956,0.1954312023262579,rolling_anchor,20.865245136984115,True,0.188314790520956
613400,260,247,2627,2.186315789473684,0.2185814146513374,0.355974025974026,0.2144356589147286,0.1900222243576891,0.4017758817013421,rolling_anchor,11.384969589758205,True,0.1900222243576891
1190400,508,507,4845,2.2361360946745563,0.7607291431697107,0.6328494623655914,0.6785538384845461,0.1902669752421356,0.6322168411357828,rolling_anchor,71.95992941885495,True,0.1902669752421356
811400,515,491,4845,3.1909327902240325,0.3271877286197354,0.5536499999999998,0.2533631707509255,0.1918471941149148,1.067019388368538,rolling_anchor,24.279762703351004,True,0.1918471941149148
910400,514,476,4845,3.029182773109244,0.2616442627077319,0.3050277777777777,0.2484306894306895,0.1933520442050423,0.2025055026808535,rolling_anchor,22.17062849677184,True,0.1933520442050423
879400,514,454,4824,3.0221431718061678,0.2608411325967908,0.4300312499999998,0.3007877455156694,0.2257571519284638,0.1937396118935326,post_maintenance,35.58926027342431,True,0.1937396118935326
628400,260,248,2627,2.2026612903225806,0.2697865669262925,0.3112560386473431,0.2918119460500964,0.1940131751967188,0.2461526639943878,rolling_anchor,33.51431364519538,True,0.1940131751967188
713400,514,506,4845,3.3383418972332017,0.4405339151524678,0.4481481481481482,0.5596962533452274,0.1944575245511268,1.281074554706898,rolling_anchor,65.25659705797904,True,0.1944575245511268
408400,259,253,2627,2.311660079051383,0.2318789945687533,0.2347368421052631,0.2478367528991971,0.1953595633182752,0.5125723151274236,rolling_anchor,21.17409503112158,True,0.1953595633182752
481400,259,251,2627,2.1485657370517925,0.2533162739765343,0.4465277777777776,0.2325293233082707,0.1954167078689241,0.4374342045367955,rolling_anchor,15.960402288766549,True,0.1954167078689241
555400,260,257,4521,2.3411089494163426,0.380851784600857,0.3752727272727272,0.4736542042687293,0.203472937206665,0.1955130175072839,post_maintenance,58.722414844995455,True,0.1955130175072839
615400,260,246,2613,2.20239837398374,0.2094062057766041,0.3605555555555557,0.2493070395977377,0.1966036921524185,0.473617592143628,rolling_anchor,21.13993553104524,True,0.1966036921524185
490400,260,252,4521,2.492773809523809,0.3032486922497223,0.3583838383838387,0.3644128289473685,0.1966833283080022,1.1193461336678094,rolling_anchor,46.02733145368796,True,0.1966833283080022
383400,258,247,2627,2.248582995951417,0.1968223586077007,0.2700000000000004,0.2576356589147286,0.1988307945685352,0.6252994347979417,rolling_anchor,22.824815708316397,True,0.1988307945685352
830400,513,478,4845,3.221692468619247,0.2475522171072836,0.300893103448276,0.2259673985362608,0.2337331103650958,0.2017469753177997,post_maintenance,10.718547620299477,True,0.2017469753177997
821400,514,456,4558,3.304412280701755,0.3218045768708188,0.5001960297766748,0.3520916184243643,0.2024075756693939,1.1348062784292876,rolling_anchor,42.51281056470966,True,0.2024075756693939
608400,260,254,4521,2.103673228346457,0.2757847722850542,0.539222222222222,0.2847112040501871,0.2029192767951621,0.3020079763585155,rolling_anchor,28.72803250855108,True,0.2029192767951621
633400,259,252,2627,2.152619047619048,0.24111850443622,0.3112499999999996,0.2742763157894738,0.2029526017999314,0.3538333632526743,rolling_anchor,26.00432843945894,True,0.2029526017999314
832400,511,489,4845,3.474114519427403,0.3349691311533638,0.4102928571428572,0.2614609937542268,0.2032243304003592,0.8153565629783319,rolling_anchor,22.2735569530536,True,0.2032243304003592
836400,514,449,4542,3.1683853006681515,0.2329279008955136,0.1790087412587415,0.2332256428402925,0.2045766131067529,0.2173063813987925,rolling_anchor,12.28382496223104,True,0.2045766131067529
650400,273,263,2627,1.9858174904942965,0.2123909620525724,0.2492380952380954,0.264081590533847,0.2575944209165238,0.2048916776916821,post_maintenance,22.41349452739628,True,0.2048916776916821
687400,269,251,2627,3.9454581673306777,0.2186451216995885,0.2525752508361201,0.2327999999999999,0.2062980231320014,0.3952302293520928,rolling_anchor,11.384010682129928,True,0.2062980231320014
515400,260,253,2627,2.29102766798419,0.2722286970860331,0.313478260869565,0.2910481712756465,0.2076414389204549,0.4788237018102062,rolling_anchor,28.6573634837233,True,0.2076414389204549
576400,258,252,2627,2.2748412698412697,0.2549329546326713,0.2956818181818184,0.2621889952153108,0.2082963787000573,0.5382861442574048,rolling_anchor,20.554873583079488,True,0.2082963787000573
385400,258,248,4521,3.0407782258064517,0.3274895232889839,0.296298701298701,0.4155626204238927,0.2318452533376103,0.2084005166029526,post_maintenance,49.850995647689714,True,0.2084005166029526
578400,260,249,2620,2.2095983935742973,0.2019178194312245,0.1786234817813765,0.2735609195402299,0.2098106079755687,0.3072170736937589,rolling_anchor,23.30388115078915,True,0.2098106079755687
236400,253,250,2627,1.9264,0.2375524461221869,0.2434999999999998,0.3302400000000001,0.2099476533450448,0.3615348143965535,rolling_anchor,36.42573481557511,True,0.2099476533450448
812400,515,489,4845,3.026529652351738,0.3426116481302264,0.4535765765765767,0.3818702112423921,0.2109438100794657,1.167366492276523,rolling_anchor,44.76033901854441,True,0.2109438100794657
1189400,508,506,4845,2.8557114624505924,0.6321473538481854,0.6211296296296296,0.4728698334820104,0.2132822257349894,0.893711403487244,rolling_anchor,54.896208082365774,True,0.2132822257349894
522400,260,249,2627,2.283172690763052,0.3246747353388116,0.623909090909091,0.2908927203065135,0.2137390275784337,0.5060446609007042,rolling_anchor,26.52307443334538,True,0.2137390275784337
656400,272,262,2623,2.096259541984733,0.2513026167328961,0.2885555555555554,0.3114795600747043,0.2140511605891974,0.4153482336781985,rolling_anchor,31.27922726683573,True,0.2140511605891974
745400,513,485,4845,3.250185567010309,0.3536135108851394,0.6039169230769232,0.2897260273972603,0.268398346505926,0.2146803674514285,post_maintenance,25.902284520310708,True,0.2146803674514285
657400,272,265,4521,2.2088830188679243,0.2643247928440766,0.3115384615384617,0.2739975675675674,0.2155109063265313,0.2884775652219404,rolling_anchor,21.34568629942794,True,0.2155109063265313
1037400,509,509,4845,2.7849705304518664,0.5847761543570662,0.8389424242424242,0.8202096643901009,0.7593357598036262,0.2193593069850403,post_maintenance,73.25570320508798,True,0.2193593069850403
491400,260,251,2627,2.003625498007968,0.2678955079639279,0.5135555555555555,0.2662586466165414,0.2193862964828337,0.4346889004193716,rolling_anchor,17.604066846028832,True,0.2193862964828337
646400,273,260,2627,1.9524230769230768,0.2056290232878015,0.2799565217391302,0.2569428007889547,0.2194803362629274,0.359881472705289,rolling_anchor,14.580079461653384,True,0.2194803362629274
822400,513,439,4838,2.7898200455580864,0.3186720977723466,0.501705747126437,0.2586431744151613,0.2197616054949679,0.746979430440696,rolling_anchor,15.032899672729256,True,0.2197616054949679
69400,183,178,1879,1.7962921348314609,0.1826971933488953,0.2377777777777776,0.2464695340501791,0.2210791423039211,0.4730783576074796,rolling_anchor,10.30163498466659,True,0.2210791423039211
659400,273,258,2627,2.0526356589147285,0.2288952299025303,0.3559999999999998,0.2466495726495725,0.2215933739097162,0.2548425560362212,rolling_anchor,10.158622401286276,True,0.2215933739097162
38400,183,176,1879,2.738806818181818,0.2433744843043115,0.2085064935064937,0.2603482129160916,0.294858087235719,0.2223180319067338,post_maintenance,14.607429251536525,True,0.2223180319067338
407400,258,247,2627,2.197004048582996,0.2016858117226123,0.1919999999999997,0.3144883720930229,0.2225072134297236,0.4869843376127302,rolling_anchor,29.24787268004047,True,0.2225072134297236
1144400,492,454,4845,4.280277533039648,0.3207710530904307,0.4719572368421056,0.2535880172235142,0.2672831240366281,0.2226973682290824,post_maintenance,12.1814308628016,True,0.2226973682290824
552400,260,254,2627,2.1230708661417323,0.2745244161039077,0.3703409090909091,0.3015555066402524,0.2232732748911245,0.2628767589327198,rolling_anchor,25.959476787972054,True,0.2232732748911245
429400,258,251,2627,1.9820717131474104,0.2920049500208059,0.4046590909090908,0.2574962406015038,0.2237461336023948,0.3725970858934846,rolling_anchor,13.10702902701405,True,0.2237461336023948
1208400,506,503,4845,2.766149105367793,0.5653946931111062,0.6376759259259264,0.5801456389223357,0.2762310895757088,0.2278014300636688,post_maintenance,60.73375118585271,True,0.2278014300636688
712400,514,508,4845,3.280023622047244,0.3685625355840777,0.3061250000000002,0.557649489091411,0.2287601591094186,1.4556387495458507,rolling_anchor,58.97778737641418,True,0.2287601591094186
667400,272,267,4521,1.8803670411985016,0.3037594519087749,0.3332727272727269,0.3879685384309042,0.2294857447472317,0.4529266521433786,rolling_anchor,40.8493931813746,True,0.2294857447472317
1209400,506,503,4845,2.58434393638171,0.6088090874634671,0.5410925925925922,0.4298968053883205,0.2296442822710273,1.0036709670904136,rolling_anchor,46.58153319757925,True,0.2296442822710273
301400,252,252,2627,2.4248412698412696,0.32974270816626,0.3833636363636361,0.2643301435406699,0.2296672321961347,0.3286335638046164,rolling_anchor,13.113491666228343,True,0.2296672321961347
565400,260,256,4521,2.285046875,0.2906653856611905,0.5460818713450295,0.2604150039904229,0.2300413130836039,0.5072472128369535,rolling_anchor,11.663571776354347,True,0.2300413130836039
527400,260,249,2627,2.0690361445783134,0.2639599850134516,0.3911304347826088,0.2755455938697317,0.2314339217142843,0.2994526783817023,rolling_anchor,16.00884686122103,True,0.2314339217142843
914400,514,396,4285,3.0588030303030305,0.2205868963157989,0.1399655172413791,0.288206837969845,0.2315306586903554,0.5355950669212381,rolling_anchor,19.66510568545898,True,0.2315306586903554
288400,251,244,2627,1.878483606557377,0.2194881713061499,0.2532467532467533,0.2913513513513512,0.2318308293617891,0.6797900204092157,rolling_anchor,20.429121647623344,True,0.2318308293617891
930400,513,479,4845,2.854482254697286,0.2636378887791484,0.4806874999999997,0.311784701492537,0.3676978805174631,0.2326734142983831,post_maintenance,25.37369114502479,True,0.2326734142983831
609400,260,251,2627,2.182788844621514,0.3098919024999843,0.5459999999999996,0.3006496240601503,0.2332687745496603,0.4442558666352718,rolling_anchor,22.41175245807368,True,0.2332687745496603
658400,272,262,2627,1.9657251908396949,0.2129613514640541,0.2318803418803416,0.2783385211316316,0.2336395207994608,0.265008188233339,rolling_anchor,16.05922175286394,True,0.2336395207994608
685400,272,265,2627,2.417811320754717,0.2797031067071978,0.2808547008547006,0.361264864864865,0.2349476837151837,0.3744096430221429,rolling_anchor,34.96525497903916,True,0.2349476837151837
508400,260,254,2627,2.493700787401575,0.2771104520007739,0.3365656565656567,0.3499009465111158,0.2380091724348444,0.3419335527398102,rolling_anchor,31.97812843661934,True,0.2380091724348444
936400,515,480,4845,2.83554375,0.2582913224786022,0.3410000000000002,0.2667287946428571,0.2384888453210873,0.2428901613632217,rolling_anchor,10.58751431752331,True,0.2384888453210873
680400,272,265,2627,2.0044528301886797,0.2771687598572814,0.2293999999999998,0.3835418918918916,0.2390423728504978,0.5726536452455206,rolling_anchor,37.67502901146548,True,0.2390423728504978
436400,260,249,2627,2.033092369477912,0.285020647777108,0.4803478260869565,0.3100183908045978,0.239360291398896,0.4529435822815699,rolling_anchor,22.791583177475744,True,0.239360291398896
670400,271,263,2619,2.0231178707224333,0.2450412283896651,0.2774545454545456,0.3037837094111172,0.2403478394819068,0.4317173230670754,rolling_anchor,20.88191959081033,True,0.2403478394819068
281400,252,247,2627,2.077004048582996,0.2397405694369412,0.2038333333333335,0.2737751937984496,0.2411178852856048,0.7326410785620383,rolling_anchor,11.92851260910322,True,0.2411178852856048
224400,253,250,2627,2.04464,0.2805890075620544,0.3006363636363638,0.3471664761904762,0.2419946269208377,0.4913522911825017,rolling_anchor,30.29435630528306,True,0.2419946269208377
1010400,511,509,4845,3.16875442043222,0.699600668298543,0.6154296296296295,1.1055940735844902,1.1163101268130589,0.2431014770923317,post_maintenance,78.01168775225406,True,0.2431014770923317
819400,513,446,4542,3.3580336322869955,0.2860864978631215,0.4149181141439202,0.3026404994259473,0.2448723372050046,0.3002934644979432,rolling_anchor,19.088047478945526,True,0.2448723372050046
1023400,508,472,4845,3.247510593220339,0.2679214240857726,0.2564009287925701,0.3547673922321809,0.2449099656473922,0.4762528324743248,rolling_anchor,30.96604394602631,True,0.2449099656473922
487400,260,252,2627,2.38734126984127,0.3057100587861031,0.4513043478260869,0.2732281698564592,0.2457037373762676,0.326859691473935,rolling_anchor,10.073790156648798,True,0.2457037373762676
883400,486,480,4845,3.6275041666666663,0.4987750422586293,0.8647941176470586,0.3837264384920635,0.2474250378532989,0.8968975982994318,rolling_anchor,35.520461184376714,True,0.2474250378532989
217400,253,249,2627,2.040200803212852,0.2387305975889113,0.2945909090909089,0.3222045977011494,0.2493695121991673,0.4600709989882403,rolling_anchor,22.60522848576416,True,0.2493695121991673
226400,253,251,2627,2.006852589641434,0.3174637840498769,0.2737142857142858,0.4227864661654136,0.2659055275249528,0.2495132437853003,post_maintenance,40.98362559986032,True,0.2495132437853003
631400,260,251,2627,2.0881274900398408,0.2744596139348645,0.3749999999999998,0.3468962406015035,0.2497118048745052,0.526333077753673,rolling_anchor,28.01541912316045,True,0.2497118048745052
406400,257,252,4521,2.3653968253968256,0.3677283572028094,0.3520000000000003,0.5092344497607658,0.2497126109026669,0.3198771335236015,rolling_anchor,50.963134756499706,True,0.2497126109026669
881400,512,457,4819,3.017371991247265,0.3519075485444455,0.5982517482517484,0.4233104356912454,0.2767576107856211,0.2507846164700402,post_maintenance,40.75633499076839,True,0.2507846164700402
892400,515,497,4845,3.1309154929577465,0.3719178619937044,0.5273809523809518,0.3500038424591737,0.2515264108163614,0.6779843329990797,rolling_anchor,28.136100149900276,True,0.2515264108163614
554400,259,253,4521,2.178861660079052,0.3099604183518473,0.3988636363636362,0.3701944692239073,0.2533252514507393,0.4328754923046682,rolling_anchor,31.56968228568569,True,0.2533252514507393
925400,498,427,4845,3.374185011709602,0.2518502441978632,0.1344047619047623,0.2934338223817697,0.2559528454753816,0.3813814832771248,rolling_anchor,12.77322995766446,True,0.2559528454753816
320400,250,239,2627,3.549037656903766,0.2769816201550755,0.5785,0.366195941450432,0.2917350131810628,0.2562903695198519,post_maintenance,30.012777174772925,True,0.2562903695198519
459400,256,232,4521,3.4078060344827588,0.4392807199947414,1.2604615384615383,0.3155846560846558,0.2567594505869213,0.3648451368644355,rolling_anchor,18.640071487491632,True,0.2567594505869213
895400,515,511,4845,2.627078277886497,0.4874662962082499,0.9056111111111114,0.4270874531630835,0.2577409727863182,1.3561421934000877,rolling_anchor,39.6514763247096,True,0.2577409727863182
1026400,510,509,4845,2.941001964636542,0.7616514938130357,0.7504588235294123,1.3076678049496944,1.129074119031975,0.2597603096367398,post_maintenance,80.13560411493555,True,0.2597603096367398
234400,253,250,2627,1.90212,0.2388491180741919,0.2215079365079364,0.3436380952380957,0.2608931723863893,0.4444446644498814,rolling_anchor,24.079089017873624,True,0.2608931723863893
723400,514,414,4819,3.0530241545893726,0.2683472406153894,0.2167247386759583,0.346983197231834,0.2609288287104895,0.4765049872616353,rolling_anchor,24.800730758108724,True,0.2609288287104895
1033400,511,510,4845,2.947072549019608,0.7441213147545737,1.02535935828877,1.0080494864612508,1.0217156630901598,0.2657215787975458,post_maintenance,73.64002637109026,True,0.2657215787975458
553400,260,252,4521,2.0855992063492064,0.2975927356875987,0.3512626262626259,0.3150986842105264,0.2666447979363288,0.4864933358231488,rolling_anchor,15.377368647412103,True,0.2666447979363288
686400,272,264,2627,2.8745454545454545,0.332578047414206,0.371602564102564,0.4705108695652171,0.2670609269965032,0.5040742326220372,rolling_anchor,43.240221582280334,True,0.2670609269965032
1243400,264,256,2625,4.217265625,0.6472011716751191,1.3643333333333325,0.4744235652615539,0.2679408229897377,0.3545559260283925,rolling_anchor,43.5228680426067,True,0.2679408229897377
214400,253,250,2627,2.2994,0.3605395889229404,0.3351739130434783,0.5125600000000001,0.3075180227247958,0.2727837370105105,post_maintenance,46.78013559183111,True,0.2727837370105105
25400,183,177,1866,3.892542372881356,0.413056483674692,0.4367499999999999,0.474417344173442,0.4478843069339905,0.2737289153183461,post_maintenance,42.30208514082619,True,0.2737289153183461
913400,514,477,4845,2.526649895178197,0.2719578197819198,0.3261933333333333,0.3070493827160495,0.2747372024022591,0.6519834219376851,rolling_anchor,10.523447410305245,True,0.2747372024022591
893400,515,507,4845,2.9199881656804734,0.5271635411038573,0.9358985507246382,0.5137552896864961,0.3288439540579781,0.2769657271452182,post_maintenance,46.08995124619965,True,0.2769657271452182
632400,260,253,2627,2.0800790513833998,0.2975855113798781,0.3179999999999998,0.4108296164139164,0.2788392004343163,0.5589722221355803,rolling_anchor,32.12777528838572,True,0.2788392004343163
861400,512,467,4838,3.1411905781584584,0.3572423289978059,0.4969571428571431,0.3146519166340338,0.2796141819336447,0.8513971132912488,rolling_anchor,11.135395288610606,True,0.2796141819336447
590400,260,253,2627,2.0204743083003955,0.2525217504619451,0.3219166666666666,0.316095747844187,0.2811059427554544,0.4346508251456221,rolling_anchor,11.069369115961702,True,0.2811059427554544
724400,513,421,4819,2.883503562945368,0.2969108381662894,0.2329816849816852,0.3575586533826126,0.3055666168130238,0.2811241282441141,post_maintenance,21.37677956201168,True,0.2811241282441141
262400,252,244,2627,2.015819672131148,0.2754998156405899,0.1985555555555556,0.3175961844197138,0.2840372099915443,0.2900443538810412,rolling_anchor,10.566554661066132,True,0.2840372099915443
928400,512,449,4759,3.251325167037862,0.4393120751669909,0.7582,0.4532721160651099,0.3065043801284761,0.2852810084246233,post_maintenance,37.06186674327781,True,0.2852810084246233
1212400,508,504,4845,2.975916666666667,0.5440913714415412,0.780553376906318,0.5210842553827749,0.286032013325393,1.0808896494190856,rolling_anchor,45.10829863487598,True,0.286032013325393
392400,259,253,2627,2.142806324110672,0.3204987897723815,0.3096086956521744,0.3688358608385372,0.2869710998194308,0.3389906303461805,rolling_anchor,22.19544510476539,True,0.2869710998194308
79400,183,182,1879,1.8902197802197804,0.2966385453172046,0.490192307692308,0.3449248389405871,0.3628727600834827,0.2883465194910077,post_maintenance,16.403086429888848,True,0.2883465194910077
820400,513,459,4819,3.0420588235294117,0.3538948645217353,0.4191418269230769,0.4532014989390038,0.2883679993502711,1.0287244979389367,rolling_anchor,36.37090785768067,True,0.2883679993502711
898400,514,497,4845,2.88533601609658,0.3655428874856609,0.4644640522875813,0.3410610566762727,0.3130725786416463,0.2892220634989219,post_maintenance,15.199329317317858,True,0.2892220634989219
215400,253,248,2627,1.9851209677419357,0.2781910651123997,0.2920394736842104,0.3469248554913294,0.2901862820638329,0.3536569148435988,rolling_anchor,16.354715590251082,True,0.2901862820638329
399400,258,251,2627,2.0312749003984063,0.21110558525887,0.284,0.3401353383458642,0.2911562100049786,0.5124629326940542,rolling_anchor,14.399894047786812,True,0.2911562100049786
618400,260,247,2627,2.191214574898785,0.2276410991684305,0.2448484848484851,0.3304472868217052,0.3417874398777188,0.2912966350671873,post_maintenance,11.847775217365289,True,0.2912966350671873
814400,513,496,4845,3.398745967741935,0.4220284302547685,0.6131224137931035,0.4475715142254799,0.426300268644509,0.2918481518620623,post_maintenance,34.79295652514794,True,0.2918481518620623
219400,253,248,2627,2.0012903225806453,0.2866869746682432,0.2552727272727273,0.3959953757225433,0.2922725444144997,0.6733092843804495,rolling_anchor,26.1929400359255,True,0.2922725444144997
1018400,505,503,4845,2.860934393638171,0.8911710533252529,0.7896708595387838,1.556933135159543,1.4047126568242132,0.294165880955919,post_maintenance,81.10606844231785,True,0.294165880955919
1011400,505,504,4845,3.0853690476190474,1.0035295696348447,0.5169444444444444,1.825474357057416,1.343337066390733,0.2954910794403222,post_maintenance,83.81291535003314,True,0.2954910794403222
989400,510,443,4838,3.0453340857787814,0.3190206186165706,0.5420430107526877,0.3516367935968955,0.2978294033508245,0.3312856530976893,rolling_anchor,15.30197954988576,True,0.2978294033508245
682400,273,271,2627,2.093985239852399,0.3709532062980621,0.4475652173913045,0.5234572202864887,0.2988723814946758,0.6598809480649354,rolling_anchor,42.90414385131556,True,0.2988723814946758
65400,183,182,1866,1.87021978021978,0.3014769464152125,0.3503571428571428,0.4126700071581962,0.4032758099181987,0.2989656091284042,post_maintenance,27.553346755875,True,0.2989656091284042
762400,514,441,4819,2.7767551020408163,0.3527568488833877,0.3830936454849505,0.4692113807245385,0.3608767176638487,0.2997100192251836,post_maintenance,36.12473364086296,True,0.2997100192251836
