mile,n_train,n_test,tqi_mean,tqi_std,Historical_Mean_MAE,Historical_Mean_RMSE,Historical_Mean_MAPE,Moving_Average_MAE,Moving_Average_RMSE,Moving_Average_MAPE,Holt_Winters_MAE,Holt_Winters_RMSE,Holt_Winters_MAPE,MLP_MAE,MLP_RMSE,MLP_MAPE,LSTM_MAE,LSTM_RMSE,LSTM_MAPE,Trident_v21_MAE,Trident_v21_RMSE,Trident_v21_MAPE,Trident_v23_no_seasonal_MAE,Trident_v23_no_seasonal_RMSE,Trident_v23_no_seasonal_MAPE,Trident_v23_full_MAE,Trident_v23_full_RMSE,Trident_v23_full_MAPE
1184400,312,67,2.5681278026905834,0.3057068791985524,0.11732898009950252,0.16125174499576997,4.809040469374154,0.16631840796019878,0.2054171018634444,6.858183358645707,0.11732898009950252,0.16125174499576997,4.809040469374154,0.11679281057584366,0.15821185175416558,4.7790276507995975,0.0924354579822341,0.1506302082159028,3.696805970871786,0.11732898009950252,0.16125174499576997,4.809040469374154,0.11732898009950252,0.16125174499576997,4.809040469374154,0.14503531798230293,0.18255940109774857,5.798535076934502
1188400,316,68,2.771336283185841,0.6257050779195179,0.8365949367088612,0.8551968640974997,39.152874507166594,0.124705882352941,0.1818532051829004,6.174149594641878,0.8365949367088612,0.8551968640974997,39.152874507166594,0.5749146055756587,0.6072371344268658,27.133737199433494,0.5698433592345786,0.6096560122474223,26.904666773559622,0.15186274509803924,0.21511244969334506,7.596765842625157,0.15186274509803924,0.21511244969334506,7.596765842625157,0.19304509331790648,0.24516235487279367,9.31591781514739
709400,312,68,4.03810514541387,0.8125918037934541,1.1992139894419311,1.2241116779467829,38.21079023290277,1.753627450980392,1.770746860633796,55.473080311453614,1.1992139894419311,1.2241116779467829,38.21079023290277,1.317896647350596,1.3433883787716345,41.92168126647232,1.379581123084268,1.4079429941375872,43.88270692167755,0.15782352941176458,0.26844519651022203,5.623427187246947,0.15782352941176458,0.26844519651022203,5.623427187246947,0.20612634738735058,0.29266574687120817,7.009672185232442
1157400,314,68,2.89032293986637,0.4607875056767126,0.3194923192206822,0.3632592101235184,12.517599379702329,0.9331372549019602,0.9530371128985955,35.663160583965784,0.3194923192206822,0.3632592101235184,12.517599379702329,1.3335018388787288,1.3722409407027505,50.71320884091899,0.4061505146806728,0.48567861381466026,15.751531254828244,0.3194923192206822,0.3632592101235184,12.517599379702329,0.8527863777089781,0.8745165567798728,32.64079812773555,0.8353564019160528,0.8630056491532204,31.82379549492716
1211400,314,68,2.763456570155902,0.42911812445887526,0.1774192581491193,0.27426785184053437,6.81964191239095,0.29911764705882343,0.34841922432947486,10.90867682606918,0.1774192581491193,0.27426785184053437,6.81964191239095,0.299859393377171,0.34888042704659616,10.932828697759117,0.1590898879880415,0.27349261354876303,6.3924037588712235,0.35995798319327726,0.39599541025872814,12.955818807149589,0.35995798319327726,0.39599541025872814,12.955818807149589,0.36692728102209304,0.43164819904715895,13.020285380595162
1235400,305,66,3.0515903890160185,0.34506634676375647,0.21919970193740673,0.28567914966911184,7.672902922937262,0.14292929292929296,0.22926044913014007,4.735263755320793,0.21919970193740673,0.28567914966911184,7.672902922937262,0.18749010885711911,0.2581974633221893,6.518010985862724,0.15311786267341992,0.2329519413000131,5.250651356549959,0.13696969696969713,0.22588090184471518,4.560567956701923,0.21919970193740673,0.28567914966911184,7.672902922937262,0.23558726387534798,0.29709362480886964,8.086313425230928
890400,309,67,2.698361990950226,0.3110507759493663,0.24334009563831333,0.3270160072437968,10.753735122988338,0.24664179104477582,0.3298999169807117,10.894551858712278,0.24334009563831333,0.3270160072437968,10.753735122988338,0.2372608087410542,0.33104792779938647,10.406689257502004,0.20696951760284926,0.29279774957275434,9.076381585424825,0.3274626865671644,0.37045611257378885,12.855919728992815,0.3274626865671644,0.37045611257378885,12.855919728992815,0.32591439052959337,0.3673996667710815,12.831059089399252
739400,313,68,3.5242656250000004,0.5153028244380982,0.49941947002443193,0.5878766964928636,18.588087276046103,1.1478431372549012,1.1920397057693661,40.40610087785008,0.49941947002443193,0.5878766964928636,18.588087276046103,2.6629322431432993,2.963923416212845,92.11366681452365,0.6272473748028281,0.7131751636450238,22.777654123787592,0.18700000000000006,0.32181214834671706,7.55395432965764,0.18700000000000006,0.32181214834671706,7.55395432965764,0.17979311240277585,0.29784530587388647,7.115618425784945
1144400,298,65,4.256112412177986,0.371913686425682,0.17210273618998428,0.22612940364922812,4.148420557019902,0.3224102564102568,0.3609827516773445,7.895741398973212,0.17210273618998428,0.22612940364922812,4.148420557019902,0.15756856698823818,0.2155981331340458,3.7719246275181453,0.19296045519021832,0.24445421385484664,4.687876573834278,0.17210273618998428,0.22612940364922812,4.148420557019902,0.17210273618998428,0.22612940364922812,4.148420557019902,0.19641685590783267,0.24137593216481493,4.6681043385409176
887400,313,68,3.239089285714286,0.4566667248695355,0.21755666228152593,0.28938458546943313,7.197703881172439,0.494509803921569,0.5640985636770262,16.533087322083592,0.21755666228152593,0.28938458546943313,7.197703881172439,0.3543891920095029,0.4398213728241543,11.659979204244122,0.2639143027645699,0.34552256550922056,8.895523997255887,0.397705882352941,0.45283603057644944,12.146290657606862,0.397705882352941,0.45283603057644944,12.146290657606862,0.39248191091313994,0.46810961955192104,11.938523017393972
886400,314,68,3.256140311804009,0.4011517296228035,0.22362382914949414,0.292874780508362,7.295568792565965,0.26213235294117626,0.3386177327817435,8.770074125030373,0.22362382914949414,0.292874780508362,7.295568792565965,0.24676780470033144,0.315207103663547,7.901445139955167,0.2509854839040953,0.3326309321051266,8.18230657347841,0.22362382914949414,0.292874780508362,7.295568792565965,0.22362382914949414,0.292874780508362,7.295568792565965,0.2265479772592662,0.2916956562988738,7.3539521566993535
901400,310,67,3.11613963963964,0.39374022713112433,0.2322412132883965,0.3306711745446643,8.502134256400911,0.23613184079602,0.3341294442117016,8.6547385603094,0.2322412132883965,0.3306711745446643,8.502134256400911,0.234406465226305,0.33095963335113493,8.357409662884972,0.25538754935584856,0.3435492410450182,8.909244867112523,0.2322412132883965,0.3306711745446643,8.502134256400911,0.2322412132883965,0.3306711745446643,8.502134256400911,0.23103853320271225,0.3241826837826803,8.384969198209392
898400,311,67,2.8581123595505615,0.4170081997973767,0.46116043576330573,0.5113850591614745,19.574039993124707,0.43120646766169124,0.47658528120929167,18.250207526359414,0.46116043576330573,0.5113850591614745,19.574039993124707,0.40150050550451466,0.4408096028582308,16.882011147279865,0.4664325863549962,0.518242324471189,19.809560237387373,0.22689552238805977,0.32129987852518493,8.736499517573195,0.22689552238805977,0.32129987852518493,8.736499517573195,0.21234406066751957,0.26034527433334514,8.372423522881867
1210400,315,68,3.1168935698447893,0.6404168900738757,0.8738586367880483,0.911738627784062,36.845195998042705,0.3150000000000001,0.38615420951921775,13.929535358376697,0.8738586367880483,0.911738627784062,36.845195998042705,0.9440114790860434,0.9954607934692419,39.77579229850336,1.1333471513802513,1.1960583140133987,47.45154431799035,0.8738586367880483,0.911738627784062,36.845195998042705,0.25488235294117634,0.33581194404711967,11.40352609987398,0.28096433373308377,0.3575400565411299,12.133487382985237
894400,312,67,3.357329596412556,0.42316106995101044,0.43804032721010333,0.5097507750787207,15.6125333167583,0.5795895522388056,0.6481664005761333,20.493816846053814,0.43804032721010333,0.5097507750787207,15.6125333167583,0.3781454936513933,0.4545590193688075,13.533718486035816,0.42337155537818755,0.49558701005889055,15.105124375039008,0.43804032721010333,0.5097507750787207,15.6125333167583,0.5568283582089548,0.626212480628997,19.71545960492253,0.5468079302106956,0.6165016241311934,19.204874017305343
831400,313,68,2.831924107142857,0.5552885648026109,0.7389708701371921,0.7945075876119184,34.86637018623049,0.26764705882352946,0.38825316853287495,14.002047182987804,0.7389708701371921,0.7945075876119184,34.86637018623049,0.5367800392259109,0.6239380887222756,25.94615569967616,0.5153883639416275,0.6025446083367613,24.976046617317795,0.24558823529411775,0.3722386348932491,13.010093681333345,0.24558823529411775,0.3722386348932491,13.010093681333345,0.2438722190361735,0.3753356369737087,12.811693966791712
897400,310,67,2.863367117117117,0.39404303359513043,0.27297664901299956,0.3573488223354673,11.259726000076261,0.4176492537313433,0.5182686906788571,17.21599303423859,0.27297664901299956,0.3573488223354673,11.259726000076261,0.25031354813001117,0.3296116996526064,10.037891636227258,0.2904807418673787,0.3798379763664902,11.962937152914785,0.27297664901299956,0.3573488223354673,11.259726000076261,0.3719925373134328,0.47280838866083963,15.421100247464423,0.36673554402774095,0.4503555043498257,14.982913359783323
930400,309,67,2.8106266968325793,0.3477281935793042,0.3413182147514851,0.42233860780900634,14.822750642308916,0.6791915422885578,0.7258890228877434,28.1786027644235,0.3413182147514851,0.42233860780900634,14.822750642308916,0.30243089552618,0.4181268853095655,13.373391165044254,0.27861848972626585,0.38932211060622846,12.330628318816697,0.3413182147514851,0.42233860780900634,14.822750642308916,0.5333582089552233,0.5916795598062661,22.428473204112628,0.5248878986129241,0.5996893010993588,21.9271503265544
960400,311,67,3.197748314606742,0.48654073515199436,0.5946996208667269,0.7206550743492601,25.984602007395026,1.1065174129353232,1.179006735458025,45.147768926781964,0.5946996208667269,0.7206550743492601,25.984602007395026,0.8228782246802223,0.9602479239863768,34.86205239247806,0.7113473100448724,0.8594598780860663,30.604346101073567,0.5946996208667269,0.7206550743492601,25.984602007395026,0.9998507462686574,1.0795265684272435,41.1540212108097,0.9925059435381401,1.075327053338863,40.7189180001038
746400,310,67,2.5851873589164787,0.3066558547191079,0.4260866634569093,0.4637881758812129,19.591183479128855,0.48843283582089564,0.5230803568300885,22.365848077008195,0.4260866634569093,0.4637881758812129,19.591183479128855,0.40139993490356424,0.4412746094051222,18.494774911194494,0.3917940573905833,0.4320466503653599,18.064957215047613,0.4260866634569093,0.4637881758812129,19.591183479128855,0.5029850746268655,0.5370844454017796,23.013483373672113,0.5032209145276878,0.539871523749323,23.01266435416838
910400,310,67,2.9912437923250565,0.36040678899405676,0.2436434761675495,0.32248942028991,8.343085399045929,0.25945273631840776,0.3633552414774293,9.600726367933959,0.2436434761675495,0.32248942028991,8.343085399045929,0.27589378949638466,0.3579463526143499,9.7317464327644,0.22686630213438586,0.3101575756622519,8.008203234125956,0.2436434761675495,0.32248942028991,8.343085399045929,0.2436434761675495,0.32248942028991,8.343085399045929,0.26774938578739277,0.35430886581238796,9.183849189037725
770400,312,67,3.0431883408071747,0.3817195340171558,0.31867288557213924,0.39420180954168244,11.497994406103254,0.4161940298507461,0.48149448625971547,15.180278016350421,0.31867288557213924,0.39420180954168244,11.497994406103254,0.29899809330053234,0.3746216308433927,10.723360321013645,0.3172954152991522,0.38999014396049203,11.398531957298017,0.24677611940298505,0.344715933236144,8.353862706035585,0.24677611940298505,0.344715933236144,8.353862706035585,0.21507379316322464,0.3101211395575869,7.438601059489959
846400,311,67,3.2188898876404495,0.5933056760518541,0.5491029418822282,0.6288181307236841,22.255385552913488,1.1417412935323383,1.1904124318391842,44.685540105092805,0.5491029418822282,0.6288181307236841,22.255385552913488,2.0291744546417707,2.2029171832135512,77.79962480348902,0.8934861331288493,0.9552014336183472,35.28532567082905,0.29253731343283573,0.4051754733187887,12.300614699416212,0.29253731343283573,0.4051754733187887,12.300614699416212,0.2806050619905797,0.39249913731648034,11.714809274501297
952400,312,67,3.2399147982062786,0.6051752662135993,0.8416106965174132,0.9006343637529017,34.146235408073615,0.4047885572139304,0.5084839410689795,17.294136017113168,0.8416106965174132,0.9006343637529017,34.146235408073615,0.7302828032244324,0.7992629336267632,29.889129379256403,0.8352296194923455,0.8972693600911433,33.846434620099245,0.22791044776119393,0.3508348252766046,10.098009071565013,0.22791044776119393,0.3508348252766046,10.098009071565013,0.251876118985197,0.36557331586084213,10.61834161474173
1023400,310,67,3.1760382882882885,0.3792314383829636,0.27993177660086627,0.37566069957401116,10.522516019894281,0.15287313432835825,0.2651376211065425,5.914467355485626,0.27993177660086627,0.37566069957401116,10.522516019894281,0.2163825842571723,0.3225759332241325,8.308993852525097,0.2853747263524067,0.3830747154766025,10.710976050557033,0.27993177660086627,0.37566069957401116,10.522516019894281,0.27993177660086627,0.37566069957401116,10.522516019894281,0.28041986360412613,0.37441324139904136,10.430246641474014
1213400,315,68,2.515375555555556,0.40444552913601284,0.3065162464985991,0.3695753205094711,14.582582874518089,0.19313725490196082,0.2618473835797901,9.358918847514834,0.3065162464985991,0.3695753205094711,14.582582874518089,0.2246240302581668,0.29402074954356483,10.859742665699104,0.173497794235454,0.2455190341807286,8.423571414947773,0.14957983193277297,0.22525509082455142,7.188286217866794,0.3065162464985991,0.3695753205094711,14.582582874518089,0.2971914414419563,0.35649747135157306,13.889547715348582
880400,308,67,3.330310657596372,0.5139406148041312,0.3049304613297149,0.4459217978338246,11.617968523629527,0.9093781094527356,0.9872434066363425,31.794149889676248,0.3049304613297149,0.4459217978338246,11.617968523629527,1.2201347148858537,1.3118122300099908,41.68136378905523,0.4877951624429052,0.6366451876826228,17.92404588940776,0.3297611940298509,0.41435747779301046,11.247479973500788,0.3297611940298509,0.41435747779301046,11.247479973500788,0.32347400010032423,0.4017654905205134,11.140315951212628
1233400,308,66,3.137177272727273,0.4338684866629478,0.43183844942935873,0.539641699267742,17.302946413164303,0.4930303030303024,0.5978065968795649,19.61823657584691,0.43183844942935873,0.539641699267742,17.302946413164303,0.34934604551958887,0.46252575815527863,14.11733347799575,0.4464809050794805,0.5552799463397969,17.874049398179192,0.43183844942935873,0.539641699267742,17.302946413164303,0.5524374176548091,0.6533654113680821,21.835625933952194,0.5518807477081282,0.6271736065286351,21.31452548292635
888400,310,67,2.6817923250564335,0.37367145929074286,0.31904419836302356,0.37003540955659625,13.882138814972231,0.3916044776119403,0.46491403073057413,17.276088218037692,0.31904419836302356,0.37003540955659625,13.882138814972231,0.2784666651342706,0.3210890862826448,11.79685330601039,0.3118176108153899,0.3569707096212144,13.467608945739784,0.31904419836302356,0.37003540955659625,13.882138814972231,0.45584932480454865,0.5385405130391951,20.09448533216276,0.4476844177814523,0.4944554353315043,19.136355410404533
1191400,315,68,2.26659866962306,0.4739875721746341,0.3172313725490193,0.35628438094689074,16.1376623540638,0.14610294117647069,0.19077338727956175,7.076508038922243,0.3172313725490193,0.35628438094689074,16.1376623540638,0.1500020845720209,0.19508323522208312,7.3487595934096035,0.15604206187321862,0.19763703372230856,7.730978388023364,0.14524509803921573,0.19389918881943935,6.9351864121036195,0.3172313725490193,0.35628438094689074,16.1376623540638,0.30237223324597456,0.34337065847144843,15.228026417296068
830400,310,67,3.160133182844244,0.33028475011548913,0.30215392392874346,0.34969082436659155,10.160930498120733,0.31175373134328366,0.36479728974273995,10.615750923896636,0.30215392392874346,0.34969082436659155,10.160930498120733,0.2864199727011229,0.3390228580144863,9.422673329147003,0.29034391559771633,0.33901524452185056,9.613200231682747,0.30215392392874346,0.34969082436659155,10.160930498120733,0.30215392392874346,0.34969082436659155,10.160930498120733,0.2746264416768696,0.33712582648188416,9.22889759763173
1025400,312,68,3.059111856823266,0.8566136248380618,1.394954939668175,1.4155302330922035,70.45551991638493,0.3336764705882354,0.3993432107849088,18.0280086619632,1.394954939668175,1.4155302330922035,70.45551991638493,1.066683870364155,1.1126350789459012,54.443866756635195,0.7781962910049103,0.852840954927364,40.281147783591535,1.394954939668175,1.4155302330922035,70.45551991638493,0.34888235294117664,0.4142628641191911,18.805276878563877,0.37860053950616224,0.4588345181661744,19.70134356395832
749400,312,67,2.7083430493273544,0.4477715722654885,0.7379695273631842,0.7696028307243323,35.17204858494543,1.1544776119402982,1.173439261952887,54.73679742630622,0.7379695273631842,0.7696028307243323,35.17204858494543,2.1655957700275352,2.368382058214573,102.16425188416795,0.8665210953043468,0.9017490438317527,41.171596945032114,0.7379695273631842,0.7696028307243323,35.17204858494543,1.1262970859985781,1.1455315604241738,53.413065828570275,1.11771911612671,1.141556158056502,53.062015907365435
848400,310,67,2.946522522522522,0.4896611413535243,0.563878478574868,0.6498129410278797,25.249698505797852,0.5841417910447766,0.6715699271715947,26.143470875901237,0.563878478574868,0.6498129410278797,25.249698505797852,0.5084324714109884,0.5886645407497942,22.752825841738353,0.5078615598589629,0.5895667296725351,22.75704745331402,0.3169253731343283,0.38554810761250286,13.378212112181567,0.3169253731343283,0.38554810761250286,13.378212112181567,0.22009187789309895,0.29162172446369977,9.48001824012081
896400,312,68,2.9727964205816555,0.4705185920428767,0.4603817873303169,0.5466093177941246,19.29245012123408,0.44139705882352964,0.5251375870132683,18.47241264640378,0.4603817873303169,0.5466093177941246,19.29245012123408,0.40706286966047744,0.48442255351380825,16.795576969847424,0.4475118180776344,0.5279455969749914,18.709934820086623,0.3177058823529413,0.39046668909667265,11.876646111463401,0.3177058823529413,0.39046668909667265,11.876646111463401,0.1972487606967495,0.2611709792139693,7.526481015451725
773400,312,68,3.428706935123042,0.5529458301230338,0.333870286576169,0.40074905636113917,10.111563773253081,0.47490196078431396,0.5582933845819545,15.071283439024509,0.333870286576169,0.40074905636113917,10.111563773253081,0.33538704297396654,0.39976515915810357,10.063619417170576,0.31472897217203577,0.3863406661927842,9.396082925983578,0.333870286576169,0.40074905636113917,10.111563773253081,0.6510216718266262,0.7499444550612012,20.643531056940127,0.645959831210902,0.7664946672563784,19.89050811587188
734400,309,67,3.364710407239819,0.382964054404945,0.2929915471187749,0.3939142403534945,8.722447283446925,0.3103731343283583,0.4295272479324425,10.031279878487688,0.2929915471187749,0.3939142403534945,8.722447283446925,0.27710956776919055,0.3818538506554046,8.290828081686035,0.281277007378749,0.38322970224161934,8.411697216910738,0.34922388059701437,0.44309811588237097,10.138092783137479,0.2929915471187749,0.3939142403534945,8.722447283446925,0.2512567952094731,0.3456161861153108,7.480992198680777
1063400,314,68,3.171175946547884,0.733965715887814,0.5627718246534286,0.6260077848939817,21.442759200396768,0.5641176470588237,0.6275136381092223,21.495507878267304,0.5627718246534286,0.6260077848939817,21.442759200396768,0.3802787659417707,0.4377123309492535,14.156176510668395,0.5050753102232427,0.5600271701302313,19.145262590104437,0.3123529411764706,0.38461592760142665,10.902241035789327,0.3123529411764706,0.38461592760142665,10.902241035789327,0.3387908010134703,0.44781391529310294,12.601942283866762
811400,311,67,3.136512359550562,0.3859570448897787,0.25875058789653027,0.3516820179977782,8.397666039218944,0.28354477611940293,0.3741561400861665,9.869614175745768,0.25875058789653027,0.3516820179977782,8.397666039218944,0.29898871116581915,0.38527788349298503,9.508156261384508,0.24986800239157317,0.34300968292464395,8.17679282723378,0.25875058789653027,0.3516820179977782,8.397666039218944,0.25875058789653027,0.3516820179977782,8.397666039218944,0.22145468479796843,0.32031517584486785,7.420368364635616
936400,310,67,2.7850812641083524,0.3457404509810101,0.3045241694752047,0.3819604496345567,13.0296180126203,0.5370895522388061,0.6163096653861796,22.622326376630845,0.3045241694752047,0.3819604496345567,13.0296180126203,0.290303396117915,0.378833797270391,12.392993260631672,0.34601075346790144,0.4378805729630788,14.887316453764338,0.24623880597014922,0.31384405291838624,10.184160235453266,0.3045241694752047,0.3819604496345567,13.0296180126203,0.3058109776435062,0.38796189750570786,13.015912031750798
973400,310,67,2.8916621621621625,0.5401689713988871,0.8426285989407801,0.8860158404829553,39.792306761373986,1.2532587064676617,1.2828322178565728,58.14536829857351,0.8426285989407801,0.8860158404829553,39.792306761373986,1.019931087575167,1.0730957088415438,47.952041872017354,1.3666344727686983,1.3929025738743335,63.18196980152664,0.3669253731343285,0.45785952352613807,18.530810303522134,0.3669253731343285,0.45785952352613807,18.530810303522134,0.3644669350260228,0.46151897237570944,18.359971839527848
1209400,313,68,2.5849375,0.6150348351386322,0.32294136440518706,0.3853650719940331,14.644995488183996,0.17473039215686276,0.24129594621570152,7.536945353069003,0.32294136440518706,0.3853650719940331,14.644995488183996,0.15343769507982463,0.22448494183190923,6.82286446762856,0.18837135937415517,0.2556151701314285,8.651157227873869,0.1631372549019609,0.2320229310281116,7.491792665710893,0.32294136440518706,0.3853650719940331,14.644995488183996,0.30882554646705407,0.3655906438764137,13.768063333922237
891400,311,67,3.0988674157303366,0.44545345147036974,0.5252721600998225,0.6077449818550246,21.25970243364273,0.4741915422885571,0.5462604192948867,19.10052588588752,0.5252721600998225,0.6077449818550246,21.25970243364273,0.472104919181492,0.5523090058747406,18.985925169511123,0.44378508829358826,0.5075018171771288,17.769206714027224,0.5252721600998225,0.6077449818550246,21.25970243364273,0.6115849324804549,0.7064764963074421,24.784147099914716,0.5915564105269763,0.6404572847045717,23.156709568762786
885400,313,68,3.3824776785714286,0.5052692767289855,0.2957996617177222,0.36662369541992484,8.368011041537576,0.41213235294117634,0.49465794116557943,12.76899847340286,0.2957996617177222,0.36662369541992484,8.368011041537576,0.2342667150717591,0.3027451695591401,6.908397432343986,0.3500186055951262,0.4330540868093173,10.862154227246386,0.7000588235294115,0.7734343578367544,19.521241678501426,0.7000588235294115,0.7734343578367544,19.521241678501426,0.7066748647602353,0.7873479776818733,19.78747785086778
854400,311,67,3.0530606741573036,0.7228019387818158,0.8938985458559292,0.9690988740366754,41.55422691387547,0.29616915422885576,0.39396841384952563,14.085407039731896,0.8938985458559292,0.9690988740366754,41.55422691387547,0.5894887674447247,0.7043316491723114,28.30943731011032,0.8944617936224188,1.0173498016251,41.24526949713659,0.31604477611940307,0.40496887868470954,14.749121106698986,0.31604477611940307,0.40496887868470954,14.749121106698986,0.3218105180292719,0.4059923635969812,15.038871463792189
747400,311,67,2.8760426966292134,0.4763784507648012,0.7926949656860388,0.8382971095203513,36.39289914106766,1.0020522388059707,1.0396606704600757,45.73490866046939,0.7926949656860388,0.8382971095203513,36.39289914106766,0.7730475956960318,0.8252228054050953,35.55342901737756,0.8334486959763426,0.8793086543704409,38.234337801133556,0.7926949656860388,0.8382971095203513,36.39289914106766,1.085485074626865,1.1214053067202316,49.457876269160835,1.0868086352180224,1.1151220486535103,49.27114841172944
1207400,315,68,2.514528888888889,0.7732877372319623,0.9659404295051359,0.9900730443132717,54.882422523011975,0.5539705882352943,0.5950522097706565,32.21140794685472,0.9659404295051359,0.9900730443132717,54.882422523011975,0.5764092066569099,0.6137653474782366,33.399635553270784,0.6597466023288225,0.6970973134791438,38.07352408958577,0.36470588235294155,0.41178453500340945,21.602478293697626,0.36470588235294155,0.41178453500340945,21.602478293697626,0.3583305859276083,0.41031134909969885,20.928244985574555
884400,308,67,3.8296439909297053,0.7381607503952214,1.1245256348129484,1.181537300154426,40.46488374281345,1.609689054726368,1.650021618407048,56.969695954560486,1.1245256348129484,1.181537300154426,40.46488374281345,1.1530746963257061,1.2453914415571528,41.77924774648236,1.2301598067337012,1.2979871596911958,44.2467806517204,0.3544776119402986,0.5008574736940878,14.22353778799236,0.3544776119402986,0.5008574736940878,14.22353778799236,0.35638580035646616,0.5121742699306703,14.226220557426771
832400,310,67,3.425155405405405,0.3991979381877293,0.3106431872893597,0.42027645427106836,9.031939979223273,0.3436567164179104,0.44515090515263345,10.61665520893285,0.3106431872893597,0.42027645427106836,9.031939979223273,0.33733517482634506,0.4457473214716034,9.610230624542128,0.3227795493068979,0.43455288629768785,9.212057446647519,0.3234925373134328,0.4349261731827633,9.253584539351955,0.3106431872893597,0.42027645427106836,9.031939979223273,0.252654824166578,0.3753854629023926,7.51618905789315
855400,312,67,2.905139013452915,0.6823375311929795,0.9612411021814005,1.0187402213142265,47.29687905325267,0.2659203980099502,0.3568507452629085,12.645454634602912,0.9612411021814005,1.0187402213142265,47.29687905325267,0.3962558729328046,0.4836434554397286,20.135212997964665,0.627802382114441,0.7286099536210073,31.3274309176421,0.30791044776119403,0.39768880389439165,16.256747000165415,0.30791044776119403,0.39768880389439165,16.256747000165415,0.26579614692092757,0.37929284729922635,14.298898811309657
902400,310,67,2.996707207207207,0.40183329859239575,0.40888675974963906,0.4767955870633389,16.359722616916585,0.30807213930348276,0.3779845714251963,12.355992484708509,0.40888675974963906,0.4767955870633389,16.359722616916585,0.31581732606001234,0.394777897624086,12.696029720679489,0.31790876686573033,0.386443008341901,12.748997731847833,0.22955223880597003,0.29728040936302,8.932497089129097,0.22955223880597003,0.29728040936302,8.932497089129097,0.17384195328764987,0.2654334191326142,6.922617557939395
899400,311,67,2.9985955056179776,0.48608026621637324,0.5073069539761004,0.6053689259952901,21.79723772052802,0.4826492537313434,0.5740923599282842,20.69384024994868,0.5073069539761004,0.6053689259952901,21.79723772052802,0.43574738021192355,0.5054892027729886,18.415600226732952,0.4321142869209177,0.5057595388633584,18.35046963315215,0.35549253731343283,0.3981439775579579,13.942829102557432,0.35549253731343283,0.3981439775579579,13.942829102557432,0.16222737766969733,0.21995608294224897,6.449027652963421
971400,311,67,2.6255528089887643,0.3809275427335726,0.46108811249220144,0.5499279428862877,22.798513463085396,0.7315920398009949,0.7954392176163153,34.8936406756567,0.46108811249220144,0.5499279428862877,22.798513463085396,0.5145066924557697,0.6261728635477518,25.416112011143177,0.475712424151933,0.5828454070127084,23.61177315139478,0.41089552238805965,0.5071827366523913,20.541772896323934,0.41089552238805965,0.5071827366523913,20.541772896323934,0.4122140640652208,0.5068719017462269,20.450576973968175
943400,310,67,3.354121621621622,0.5139909517618724,0.4905247953779488,0.5802021152502145,17.94170468989463,0.9635572139303488,1.0117566575005494,34.95947443732427,0.4905247953779488,0.5802021152502145,17.94170468989463,0.6193965037210738,0.7191259350012161,22.909772352523277,0.5051154646499831,0.5877717081612039,18.67367238263616,0.4905247953779488,0.5802021152502145,17.94170468989463,0.8184446190102121,0.8702661918736343,29.754297157156408,0.781536781202385,0.8291140916466305,28.180556178926242
755400,312,67,2.616632286995516,0.44784939707542903,0.556604764638347,0.6190363940487612,27.33590707272259,0.8118034825870648,0.8558166202401484,39.14989353748325,0.556604764638347,0.6190363940487612,27.33590707272259,0.5251785488861747,0.5914006464551366,25.87543785376945,0.7578196356007417,0.8054402711736187,36.660339642704656,0.22226865671641793,0.2725784017023852,10.126196780469229,0.22226865671641793,0.2725784017023852,10.126196780469229,0.14500681525286443,0.20997120810202624,6.7867601360966825
892400,312,68,3.0691834451901565,0.43091121243112995,0.41370710784313713,0.4789122113163075,15.957252878795897,0.3147058823529415,0.3852043002630898,11.879428339198311,0.41370710784313713,0.4789122113163075,15.957252878795897,0.38586975682654107,0.4632949063468026,14.77476032288132,0.3911433210101201,0.4532624814589561,15.048316133223306,0.2786470588235292,0.3901170261827174,9.649474060621255,0.41370710784313713,0.4789122113163075,15.957252878795897,0.3371318612663769,0.41590334829057674,12.930975475257348
750400,312,67,2.606132286995516,0.43590533245800017,0.7943874378109451,0.8209217748494504,40.7915996586444,1.1724502487562185,1.194387037746551,59.895104246491385,0.7943874378109451,0.8209217748494504,40.7915996586444,1.57849642421258,1.6365596511625076,80.57648645235214,0.8068693303350194,0.8393568847261946,41.2856770889038,0.7943874378109451,0.8209217748494504,40.7915996586444,1.121679104477612,1.1436038920624128,57.329639568197464,1.1127373044994313,1.134229819846228,56.818122619930314
976400,312,67,2.420282511210762,0.3918849074437787,0.5970504209720627,0.6543563872935886,33.70932133801018,0.9302363184079602,0.9680148162575793,50.99254612363988,0.5970504209720627,0.6543563872935886,33.70932133801018,0.6334597517924118,0.7091135720360109,35.76330245510972,0.6686398171577883,0.725072050316696,37.480650650129576,0.4454029850746269,0.5197084716669415,25.84297182276995,0.4454029850746269,0.5197084716669415,25.84297182276995,0.43996610628250254,0.5214367012129969,25.30752648498974
906400,310,67,3.148182432432433,0.4535982755006737,0.5566762156957149,0.6714202598670469,23.495296177717048,0.8368781094527362,0.9367587008395881,34.50781015882038,0.5566762156957149,0.6714202598670469,23.495296177717048,0.5039438490802404,0.6148099897080839,21.279625902805044,0.4702031382073216,0.5696777041740436,19.769479290171375,0.4395223880597016,0.5460824933581362,18.558991881361596,0.4395223880597016,0.5460824933581362,18.558991881361596,0.42438002986813284,0.5088237922423681,17.640218486379325
850400,308,66,2.602863636363636,0.3737247224238127,0.48810999606454164,0.5704225682581763,22.49537096048564,0.46398989898989895,0.5498188406882376,21.107860307063092,0.48810999606454164,0.5704225682581763,22.49537096048564,0.47699732589163485,0.5686505389949493,21.760470748313097,0.5233274003592404,0.6058407302224699,24.486600326233013,0.48810999606454164,0.5704225682581763,22.49537096048564,0.5701212121212124,0.6534878914275494,26.969173727443646,0.5110439911272132,0.6299696086274883,24.796324289146565
1189400,315,68,2.8453333333333335,0.621757327033125,0.3721568627450981,0.43266617991117035,15.102609955905933,0.19117647058823528,0.24271686953767743,7.519243942746654,0.3721568627450981,0.43266617991117035,15.102609955905933,0.22532362252837237,0.2687658335571318,8.473625228641657,0.21244527865858642,0.27848598419808923,8.648599287536053,0.25205882352941184,0.2973128565005605,9.36191478562394,0.3721568627450981,0.43266617991117035,15.102609955905933,0.3433615180201595,0.3836801177450709,13.672515322660574
1180400,315,68,2.5582039911308203,0.5832445708330749,0.6842913165266103,0.7177396161120608,34.46954894475635,0.5068627450980392,0.5460353615042454,25.759648486681723,0.6842913165266103,0.7177396161120608,34.46954894475635,0.5330766747847141,0.5707828649963077,27.042097344032467,0.5608761897332528,0.5977774150064423,28.41315478060306,0.412294117647059,0.4552716060706156,21.08339719725807,0.6842913165266103,0.7177396161120608,34.46954894475635,0.6754615374851103,0.7259825769461938,33.93810133532407
937400,310,67,3.1065033860045146,0.4286300304957735,0.4765374578719308,0.5800518161381443,20.31843718667076,0.916218905472637,0.9775564350705935,36.97872664457444,0.4765374578719308,0.5800518161381443,20.31843718667076,0.399508943924277,0.5392602770764892,17.506653580153138,0.4577838798423309,0.5869953029707229,19.759058472032333,0.42217910447761225,0.534354513659852,18.239558798126833,0.42217910447761225,0.534354513659852,18.239558798126833,0.4138062242062358,0.5525876884621342,17.797126839766328
893400,312,68,2.879046979865772,0.5512025622256187,0.5770625942684766,0.6496764353347955,25.638806708743626,0.4907352941176471,0.5493003571389166,21.342907944805912,0.5770625942684766,0.6496764353347955,25.638806708743626,0.5218932251656916,0.6060004042640301,22.593022069568384,0.4784525113465154,0.5370637001745434,20.739294489905568,0.39641176470588224,0.4663987185937396,16.113675760496616,0.39641176470588224,0.4663987185937396,16.113675760496616,0.1934111016542893,0.25357890501549957,8.016338138703356
1156400,315,68,2.670585365853659,0.5100315185541959,0.6026718954248363,0.6295867720182522,28.76753693275549,1.1669607843137255,1.1810857556043524,55.024194286029896,0.6026718954248363,0.6295867720182522,28.76753693275549,1.0448540412316378,1.072680259547656,49.49547841290846,0.9937558134776701,1.0191585672917167,47.094615848856705,0.6026718954248363,0.6295867720182522,28.76753693275549,1.142294117647059,1.1567203383603446,53.876441375301155,1.1277475385923266,1.145278034621883,53.11438445481321
913400,311,67,2.51798202247191,0.356878496042199,0.4134520324422901,0.4889594908085243,15.768735819935817,0.3569651741293532,0.45238908831946206,14.537940951497447,0.4134520324422901,0.4889594908085243,15.768735819935817,0.43769212161287313,0.5214509423875503,16.294991140360583,0.4115045691604045,0.49648167994951825,15.58670877839417,0.4134520324422901,0.4889594908085243,15.768735819935817,0.4134520324422901,0.4889594908085243,15.768735819935817,0.4598813909105392,0.500685046409683,17.70005648506553
915400,308,66,2.8463909090909087,0.38224734315917336,0.7265541125541128,0.7741118176343509,34.53852700558816,0.7454545454545456,0.7918779622332643,35.40115863642714,0.7265541125541128,0.7741118176343509,34.53852700558816,0.646538464709707,0.6977736598074072,30.85943696226165,0.7753754330837364,0.8203491753382007,36.771434455474136,0.7265541125541128,0.7741118176343509,34.53852700558816,0.7632878787878784,0.8086882054514973,36.21508694683511,0.7629896130272684,0.7948577372100903,35.85901546917366
1009400,312,67,3.729237668161435,0.5664998533418593,0.7255506123229999,0.8040703540160752,25.364517947693287,0.8876990049751236,0.9572949544251375,30.875111178628174,0.7255506123229999,0.8040703540160752,25.364517947693287,0.5357727741119221,0.6616191722474283,19.164054621730948,0.7683211306013276,0.8440386402819562,26.848663691235004,0.40940298507462736,0.5590355767922138,14.596363490445741,0.40940298507462736,0.5590355767922138,14.596363490445741,0.4112632340878199,0.5408836870308864,14.474538627443302
745400,311,67,3.2532134831460677,0.433450431300249,0.25177088832365496,0.36662055910340324,9.123744955014132,0.8424004975124375,0.9184972844862543,28.673462097987468,0.25177088832365496,0.36662055910340324,9.123744955014132,0.544799338946674,0.6792203232713047,18.926535995297563,0.2994925655090986,0.41982551889180275,10.851540965856326,0.25177088832365496,0.36662055910340324,9.123744955014132,0.6813290689410089,0.773439049688754,23.563385671050057,0.6747208575570365,0.7326318954599061,22.75456981392804
853400,312,67,3.2855224215246635,0.8987202302747693,1.3426909203980093,1.438952590283769,66.20394477536205,0.3805348258706468,0.5443643405298187,16.127373374443977,1.3426909203980093,1.438952590283769,66.20394477536205,0.9730429822554032,1.18262404611392,47.87366330647878,0.753408969137206,0.8775892402164739,37.88001048154362,0.39651741293532333,0.5805441491575479,16.176215379719945,0.39651741293532333,0.5805441491575479,16.176215379719945,0.35265274124306106,0.4249556266962072,15.694713337004504
934400,312,68,2.781950782997763,0.41869837521874925,0.58458371040724,0.6512073567059496,27.206986523058625,0.986176470588236,1.0334493925968629,44.57466216194214,0.58458371040724,0.6512073567059496,27.206986523058625,0.5329581178889536,0.6341590762788435,25.093429005776674,0.7656984853744507,0.8352756560072415,35.21583207113926,0.44994117647058823,0.5296464969814356,21.33749602013221,0.44994117647058823,0.5296464969814356,21.33749602013221,0.4532217523856798,0.5411832227403606,21.24906343064488
777400,314,68,3.291581291759466,0.7898139463365988,0.511116523042338,0.6246923164151482,17.391692545947052,1.6651470588235298,1.7630156965850385,59.482840855273366,0.511116523042338,0.6246923164151482,17.391692545947052,0.4812361702107201,0.625491187001971,15.892094671487966,0.533623156880631,0.6496640401562972,18.391274947778275,0.511116523042338,0.6246923164151482,17.391692545947052,1.7814558823529405,1.8762749116581086,63.45578319393241,1.7717547744324216,1.8405037300066314,61.353444571638335
