日期,TQI值,检测日期,年份,月份,距2021年,是否异常,年月,TQI左高低,TQI右高低,TQI左轨向,TQI右轨向,TQI轨距,TQI三角坑,TQI水平,plane,elevation
2012-12-12,2.225,2012-12-12,2012,12,-9,False,2012-12,0.385,0.341,0.314,0.322,0.231,0.338,0.292,0.867,1.356
2012-12-20,2.183,2012-12-20,2012,12,-9,False,2012-12,0.39,0.32,0.305,0.314,0.227,0.338,0.29,0.846,1.338
2012-12-28,2.288,2012-12-28,2012,12,-9,False,2012-12,0.392,0.341,0.334,0.334,0.241,0.343,0.304,0.909,1.3800000000000001
2013-01-10,2.274,2013-01-10,2013,1,-8,False,2013-01,0.406,0.315,0.347,0.35,0.212,0.341,0.304,0.9089999999999999,1.366
2013-01-18,2.34,2013-01-18,2013,1,-8,False,2013-01,0.42,0.363,0.346,0.353,0.212,0.341,0.306,0.9109999999999999,1.43
2013-01-30,2.334,2013-01-30,2013,1,-8,False,2013-01,0.406,0.32,0.355,0.364,0.227,0.355,0.308,0.946,1.389
2013-03-01,2.011,2013-03-01,2013,3,-8,False,2013-03,0.309,0.371,0.344,0.342,0.0,0.331,0.313,0.6859999999999999,1.3239999999999998
2013-03-20,2.744,2013-03-20,2013,3,-8,False,2013-03,0.523,0.522,0.319,0.354,0.242,0.371,0.413,0.915,1.829
2013-03-29,2.532,2013-03-29,2013,3,-8,False,2013-03,0.517,0.456,0.345,0.346,0.243,0.334,0.291,0.9339999999999999,1.598
2013-04-06,2.527,2013-04-06,2013,4,-8,False,2013-04,0.525,0.449,0.341,0.341,0.247,0.32,0.304,0.929,1.598
2013-04-19,3.056,2013-04-19,2013,4,-8,False,2013-04,0.581,0.527,0.432,0.47,0.245,0.434,0.369,1.1469999999999998,1.911
2013-04-25,2.961,2013-04-25,2013,4,-8,False,2013-04,0.554,0.515,0.437,0.463,0.258,0.399,0.335,1.158,1.803
2013-05-04,2.743,2013-05-04,2013,5,-8,False,2013-05,0.562,0.462,0.365,0.375,0.251,0.406,0.323,0.991,1.7530000000000001
2013-05-15,2.729,2013-05-15,2013,5,-8,False,2013-05,0.563,0.508,0.36,0.377,0.245,0.374,0.302,0.982,1.7469999999999999
2013-05-31,2.681,2013-05-31,2013,5,-8,False,2013-05,0.529,0.427,0.312,0.334,0.251,0.449,0.379,0.897,1.784
2013-06-11,2.954,2013-06-11,2013,6,-8,False,2013-06,0.655,0.565,0.354,0.375,0.227,0.429,0.348,0.956,1.997
2013-06-20,2.954,2013-06-20,2013,6,-8,False,2013-06,0.655,0.565,0.354,0.375,0.227,0.429,0.348,0.956,1.997
2013-07-04,2.614,2013-07-04,2013,7,-8,False,2013-07,0.435,0.491,0.336,0.363,0.266,0.397,0.326,0.9650000000000001,1.649
2013-07-12,2.8,2013-07-12,2013,7,-8,False,2013-07,0.476,0.508,0.367,0.404,0.254,0.443,0.348,1.025,1.775
2013-07-22,2.868,2013-07-22,2013,7,-8,False,2013-07,0.552,0.581,0.345,0.365,0.271,0.425,0.328,0.981,1.8860000000000001
2013-08-16,3.029,2013-08-16,2013,8,-8,False,2013-08,0.62,0.533,0.414,0.38,0.247,0.486,0.35,1.041,1.989
2013-08-19,2.731,2013-08-19,2013,8,-8,False,2013-08,0.584,0.49,0.345,0.353,0.241,0.393,0.325,0.939,1.7919999999999998
2013-09-28,2.846,2013-09-28,2013,9,-8,False,2013-09,0.542,0.488,0.385,0.374,0.243,0.474,0.34,1.002,1.844
2013-10-29,3.06,2013-10-29,2013,10,-8,False,2013-10,0.701,0.658,0.4,0.38,0.238,0.401,0.282,1.018,2.042
2013-11-13,2.776,2013-11-13,2013,11,-8,False,2013-11,0.588,0.573,0.361,0.342,0.228,0.379,0.305,0.931,1.845
2013-11-27,3.258,2013-11-27,2013,11,-8,False,2013-11,0.76,0.711,0.379,0.364,0.234,0.451,0.359,0.977,2.281
2013-12-11,2.531,2013-12-11,2013,12,-8,False,2013-12,0.48,0.544,0.302,0.328,0.27,0.326,0.281,0.9,1.6310000000000002
2013-12-23,2.416,2013-12-23,2013,12,-8,False,2013-12,0.427,0.47,0.293,0.298,0.268,0.353,0.307,0.859,1.557
2014-01-10,2.945,2014-01-10,2014,1,-7,False,2014-01,0.532,0.79,0.306,0.305,0.257,0.412,0.344,0.868,2.078
2014-01-24,2.269,2014-01-24,2014,1,-7,False,2014-01,0.369,0.418,0.298,0.303,0.265,0.339,0.276,0.866,1.402
2014-02-03,2.88,2014-02-03,2014,2,-7,False,2014-02,0.679,0.574,0.284,0.293,0.261,0.405,0.384,0.838,2.042
2014-02-17,2.499,2014-02-17,2014,2,-7,False,2014-02,0.459,0.512,0.304,0.312,0.266,0.356,0.289,0.882,1.616
2014-02-23,2.485,2014-02-23,2014,2,-7,False,2014-02,0.43,0.501,0.326,0.331,0.267,0.347,0.283,0.924,1.561
2014-03-07,2.806,2014-03-07,2014,3,-7,False,2014-03,0.591,0.639,0.303,0.315,0.27,0.379,0.309,0.888,1.918
2014-03-17,2.65,2014-03-17,2014,3,-7,False,2014-03,0.502,0.57,0.307,0.332,0.273,0.365,0.302,0.912,1.739
2014-03-27,2.822,2014-03-27,2014,3,-7,False,2014-03,0.572,0.601,0.32,0.341,0.27,0.397,0.32,0.931,1.8900000000000001
2014-04-04,3.05,2014-04-04,2014,4,-7,False,2014-04,0.71,0.73,0.3,0.33,0.28,0.39,0.31,0.91,2.14
2014-04-22,3.219,2014-04-22,2014,4,-7,False,2014-04,0.612,0.732,0.343,0.369,0.29,0.474,0.398,1.002,2.216
2014-05-16,2.33,2014-05-16,2014,5,-7,False,2014-05,0.64,0.66,0.0,0.0,0.26,0.43,0.34,0.26,2.0700000000000003
2014-05-30,3.21,2014-05-30,2014,5,-7,False,2014-05,0.61,0.71,0.37,0.42,0.29,0.47,0.34,1.08,2.13
2014-06-16,3.04,2014-06-16,2014,6,-7,False,2014-06,0.68,0.46,0.4,0.34,0.33,0.43,0.4,1.07,1.97
2014-06-29,3.13,2014-06-29,2014,6,-7,False,2014-06,0.73,0.6,0.37,0.31,0.32,0.43,0.37,1.0,2.1300000000000003
2014-07-23,2.95,2014-07-23,2014,7,-7,False,2014-07,0.58,0.53,0.38,0.32,0.33,0.47,0.34,1.03,1.92
2014-08-10,3.12,2014-08-10,2014,8,-7,False,2014-08,0.71,0.62,0.36,0.33,0.26,0.47,0.37,0.95,2.17
2014-08-27,2.96,2014-08-27,2014,8,-7,False,2014-08,0.71,0.6,0.35,0.32,0.26,0.4,0.31,0.9299999999999999,2.02
2014-09-15,3.02,2014-09-15,2014,9,-7,False,2014-09,0.7,0.66,0.35,0.31,0.26,0.43,0.31,0.9199999999999999,2.1
2014-09-29,3.31,2014-09-29,2014,9,-7,False,2014-09,0.81,0.78,0.34,0.32,0.26,0.47,0.34,0.92,2.4000000000000004
2014-10-06,2.96,2014-10-06,2014,10,-7,False,2014-10,0.69,0.6,0.33,0.31,0.26,0.43,0.34,0.9,2.06
2014-10-21,3.21,2014-10-21,2014,10,-7,False,2014-10,0.79,0.74,0.33,0.31,0.26,0.43,0.34,0.9,2.3000000000000003
2014-11-06,3.13,2014-11-06,2014,11,-7,False,2014-11,0.71,0.72,0.32,0.35,0.32,0.4,0.31,0.99,2.14
2014-11-21,2.76,2014-11-21,2014,11,-7,False,2014-11,0.56,0.5,0.33,0.3,0.26,0.47,0.34,0.89,1.87
2014-12-07,2.89,2014-12-07,2014,12,-7,False,2014-12,0.66,0.53,0.33,0.29,0.27,0.47,0.34,0.89,2.0
2014-12-20,2.88,2014-12-20,2014,12,-7,False,2014-12,0.62,0.53,0.35,0.31,0.26,0.43,0.37,0.9199999999999999,1.95
2014-12-23,2.65,2014-12-23,2014,12,-7,False,2014-12,0.49,0.43,0.39,0.35,0.26,0.43,0.31,1.0,1.66
2014-12-26,2.59,2014-12-26,2014,12,-7,False,2014-12,0.53,0.4,0.36,0.33,0.26,0.4,0.31,0.95,1.6400000000000001
2014-12-29,2.75,2014-12-29,2014,12,-7,False,2014-12,0.57,0.47,0.37,0.34,0.26,0.4,0.34,0.97,1.7800000000000002
2015-01-03,2.63,2015-01-03,2015,1,-6,False,2015-01,0.5,0.43,0.36,0.34,0.25,0.37,0.37,0.95,1.67
2015-01-07,2.84,2015-01-07,2015,1,-6,False,2015-01,0.6,0.51,0.36,0.33,0.26,0.4,0.37,0.95,1.88
2015-01-10,2.65,2015-01-10,2015,1,-6,False,2015-01,0.54,0.43,0.37,0.34,0.26,0.37,0.34,0.97,1.6800000000000002
2015-01-13,2.31,2015-01-13,2015,1,-6,False,2015-01,0.46,0.45,0.34,0.32,0.25,0.25,0.25,0.91,1.4100000000000001
2015-01-17,2.31,2015-01-17,2015,1,-6,False,2015-01,0.56,0.5,0.35,0.34,0.0,0.28,0.28,0.69,1.62
2015-01-24,2.81,2015-01-24,2015,1,-6,False,2015-01,0.5,0.39,0.42,0.32,0.36,0.37,0.47,1.1,1.73
2015-01-30,2.84,2015-01-30,2015,1,-6,False,2015-01,0.58,0.43,0.38,0.31,0.37,0.4,0.37,1.06,1.7799999999999998
2015-02-02,2.68,2015-02-02,2015,2,-6,False,2015-02,0.54,0.4,0.39,0.32,0.31,0.37,0.34,1.02,1.65
2015-02-05,2.77,2015-02-05,2015,2,-6,False,2015-02,0.55,0.46,0.4,0.33,0.33,0.4,0.31,1.06,1.7200000000000002
2015-02-11,2.84,2015-02-11,2015,2,-6,False,2015-02,0.58,0.46,0.39,0.34,0.29,0.43,0.34,1.02,1.81
2015-02-17,1.88,2015-02-17,2015,2,-6,False,2015-02,0.56,0.48,0.0,0.0,0.0,0.47,0.37,0.0,1.8800000000000001
2015-02-22,1.75,2015-02-22,2015,2,-6,False,2015-02,0.52,0.43,0.0,0.0,0.0,0.47,0.34,0.0,1.76
2015-02-27,3.11,2015-02-27,2015,2,-6,False,2015-02,0.68,0.6,0.42,0.36,0.28,0.43,0.34,1.06,2.0500000000000003
2015-03-03,2.96,2015-03-03,2015,3,-6,False,2015-03,0.62,0.52,0.41,0.35,0.29,0.43,0.34,1.05,1.9100000000000001
2015-03-07,2.93,2015-03-07,2015,3,-6,False,2015-03,0.58,0.5,0.41,0.35,0.29,0.4,0.4,1.05,1.88
2015-03-11,3.27,2015-03-11,2015,3,-6,False,2015-03,0.75,0.72,0.39,0.33,0.28,0.47,0.34,1.0,2.2800000000000002
2015-03-15,2.96,2015-03-15,2015,3,-6,False,2015-03,0.64,0.54,0.39,0.34,0.27,0.43,0.34,1.0,1.9500000000000002
2015-03-19,2.99,2015-03-19,2015,3,-6,False,2015-03,0.64,0.57,0.39,0.35,0.28,0.43,0.34,1.02,1.98
2015-03-24,3.39,2015-03-24,2015,3,-6,False,2015-03,0.8,0.79,0.37,0.31,0.29,0.47,0.37,0.97,2.4299999999999997
2015-03-30,2.99,2015-03-30,2015,3,-6,False,2015-03,0.64,0.57,0.4,0.35,0.27,0.43,0.34,1.02,1.98
2015-05-15,3.4,2015-05-15,2015,5,-6,False,2015-05,0.7,0.53,0.44,0.38,0.32,0.53,0.5,1.1400000000000001,2.26
2015-05-28,3.22,2015-05-28,2015,5,-6,False,2015-05,0.73,0.64,0.42,0.36,0.3,0.43,0.34,1.08,2.14
2015-06-15,3.49,2015-06-15,2015,6,-6,False,2015-06,0.81,0.68,0.47,0.38,0.35,0.43,0.37,1.2,2.2900000000000005
2015-06-28,3.62,2015-06-28,2015,6,-6,False,2015-06,0.84,0.71,0.46,0.37,0.35,0.5,0.4,1.1800000000000002,2.4499999999999997
2015-07-15,3.64,2015-07-15,2015,7,-6,False,2015-07,0.9,0.79,0.43,0.36,0.36,0.47,0.34,1.15,2.5
2015-07-28,3.4,2015-07-28,2015,7,-6,False,2015-07,0.78,0.67,0.45,0.38,0.36,0.43,0.34,1.19,2.22
2015-08-15,3.53,2015-08-15,2015,8,-6,False,2015-08,0.79,0.67,0.47,0.39,0.4,0.43,0.37,1.26,2.2600000000000002
2015-08-28,2.67,2015-08-28,2015,8,-6,False,2015-08,0.8,0.7,0.45,0.38,0.35,0.0,0.0,1.1800000000000002,1.5
2015-09-22,3.2,2015-09-22,2015,9,-6,False,2015-09,0.7,0.67,0.4,0.38,0.26,0.43,0.37,1.04,2.1700000000000004
2015-10-17,2.96,2015-10-17,2015,10,-6,False,2015-10,0.62,0.57,0.38,0.35,0.26,0.43,0.34,0.99,1.96
2015-10-30,3.18,2015-10-30,2015,10,-6,False,2015-10,0.76,0.69,0.36,0.34,0.26,0.43,0.34,0.96,2.22
2015-11-22,3.16,2015-11-22,2015,11,-6,False,2015-11,0.76,0.7,0.36,0.35,0.26,0.43,0.31,0.97,2.2
2015-11-28,2.92,2015-11-28,2015,11,-6,False,2015-11,0.67,0.6,0.35,0.34,0.26,0.4,0.31,0.95,1.98
2015-12-04,2.83,2015-12-04,2015,12,-6,False,2015-12,0.64,0.61,0.32,0.31,0.24,0.4,0.31,0.87,1.96
2015-12-08,2.76,2015-12-08,2015,12,-6,False,2015-12,0.63,0.55,0.31,0.31,0.25,0.4,0.31,0.87,1.8900000000000001
2015-12-12,2.87,2015-12-12,2015,12,-6,False,2015-12,0.67,0.63,0.3,0.31,0.25,0.4,0.31,0.86,2.0100000000000002
2015-12-18,2.79,2015-12-18,2015,12,-6,False,2015-12,0.61,0.6,0.29,0.3,0.25,0.43,0.31,0.84,1.95
2015-12-24,3.1,2015-12-24,2015,12,-6,False,2015-12,0.75,0.74,0.31,0.31,0.25,0.43,0.31,0.87,2.23
2016-01-03,2.78,2016-01-03,2016,1,-5,False,2016-01,0.64,0.59,0.29,0.3,0.25,0.4,0.31,0.84,1.94
2016-01-07,2.78,2016-01-07,2016,1,-5,False,2016-01,0.64,0.57,0.3,0.31,0.25,0.4,0.31,0.86,1.92
2016-01-12,2.78,2016-01-12,2016,1,-5,False,2016-01,0.63,0.55,0.3,0.31,0.25,0.43,0.31,0.86,1.9200000000000002
2016-01-27,2.65,2016-01-27,2016,1,-5,False,2016-01,0.53,0.48,0.3,0.31,0.25,0.43,0.34,0.86,1.78
2016-02-01,2.8,2016-02-01,2016,2,-5,False,2016-02,0.6,0.55,0.31,0.32,0.25,0.43,0.34,0.88,1.92
2016-02-13,2.25,2016-02-13,2016,2,-5,False,2016-02,0.74,0.7,0.0,0.0,0.0,0.47,0.34,0.0,2.25
2016-02-18,3.09,2016-02-18,2016,2,-5,False,2016-02,0.68,0.65,0.33,0.33,0.29,0.47,0.34,0.95,2.14
2016-02-25,3.15,2016-02-25,2016,2,-5,False,2016-02,0.76,0.72,0.3,0.31,0.26,0.47,0.34,0.87,2.29
2016-03-06,3.05,2016-03-06,2016,3,-5,False,2016-03,0.7,0.61,0.31,0.31,0.25,0.5,0.37,0.87,2.18
2016-03-17,2.76,2016-03-17,2016,3,-5,False,2016-03,0.6,0.53,0.32,0.31,0.26,0.43,0.31,0.89,1.8699999999999999
2016-03-24,3.36,2016-03-24,2016,3,-5,False,2016-03,0.86,0.79,0.31,0.31,0.26,0.47,0.37,0.88,2.49
2016-03-29,3.19,2016-03-29,2016,3,-5,False,2016-03,0.79,0.71,0.33,0.33,0.26,0.43,0.34,0.92,2.27
2016-04-06,3.13,2016-04-06,2016,4,-5,False,2016-04,0.77,0.67,0.34,0.33,0.26,0.43,0.34,0.93,2.21
2016-04-12,3.44,2016-04-12,2016,4,-5,False,2016-04,0.92,0.81,0.3,0.31,0.26,0.47,0.37,0.87,2.5700000000000003
2016-04-18,3.14,2016-04-18,2016,4,-5,False,2016-04,0.78,0.7,0.32,0.32,0.26,0.43,0.34,0.9,2.25
2016-04-22,3.27,2016-04-22,2016,4,-5,False,2016-04,0.86,0.8,0.32,0.32,0.26,0.4,0.31,0.9,2.37
2016-04-25,3.43,2016-04-25,2016,4,-5,False,2016-04,0.91,0.76,0.33,0.33,0.26,0.47,0.37,0.92,2.51
2016-04-28,3.42,2016-04-28,2016,4,-5,False,2016-04,0.91,0.77,0.32,0.32,0.26,0.47,0.37,0.9,2.5200000000000005
2016-05-03,2.6,2016-05-03,2016,5,-5,False,2016-05,0.96,0.87,0.0,0.0,0.0,0.43,0.34,0.0,2.6
2016-05-10,3.34,2016-05-10,2016,5,-5,False,2016-05,0.81,0.76,0.33,0.34,0.26,0.47,0.37,0.93,2.41
2016-06-14,3.62,2016-06-14,2016,6,-5,False,2016-06,0.95,0.91,0.33,0.34,0.25,0.47,0.37,0.92,2.7
2016-06-24,3.74,2016-06-24,2016,6,-5,False,2016-06,1.0,0.95,0.37,0.37,0.26,0.43,0.37,1.0,2.75
2016-07-06,3.81,2016-07-06,2016,7,-5,False,2016-07,0.97,0.9,0.46,0.44,0.25,0.43,0.37,1.15,2.6700000000000004
2016-07-15,3.7,2016-07-15,2016,7,-5,False,2016-07,0.99,0.91,0.39,0.38,0.25,0.43,0.34,1.02,2.67
2016-08-07,3.71,2016-08-07,2016,8,-5,False,2016-08,1.01,0.92,0.39,0.36,0.26,0.43,0.34,1.01,2.7
2016-08-24,3.61,2016-08-24,2016,8,-5,False,2016-08,0.91,0.82,0.4,0.39,0.26,0.47,0.37,1.05,2.5700000000000003
2016-09-08,3.51,2016-09-08,2016,9,-5,False,2016-09,0.81,0.74,0.45,0.43,0.26,0.47,0.37,1.1400000000000001,2.3899999999999997
2016-09-25,3.42,2016-09-25,2016,9,-5,False,2016-09,0.82,0.73,0.42,0.4,0.25,0.47,0.34,1.07,2.36
2016-10-11,3.32,2016-10-11,2016,10,-5,False,2016-10,0.76,0.74,0.39,0.36,0.27,0.47,0.34,1.02,2.31
2016-10-25,3.06,2016-10-25,2016,10,-5,False,2016-10,0.69,0.64,0.39,0.37,0.26,0.4,0.31,1.02,2.04
2016-11-06,2.42,2016-11-06,2016,11,-5,False,2016-11,0.84,0.86,0.0,0.0,0.0,0.4,0.31,0.0,2.4099999999999997
2016-11-11,2.26,2016-11-11,2016,11,-5,False,2016-11,0.79,0.69,0.0,0.0,0.0,0.43,0.34,0.0,2.25
2016-11-16,3.37,2016-11-16,2016,11,-5,False,2016-11,0.84,0.73,0.35,0.34,0.25,0.5,0.37,0.94,2.44
2016-11-23,3.4,2016-11-23,2016,11,-5,False,2016-11,0.86,0.74,0.33,0.34,0.26,0.47,0.4,0.93,2.4699999999999998
2016-11-27,3.24,2016-11-27,2016,11,-5,False,2016-11,0.77,0.64,0.33,0.33,0.25,0.53,0.4,0.91,2.34
2016-12-02,2.16,2016-12-02,2016,12,-5,False,2016-12,0.68,0.58,0.0,0.0,0.0,0.5,0.4,0.0,2.16
2016-12-09,3.22,2016-12-09,2016,12,-5,False,2016-12,0.78,0.74,0.32,0.32,0.26,0.47,0.34,0.9,2.33
2016-12-15,3.31,2016-12-15,2016,12,-5,False,2016-12,0.81,0.72,0.31,0.31,0.26,0.5,0.4,0.88,2.43
2016-12-22,2.43,2016-12-22,2016,12,-5,False,2016-12,0.83,0.74,0.0,0.0,0.0,0.47,0.4,0.0,2.4399999999999995
2016-12-28,3.36,2016-12-28,2016,12,-5,False,2016-12,0.85,0.71,0.32,0.32,0.26,0.5,0.4,0.9,2.46
2017-01-04,3.32,2017-01-04,2017,1,-4,False,2017-01,0.79,0.68,0.34,0.32,0.26,0.53,0.4,0.92,2.4000000000000004
2017-01-12,3.3,2017-01-12,2017,1,-4,False,2017-01,0.81,0.72,0.33,0.32,0.26,0.5,0.37,0.91,2.4
2017-01-21,3.09,2017-01-21,2017,1,-4,False,2017-01,0.69,0.67,0.36,0.35,0.25,0.43,0.34,0.96,2.13
2017-02-06,3.23,2017-02-06,2017,2,-4,False,2017-02,0.74,0.71,0.34,0.34,0.26,0.47,0.37,0.9400000000000001,2.29
2017-02-13,3.1,2017-02-13,2017,2,-4,False,2017-02,0.72,0.67,0.34,0.33,0.27,0.43,0.34,0.9400000000000001,2.16
2017-02-24,2.9,2017-02-24,2017,2,-4,False,2017-02,0.65,0.57,0.32,0.33,0.25,0.43,0.34,0.9,1.99
2017-03-02,3.29,2017-03-02,2017,3,-4,False,2017-03,0.88,0.75,0.32,0.32,0.25,0.43,0.34,0.89,2.4
2017-03-15,3.19,2017-03-15,2017,3,-4,False,2017-03,0.8,0.71,0.33,0.32,0.26,0.43,0.34,0.91,2.2800000000000002
2017-03-21,3.38,2017-03-21,2017,3,-4,False,2017-03,0.87,0.79,0.35,0.34,0.26,0.43,0.34,0.95,2.43
2017-04-02,3.3,2017-04-02,2017,4,-4,False,2017-04,0.82,0.74,0.34,0.34,0.26,0.43,0.37,0.9400000000000001,2.3600000000000003
2017-04-07,3.6,2017-04-07,2017,4,-4,False,2017-04,0.95,0.91,0.32,0.33,0.26,0.47,0.37,0.91,2.7
2017-04-13,3.5,2017-04-13,2017,4,-4,False,2017-04,0.9,0.81,0.35,0.34,0.24,0.5,0.37,0.9299999999999999,2.58
2017-04-19,3.94,2017-04-19,2017,4,-4,False,2017-04,1.07,1.01,0.36,0.35,0.26,0.5,0.4,0.97,2.98
2017-04-24,3.82,2017-04-24,2017,4,-4,False,2017-04,1.05,0.95,0.34,0.34,0.26,0.5,0.37,0.9400000000000001,2.87
2017-04-28,3.58,2017-04-28,2017,4,-4,False,2017-04,0.88,0.79,0.38,0.37,0.26,0.5,0.4,1.01,2.57
2017-05-05,3.86,2017-05-05,2017,5,-4,False,2017-05,1.03,0.96,0.37,0.38,0.29,0.47,0.37,1.04,2.83
2017-05-23,2.93,2017-05-23,2017,5,-4,False,2017-05,1.08,1.08,0.0,0.0,0.0,0.43,0.34,0.0,2.93
2017-06-08,3.59,2017-06-08,2017,6,-4,False,2017-06,0.91,0.87,0.36,0.39,0.29,0.43,0.34,1.04,2.5500000000000003
2017-06-26,3.6,2017-06-26,2017,6,-4,False,2017-06,0.97,0.88,0.37,0.37,0.27,0.4,0.34,1.01,2.59
2017-07-08,3.49,2017-07-08,2017,7,-4,False,2017-07,0.88,0.81,0.39,0.38,0.27,0.43,0.34,1.04,2.46
2017-07-26,3.92,2017-07-26,2017,7,-4,False,2017-07,1.11,0.98,0.36,0.37,0.26,0.47,0.37,0.99,2.9299999999999997
2017-08-26,3.73,2017-08-26,2017,8,-4,False,2017-08,0.98,0.95,0.38,0.38,0.26,0.43,0.34,1.02,2.7
2017-09-08,3.69,2017-09-08,2017,9,-4,False,2017-09,0.93,0.88,0.39,0.41,0.28,0.47,0.34,1.08,2.62
2017-10-08,3.43,2017-10-08,2017,10,-4,False,2017-10,0.83,0.74,0.35,0.37,0.27,0.47,0.4,0.99,2.4399999999999995
2017-10-28,3.24,2017-10-28,2017,10,-4,False,2017-10,0.77,0.65,0.35,0.35,0.26,0.5,0.37,0.96,2.29
2017-11-08,3.48,2017-11-08,2017,11,-4,False,2017-11,0.87,0.81,0.35,0.37,0.27,0.47,0.34,0.99,2.49
2017-11-16,3.4,2017-11-16,2017,11,-4,False,2017-11,0.84,0.81,0.35,0.36,0.26,0.43,0.34,0.97,2.42
2017-11-20,3.3,2017-11-20,2017,11,-4,False,2017-11,0.84,0.78,0.35,0.36,0.26,0.4,0.31,0.97,2.33
2017-11-23,3.24,2017-11-23,2017,11,-4,False,2017-11,0.77,0.74,0.36,0.37,0.26,0.43,0.31,0.99,2.25
2017-11-26,3.28,2017-11-26,2017,11,-4,False,2017-11,0.79,0.76,0.36,0.36,0.27,0.43,0.31,0.99,2.29
2017-11-30,3.39,2017-11-30,2017,11,-4,False,2017-11,0.84,0.84,0.36,0.37,0.26,0.4,0.31,0.99,2.39
2017-12-03,3.25,2017-12-03,2017,12,-4,False,2017-12,0.78,0.73,0.36,0.37,0.26,0.43,0.31,0.99,2.25
2017-12-07,3.2,2017-12-07,2017,12,-4,False,2017-12,0.75,0.7,0.37,0.38,0.26,0.43,0.31,1.01,2.19
2017-12-10,3.35,2017-12-10,2017,12,-4,False,2017-12,0.8,0.81,0.37,0.35,0.26,0.43,0.34,0.98,2.3800000000000003
2017-12-13,3.33,2017-12-13,2017,12,-4,False,2017-12,0.81,0.74,0.37,0.37,0.27,0.43,0.34,1.01,2.3200000000000003
2017-12-17,3.04,2017-12-17,2017,12,-4,False,2017-12,0.67,0.66,0.36,0.37,0.27,0.4,0.31,1.0,2.04
2017-12-23,3.05,2017-12-23,2017,12,-4,False,2017-12,0.66,0.64,0.37,0.37,0.27,0.43,0.31,1.01,2.04
2018-01-05,3.25,2018-01-05,2018,1,-3,False,2018-01,0.7,0.68,0.4,0.39,0.28,0.47,0.34,1.07,2.19
2018-01-18,3.17,2018-01-18,2018,1,-3,False,2018-01,0.7,0.67,0.38,0.38,0.27,0.43,0.34,1.03,2.14
2018-01-30,3.39,2018-01-30,2018,1,-3,False,2018-01,0.71,0.64,0.42,0.43,0.3,0.47,0.43,1.15,2.25
2018-02-05,3.42,2018-02-05,2018,2,-3,False,2018-02,0.83,0.69,0.38,0.4,0.29,0.43,0.4,1.07,2.35
2018-02-13,3.0,2018-02-13,2018,2,-3,False,2018-02,0.67,0.63,0.38,0.39,0.29,0.37,0.28,1.06,1.9500000000000002
2018-02-23,2.11,2018-02-23,2018,2,-3,False,2018-02,0.74,0.69,0.0,0.0,0.0,0.37,0.31,0.0,2.11
2018-03-11,3.13,2018-03-11,2018,3,-3,False,2018-03,0.75,0.64,0.37,0.35,0.28,0.43,0.31,1.0,2.1300000000000003
2018-03-16,2.34,2018-03-16,2018,3,-3,False,2018-03,0.81,0.78,0.0,0.0,0.0,0.43,0.31,0.0,2.33
2018-03-21,3.43,2018-03-21,2018,3,-3,False,2018-03,0.84,0.82,0.38,0.38,0.27,0.43,0.31,1.03,2.4
2018-03-26,2.92,2018-03-26,2018,3,-3,False,2018-03,0.64,0.57,0.37,0.38,0.26,0.4,0.31,1.01,1.92
2018-03-30,3.68,2018-03-30,2018,3,-3,False,2018-03,1.0,0.93,0.38,0.38,0.28,0.4,0.31,1.04,2.64
2018-04-03,3.78,2018-04-03,2018,4,-3,False,2018-04,1.02,0.99,0.38,0.41,0.3,0.37,0.31,1.09,2.69
2018-04-08,3.41,2018-04-08,2018,4,-3,False,2018-04,0.87,0.81,0.35,0.37,0.3,0.4,0.31,1.02,2.39
2018-04-12,3.42,2018-04-12,2018,4,-3,False,2018-04,0.89,0.78,0.36,0.39,0.29,0.4,0.31,1.04,2.38
2018-04-17,3.12,2018-04-17,2018,4,-3,False,2018-04,0.74,0.62,0.39,0.38,0.29,0.37,0.34,1.06,2.07
2018-04-23,2.51,2018-04-23,2018,4,-3,False,2018-04,0.91,0.88,0.0,0.0,0.0,0.4,0.31,0.0,2.5
2018-04-28,3.4,2018-04-28,2018,4,-3,False,2018-04,0.84,0.78,0.38,0.4,0.29,0.4,0.31,1.07,2.33
2018-05-04,3.73,2018-05-04,2018,5,-3,False,2018-05,1.0,0.95,0.4,0.41,0.3,0.37,0.31,1.11,2.63
2018-05-09,3.83,2018-05-09,2018,5,-3,False,2018-05,1.02,0.93,0.41,0.43,0.31,0.4,0.34,1.15,2.69
2018-05-19,3.77,2018-05-19,2018,5,-3,False,2018-05,0.95,0.89,0.41,0.44,0.31,0.43,0.34,1.16,2.61
2018-06-15,3.87,2018-06-15,2018,6,-3,False,2018-06,1.0,0.98,0.44,0.44,0.3,0.4,0.31,1.18,2.69
2018-06-22,3.7,2018-06-22,2018,6,-3,False,2018-06,0.94,0.88,0.43,0.45,0.3,0.4,0.31,1.18,2.53
2018-07-01,3.67,2018-07-01,2018,7,-3,False,2018-07,0.92,0.89,0.4,0.42,0.29,0.4,0.34,1.11,2.55
2018-07-19,3.39,2018-07-19,2018,7,-3,False,2018-07,0.78,0.77,0.43,0.44,0.29,0.37,0.31,1.16,2.23
2018-08-04,3.61,2018-08-04,2018,8,-3,False,2018-08,0.94,0.91,0.39,0.4,0.29,0.4,0.28,1.08,2.53
2018-08-23,3.63,2018-08-23,2018,8,-3,False,2018-08,0.95,0.89,0.41,0.39,0.28,0.4,0.31,1.08,2.55
2018-09-05,3.63,2018-09-05,2018,9,-3,False,2018-09,0.86,0.84,0.47,0.36,0.42,0.4,0.28,1.25,2.38
2018-09-23,4.36,2018-09-23,2018,9,-3,False,2018-09,0.95,0.94,0.65,0.43,0.65,0.43,0.31,1.73,2.63
2018-10-05,3.56,2018-10-05,2018,10,-3,False,2018-10,0.85,0.82,0.47,0.4,0.28,0.43,0.31,1.15,2.41
2018-10-19,3.38,2018-10-19,2018,10,-3,False,2018-10,0.85,0.74,0.39,0.37,0.28,0.4,0.34,1.04,2.33
2018-11-10,3.37,2018-11-10,2018,11,-3,False,2018-11,0.9,0.8,0.35,0.37,0.27,0.37,0.31,0.99,2.3800000000000003
2018-11-15,3.33,2018-11-15,2018,11,-3,False,2018-11,0.89,0.8,0.32,0.34,0.26,0.4,0.31,0.92,2.4
2018-11-20,3.52,2018-11-20,2018,11,-3,False,2018-11,0.96,0.88,0.34,0.35,0.27,0.4,0.31,0.96,2.55
2018-11-24,3.28,2018-11-24,2018,11,-3,False,2018-11,0.81,0.74,0.36,0.36,0.27,0.43,0.31,0.99,2.29
2018-11-28,3.5,2018-11-28,2018,11,-3,False,2018-11,0.92,0.86,0.34,0.37,0.26,0.43,0.31,0.97,2.52
2018-12-03,3.21,2018-12-03,2018,12,-3,False,2018-12,0.81,0.69,0.34,0.37,0.26,0.43,0.31,0.97,2.24
2018-12-07,3.71,2018-12-07,2018,12,-3,False,2018-12,1.05,1.0,0.32,0.35,0.27,0.4,0.31,0.94,2.76
2018-12-12,3.36,2018-12-12,2018,12,-3,False,2018-12,0.84,0.73,0.35,0.37,0.26,0.47,0.34,0.98,2.38
2018-12-16,3.25,2018-12-16,2018,12,-3,False,2018-12,0.8,0.64,0.35,0.39,0.27,0.47,0.34,1.01,2.25
2018-12-21,2.19,2018-12-21,2018,12,-3,False,2018-12,0.79,0.62,0.0,0.0,0.0,0.43,0.34,0.0,2.18
2018-12-25,3.31,2018-12-25,2018,12,-3,False,2018-12,0.87,0.75,0.31,0.34,0.26,0.43,0.34,0.91,2.39
2018-12-29,3.28,2018-12-29,2018,12,-3,False,2018-12,0.85,0.78,0.33,0.35,0.26,0.43,0.28,0.94,2.34
2019-01-02,3.07,2019-01-02,2019,1,-2,False,2019-01,0.73,0.65,0.35,0.37,0.26,0.43,0.28,0.98,2.09
2019-01-07,3.22,2019-01-07,2019,1,-2,False,2019-01,0.83,0.74,0.34,0.37,0.26,0.4,0.28,0.97,2.25
2019-01-12,3.2,2019-01-12,2019,1,-2,False,2019-01,0.76,0.67,0.35,0.37,0.27,0.43,0.34,0.99,2.2
2019-01-18,3.46,2019-01-18,2019,1,-2,False,2019-01,0.92,0.81,0.33,0.35,0.27,0.43,0.34,0.95,2.5
2019-01-23,3.32,2019-01-23,2019,1,-2,False,2019-01,0.85,0.75,0.32,0.36,0.26,0.43,0.34,0.94,2.37
2019-01-28,3.32,2019-01-28,2019,1,-2,False,2019-01,0.86,0.75,0.32,0.35,0.26,0.43,0.34,0.9299999999999999,2.38
2019-02-01,3.2,2019-02-01,2019,2,-2,False,2019-02,0.83,0.79,0.33,0.34,0.26,0.37,0.28,0.93,2.27
2019-02-10,3.13,2019-02-10,2019,2,-2,False,2019-02,0.78,0.75,0.34,0.34,0.26,0.37,0.28,0.9400000000000001,2.18
2019-02-15,3.12,2019-02-15,2019,2,-2,False,2019-02,0.76,0.78,0.34,0.35,0.28,0.37,0.25,0.97,2.16
2019-02-21,3.25,2019-02-21,2019,2,-2,False,2019-02,0.79,0.78,0.36,0.37,0.27,0.4,0.28,1.0,2.25
2019-02-26,3.47,2019-02-26,2019,2,-2,False,2019-02,0.94,0.9,0.37,0.37,0.28,0.37,0.25,1.02,2.46
2019-03-04,3.45,2019-03-04,2019,3,-2,False,2019-03,0.89,0.87,0.39,0.38,0.3,0.37,0.25,1.07,2.38
2019-03-10,3.69,2019-03-10,2019,3,-2,False,2019-03,0.98,0.99,0.41,0.39,0.29,0.37,0.25,1.09,2.59
2019-03-16,3.75,2019-03-16,2019,3,-2,False,2019-03,0.98,1.0,0.42,0.41,0.29,0.37,0.28,1.1199999999999999,2.63
2019-03-22,3.67,2019-03-22,2019,3,-2,False,2019-03,0.98,0.97,0.39,0.4,0.29,0.37,0.28,1.08,2.6
2019-03-28,4.01,2019-03-28,2019,3,-2,False,2019-03,1.1,1.12,0.41,0.42,0.28,0.4,0.28,1.1099999999999999,2.9
2019-04-02,3.85,2019-04-02,2019,4,-2,False,2019-04,1.05,1.05,0.4,0.42,0.29,0.37,0.28,1.11,2.75
2019-04-09,3.9,2019-04-09,2019,4,-2,False,2019-04,1.02,1.0,0.46,0.46,0.29,0.4,0.28,1.21,2.6999999999999997
2019-04-15,3.66,2019-04-15,2019,4,-2,False,2019-04,0.98,0.85,0.43,0.42,0.31,0.37,0.31,1.16,2.5100000000000002
2019-04-21,3.79,2019-04-21,2019,4,-2,False,2019-04,1.12,1.02,0.38,0.38,0.27,0.34,0.28,1.03,2.76
2019-04-26,4.04,2019-04-26,2019,4,-2,False,2019-04,1.21,1.1,0.41,0.4,0.27,0.37,0.28,1.08,2.96
2019-05-05,4.15,2019-05-05,2019,5,-2,False,2019-05,1.15,1.19,0.43,0.4,0.28,0.4,0.31,1.11,3.05
2019-05-14,3.72,2019-05-14,2019,5,-2,False,2019-05,0.98,0.91,0.44,0.39,0.27,0.4,0.34,1.1,2.63
2019-05-24,3.24,2019-05-24,2019,5,-2,False,2019-05,0.75,0.6,0.43,0.39,0.26,0.43,0.37,1.08,2.1500000000000004
2019-06-06,4.24,2019-06-06,2019,6,-2,False,2019-06,1.06,1.03,0.5,0.49,0.37,0.43,0.34,1.3599999999999999,2.86
2019-06-23,3.98,2019-06-23,2019,6,-2,False,2019-06,1.12,1.09,0.42,0.4,0.27,0.37,0.31,1.09,2.89
2019-07-23,3.71,2019-07-23,2019,7,-2,False,2019-07,1.0,0.91,0.41,0.4,0.26,0.4,0.34,1.07,2.65
2019-08-06,3.76,2019-08-06,2019,8,-2,False,2019-08,1.03,0.91,0.41,0.41,0.26,0.4,0.34,1.08,2.6799999999999997
2019-08-23,3.77,2019-08-23,2019,8,-2,False,2019-08,1.05,0.94,0.39,0.4,0.26,0.4,0.34,1.05,2.73
2019-09-09,3.67,2019-09-09,2019,9,-2,False,2019-09,1.02,0.89,0.42,0.37,0.29,0.37,0.31,1.08,2.5900000000000003
2019-09-21,3.68,2019-09-21,2019,9,-2,False,2019-09,1.05,0.88,0.4,0.39,0.26,0.37,0.34,1.05,2.64
2019-10-07,3.22,2019-10-07,2019,10,-2,False,2019-10,0.78,0.71,0.39,0.39,0.27,0.37,0.31,1.05,2.17
2019-10-21,3.7,2019-10-21,2019,10,-2,False,2019-10,0.95,0.78,0.41,0.4,0.26,0.47,0.43,1.07,2.63
2019-11-06,3.66,2019-11-06,2019,11,-2,False,2019-11,0.99,0.93,0.38,0.39,0.26,0.4,0.31,1.03,2.63
2019-11-18,2.95,2019-11-18,2019,11,-2,False,2019-11,1.13,1.07,0.0,0.0,0.0,0.43,0.31,0.0,2.9400000000000004
2019-12-03,3.67,2019-12-03,2019,12,-2,False,2019-12,1.01,0.88,0.43,0.39,0.29,0.37,0.31,1.11,2.5700000000000003
2019-12-08,3.21,2019-12-08,2019,12,-2,False,2019-12,0.76,0.64,0.42,0.38,0.28,0.4,0.34,1.08,2.14
2019-12-13,3.42,2019-12-13,2019,12,-2,False,2019-12,0.85,0.77,0.43,0.4,0.26,0.4,0.31,1.09,2.33
2019-12-17,3.48,2019-12-17,2019,12,-2,False,2019-12,0.91,0.84,0.42,0.39,0.27,0.37,0.28,1.08,2.4000000000000004
2019-12-23,3.67,2019-12-23,2019,12,-2,False,2019-12,0.96,0.9,0.43,0.39,0.29,0.4,0.31,1.11,2.57
2019-12-29,2.12,2019-12-29,2019,12,-2,False,2019-12,0.76,0.64,0.0,0.0,0.0,0.4,0.31,0.0,2.11
2020-01-06,3.18,2020-01-06,2020,1,-1,False,2020-01,0.71,0.64,0.4,0.4,0.26,0.43,0.34,1.06,2.12
2020-01-11,3.64,2020-01-11,2020,1,-1,False,2020-01,0.97,0.9,0.4,0.4,0.26,0.4,0.31,1.06,2.58
2020-01-19,3.11,2020-01-19,2020,1,-1,False,2020-01,0.75,0.66,0.39,0.38,0.26,0.37,0.31,1.03,2.0900000000000003
2020-02-07,2.33,2020-02-07,2020,2,-1,False,2020-02,0.86,0.76,0.0,0.0,0.0,0.4,0.31,0.0,2.33
2020-02-13,3.31,2020-02-13,2020,2,-1,False,2020-02,0.83,0.71,0.38,0.38,0.27,0.4,0.34,1.03,2.2800000000000002
2020-02-19,3.52,2020-02-19,2020,2,-1,False,2020-02,0.93,0.84,0.38,0.38,0.26,0.4,0.34,1.02,2.51
2020-02-25,3.56,2020-02-25,2020,2,-1,False,2020-02,0.98,0.87,0.37,0.38,0.26,0.4,0.31,1.01,2.56
2020-03-02,3.62,2020-03-02,2020,3,-1,False,2020-03,0.98,0.89,0.37,0.37,0.26,0.4,0.34,1.0,2.61
2020-03-16,3.8,2020-03-16,2020,3,-1,False,2020-03,1.09,0.95,0.38,0.37,0.26,0.4,0.34,1.01,2.78
2020-03-23,3.83,2020-03-23,2020,3,-1,False,2020-03,1.11,0.97,0.38,0.37,0.26,0.4,0.34,1.01,2.82
2020-03-31,3.85,2020-03-31,2020,3,-1,False,2020-03,1.02,0.92,0.42,0.41,0.27,0.43,0.37,1.1,2.74
2020-04-06,3.95,2020-04-06,2020,4,-1,False,2020-04,1.09,0.94,0.42,0.42,0.26,0.43,0.4,1.1,2.8600000000000003
2020-04-14,3.76,2020-04-14,2020,4,-1,False,2020-04,1.0,0.87,0.42,0.41,0.26,0.43,0.37,1.0899999999999999,2.6700000000000004
2020-04-20,4.47,2020-04-20,2020,4,-1,False,2020-04,1.31,1.23,0.44,0.43,0.26,0.43,0.37,1.13,3.3400000000000003
2020-04-28,4.08,2020-04-28,2020,4,-1,False,2020-04,1.11,0.98,0.45,0.44,0.26,0.43,0.4,1.15,2.92
2020-05-10,4.19,2020-05-10,2020,5,-1,False,2020-05,1.16,1.02,0.46,0.42,0.27,0.47,0.4,1.15,3.05
2020-05-23,4.08,2020-05-23,2020,5,-1,False,2020-05,1.15,1.02,0.42,0.42,0.26,0.43,0.37,1.1,2.97
2020-06-06,4.23,2020-06-06,2020,6,-1,False,2020-06,1.2,1.06,0.42,0.41,0.27,0.47,0.4,1.1,3.13
2020-06-23,3.98,2020-06-23,2020,6,-1,False,2020-06,1.11,0.99,0.43,0.42,0.26,0.43,0.34,1.1099999999999999,2.87
2020-07-06,3.74,2020-07-06,2020,7,-1,False,2020-07,0.99,0.91,0.42,0.4,0.28,0.43,0.31,1.1,2.64
2020-07-14,4.26,2020-07-14,2020,7,-1,False,2020-07,1.15,1.09,0.44,0.42,0.29,0.5,0.37,1.15,3.1100000000000003
2020-07-23,2.95,2020-07-23,2020,7,-1,False,2020-07,1.13,0.98,0.0,0.0,0.0,0.47,0.37,0.0,2.95
2020-08-06,3.91,2020-08-06,2020,8,-1,False,2020-08,1.06,0.97,0.42,0.42,0.27,0.43,0.34,1.1099999999999999,2.8000000000000003
2020-08-23,3.7,2020-08-23,2020,8,-1,False,2020-08,0.95,0.84,0.42,0.42,0.3,0.43,0.34,1.14,2.56
2020-09-09,3.62,2020-09-09,2020,9,-1,False,2020-09,0.96,0.88,0.43,0.4,0.27,0.37,0.31,1.1,2.52
2020-09-22,3.58,2020-09-22,2020,9,-1,False,2020-09,0.96,0.88,0.4,0.39,0.26,0.37,0.31,1.05,2.52
2020-10-06,3.56,2020-10-06,2020,10,-1,False,2020-10,0.95,0.85,0.42,0.4,0.26,0.37,0.31,1.08,2.48
2020-10-19,3.43,2020-10-19,2020,10,-1,False,2020-10,0.85,0.75,0.39,0.41,0.29,0.4,0.34,1.09,2.3400000000000003
2020-11-03,3.84,2020-11-03,2020,11,-1,False,2020-11,1.06,1.02,0.42,0.39,0.28,0.37,0.31,1.09,2.7600000000000002
2020-11-11,3.34,2020-11-11,2020,11,-1,False,2020-11,0.76,0.7,0.45,0.43,0.27,0.4,0.34,1.15,2.2
2020-11-18,3.66,2020-11-18,2020,11,-1,False,2020-11,0.98,0.95,0.39,0.42,0.29,0.37,0.28,1.1,2.58
2020-11-23,2.73,2020-11-23,2020,11,-1,False,2020-11,1.07,1.01,0.0,0.0,0.0,0.37,0.28,0.0,2.7300000000000004
2020-12-03,3.59,2020-12-03,2020,12,-1,False,2020-12,0.88,0.82,0.44,0.47,0.28,0.4,0.31,1.19,2.4099999999999997
2020-12-11,3.62,2020-12-11,2020,12,-1,False,2020-12,0.87,0.81,0.47,0.47,0.29,0.4,0.31,1.23,2.39
2020-12-18,3.42,2020-12-18,2020,12,-1,False,2020-12,0.76,0.71,0.47,0.47,0.28,0.4,0.34,1.22,2.21
2020-12-26,3.71,2020-12-26,2020,12,-1,False,2020-12,0.92,0.85,0.47,0.47,0.28,0.4,0.31,1.22,2.48
2021-01-03,3.46,2021-01-03,2021,1,0,False,2021-01,0.81,0.74,0.45,0.47,0.29,0.4,0.31,1.21,2.2600000000000002
2021-01-17,3.34,2021-01-17,2021,1,0,False,2021-01,0.81,0.75,0.35,0.44,0.3,0.37,0.31,1.09,2.24
2021-01-23,3.24,2021-01-23,2021,1,0,False,2021-01,0.8,0.73,0.34,0.38,0.28,0.4,0.31,1.0,2.24
2021-01-28,2.5,2021-01-28,2021,1,0,False,2021-01,0.93,0.89,0.0,0.0,0.0,0.4,0.28,0.0,2.5
2021-02-02,2.4,2021-02-02,2021,2,0,False,2021-02,0.91,0.83,0.0,0.0,0.0,0.37,0.28,0.0,2.39
2021-02-06,2.01,2021-02-06,2021,2,0,False,2021-02,0.69,0.6,0.0,0.0,0.0,0.4,0.31,0.0,2.0
2021-02-18,3.41,2021-02-18,2021,2,0,False,2021-02,0.88,0.79,0.36,0.39,0.28,0.4,0.31,1.03,2.38
2021-02-26,3.51,2021-02-26,2021,2,0,False,2021-02,0.91,0.82,0.37,0.4,0.29,0.4,0.31,1.06,2.44
2021-03-13,3.66,2021-03-13,2021,3,0,False,2021-03,0.99,0.9,0.36,0.41,0.29,0.4,0.31,1.06,2.6
2021-03-23,3.66,2021-03-23,2021,3,0,False,2021-03,0.97,0.9,0.37,0.42,0.29,0.4,0.31,1.08,2.58
2021-03-29,3.99,2021-03-29,2021,3,0,False,2021-03,1.1,1.05,0.39,0.44,0.3,0.4,0.31,1.1300000000000001,2.8600000000000003
2021-04-08,4.39,2021-04-08,2021,4,0,False,2021-04,1.23,1.12,0.45,0.48,0.27,0.47,0.37,1.2,3.1900000000000004
2021-04-14,4.41,2021-04-14,2021,4,0,False,2021-04,1.23,1.1,0.44,0.47,0.27,0.5,0.4,1.18,3.23
2021-04-21,3.92,2021-04-21,2021,4,0,False,2021-04,0.98,0.83,0.46,0.48,0.26,0.5,0.4,1.2,2.71
2021-04-27,4.18,2021-04-27,2021,4,0,False,2021-04,1.14,1.01,0.45,0.47,0.28,0.47,0.37,1.2,2.99
2021-05-05,4.12,2021-05-05,2021,5,0,False,2021-05,1.13,1.0,0.43,0.43,0.27,0.5,0.37,1.13,3.0
2021-05-12,3.96,2021-05-12,2021,5,0,False,2021-05,1.02,0.88,0.44,0.46,0.26,0.5,0.4,1.1600000000000001,2.8
2021-05-21,4.34,2021-05-21,2021,5,0,False,2021-05,1.19,1.05,0.46,0.47,0.27,0.5,0.4,1.2,3.14
2021-06-05,4.13,2021-06-05,2021,6,0,False,2021-06,1.15,1.04,0.41,0.42,0.27,0.47,0.37,1.1,3.0300000000000002
2021-06-22,4.44,2021-06-22,2021,6,0,False,2021-06,1.27,1.12,0.43,0.44,0.28,0.5,0.4,1.15,3.29
2021-07-05,4.3,2021-07-05,2021,7,0,False,2021-07,1.17,1.04,0.46,0.48,0.31,0.47,0.37,1.25,3.05
2021-07-17,2.9,2021-07-17,2021,7,0,False,2021-07,0.43,0.37,0.46,0.43,0.35,0.5,0.37,1.24,1.67
2021-08-04,2.6,2021-08-04,2021,8,0,False,2021-08,0.4,0.33,0.37,0.36,0.34,0.43,0.37,1.07,1.53
2021-08-20,2.59,2021-08-20,2021,8,0,False,2021-08,0.38,0.32,0.42,0.35,0.36,0.43,0.34,1.13,1.47
2021-09-03,2.94,2021-09-03,2021,9,0,False,2021-09,0.36,0.32,0.44,0.5,0.54,0.43,0.34,1.48,1.45
2021-09-19,2.62,2021-09-19,2021,9,0,False,2021-09,0.36,0.34,0.4,0.38,0.36,0.43,0.34,1.1400000000000001,1.47
2021-10-10,2.66,2021-10-10,2021,10,0,False,2021-10,0.41,0.37,0.42,0.37,0.35,0.43,0.31,1.1400000000000001,1.52
2021-10-23,2.74,2021-10-23,2021,10,0,False,2021-10,0.46,0.42,0.39,0.35,0.35,0.43,0.34,1.0899999999999999,1.65
2021-11-01,2.7,2021-11-01,2021,11,0,False,2021-11,0.38,0.37,0.45,0.36,0.4,0.43,0.31,1.21,1.49
2021-11-09,1.41,2021-11-09,2021,11,0,False,2021-11,0.39,0.34,0.0,0.0,0.0,0.4,0.28,0.0,1.4100000000000001
2021-11-16,2.87,2021-11-16,2021,11,0,False,2021-11,0.48,0.47,0.47,0.35,0.39,0.4,0.31,1.21,1.6600000000000001
2021-11-24,1.56,2021-11-24,2021,11,0,False,2021-11,0.43,0.39,0.0,0.0,0.0,0.43,0.31,0.0,1.56
2021-12-03,2.9,2021-12-03,2021,12,0,False,2021-12,0.45,0.47,0.48,0.36,0.4,0.43,0.31,1.24,1.66
2021-12-11,2.82,2021-12-11,2021,12,0,False,2021-12,0.45,0.43,0.47,0.35,0.4,0.4,0.31,1.22,1.5899999999999999
2021-12-18,2.71,2021-12-18,2021,12,0,False,2021-12,0.42,0.4,0.45,0.34,0.36,0.43,0.31,1.15,1.56
2021-12-24,2.78,2021-12-24,2021,12,0,False,2021-12,0.43,0.4,0.47,0.35,0.4,0.43,0.31,1.22,1.57
2022-01-04,3.06,2022-01-04,2022,1,1,False,2022-01,0.57,0.55,0.46,0.35,0.39,0.43,0.31,1.2000000000000002,1.86
2022-01-13,2.99,2022-01-13,2022,1,1,False,2022-01,0.5,0.52,0.46,0.35,0.39,0.47,0.31,1.2000000000000002,1.8
2022-01-18,2.95,2022-01-18,2022,1,1,False,2022-01,0.5,0.49,0.47,0.36,0.4,0.43,0.31,1.23,1.73
2022-01-24,3.12,2022-01-24,2022,1,1,False,2022-01,0.53,0.49,0.5,0.36,0.43,0.47,0.34,1.29,1.83
2022-02-12,2.85,2022-02-12,2022,2,1,False,2022-02,0.43,0.42,0.46,0.36,0.39,0.47,0.34,1.21,1.66
2022-02-17,3.07,2022-02-17,2022,2,1,False,2022-02,0.47,0.51,0.47,0.39,0.43,0.47,0.34,1.29,1.79
2022-02-23,3.03,2022-02-23,2022,2,1,False,2022-02,0.49,0.52,0.47,0.36,0.4,0.47,0.34,1.23,1.82
2022-03-09,2.81,2022-03-09,2022,3,1,False,2022-03,0.46,0.49,0.4,0.35,0.31,0.47,0.34,1.06,1.76
2022-03-13,2.6,2022-03-13,2022,3,1,False,2022-03,0.4,0.39,0.41,0.36,0.31,0.43,0.31,1.08,1.53
2022-03-21,2.57,2022-03-21,2022,3,1,False,2022-03,0.41,0.41,0.37,0.33,0.31,0.43,0.31,1.01,1.5599999999999998
2022-03-26,2.58,2022-03-26,2022,3,1,False,2022-03,0.37,0.36,0.4,0.36,0.31,0.43,0.34,1.07,1.5
2022-04-04,2.87,2022-04-04,2022,4,1,False,2022-04,0.47,0.46,0.37,0.39,0.36,0.47,0.37,1.12,1.7699999999999998
2022-04-11,2.57,2022-04-11,2022,4,1,False,2022-04,0.4,0.33,0.35,0.35,0.33,0.47,0.34,1.03,1.54
2022-04-18,2.59,2022-04-18,2022,4,1,False,2022-04,0.39,0.33,0.36,0.36,0.35,0.47,0.34,1.0699999999999998,1.53
2022-04-25,2.87,2022-04-25,2022,4,1,False,2022-04,0.43,0.38,0.39,0.41,0.4,0.5,0.37,1.2000000000000002,1.6800000000000002
2022-05-08,2.79,2022-05-08,2022,5,1,False,2022-05,0.42,0.36,0.37,0.4,0.38,0.5,0.37,1.15,1.65
2022-05-18,2.75,2022-05-18,2022,5,1,False,2022-05,0.39,0.33,0.39,0.42,0.39,0.47,0.37,1.2000000000000002,1.5599999999999998
2022-05-27,2.67,2022-05-27,2022,5,1,False,2022-05,0.41,0.36,0.37,0.37,0.36,0.47,0.34,1.1,1.58
2022-06-07,2.72,2022-06-07,2022,6,1,False,2022-06,0.41,0.35,0.39,0.4,0.36,0.47,0.34,1.15,1.57
2022-06-22,2.53,2022-06-22,2022,6,1,False,2022-06,0.39,0.33,0.36,0.32,0.32,0.47,0.34,1.0,1.53
2022-07-07,2.5,2022-07-07,2022,7,1,False,2022-07,0.39,0.33,0.37,0.31,0.33,0.43,0.34,1.01,1.49
2022-07-22,2.65,2022-07-22,2022,7,1,False,2022-07,0.4,0.35,0.38,0.33,0.32,0.5,0.37,1.03,1.62
2022-08-07,2.58,2022-08-07,2022,8,1,False,2022-08,0.4,0.33,0.38,0.33,0.33,0.47,0.34,1.04,1.54
2022-08-22,2.53,2022-08-22,2022,8,1,False,2022-08,0.38,0.34,0.38,0.33,0.33,0.43,0.34,1.04,1.49
2022-09-07,2.51,2022-09-07,2022,9,1,False,2022-09,0.37,0.34,0.38,0.32,0.33,0.43,0.34,1.03,1.48
2022-09-21,2.45,2022-09-21,2022,9,1,False,2022-09,0.36,0.35,0.38,0.33,0.32,0.4,0.31,1.03,1.42
2022-10-09,1.4,2022-10-09,2022,10,1,False,2022-10,0.39,0.33,0.0,0.0,0.0,0.4,0.28,0.0,1.4
2022-10-21,2.62,2022-10-21,2022,10,1,False,2022-10,0.45,0.44,0.36,0.31,0.32,0.43,0.31,0.99,1.63
2022-11-04,2.44,2022-11-04,2022,11,1,False,2022-11,0.37,0.33,0.39,0.34,0.3,0.4,0.31,1.03,1.4100000000000001
2022-11-11,2.67,2022-11-11,2022,11,1,False,2022-11,0.47,0.46,0.38,0.34,0.31,0.4,0.31,1.03,1.6400000000000001
2022-11-18,2.48,2022-11-18,2022,11,1,False,2022-11,0.43,0.4,0.37,0.31,0.32,0.37,0.28,1.0,1.48
2022-11-25,2.54,2022-11-25,2022,11,1,False,2022-11,0.43,0.4,0.37,0.32,0.31,0.4,0.31,1.0,1.54
2022-12-04,2.53,2022-12-04,2022,12,1,False,2022-12,0.43,0.38,0.38,0.31,0.32,0.4,0.31,1.01,1.52
2022-12-09,2.6,2022-12-09,2022,12,1,False,2022-12,0.44,0.44,0.37,0.32,0.32,0.4,0.31,1.01,1.5899999999999999
2022-12-16,2.41,2022-12-16,2022,12,1,False,2022-12,0.37,0.39,0.37,0.31,0.32,0.37,0.28,1.0,1.4100000000000001
2022-12-23,1.42,2022-12-23,2022,12,1,False,2022-12,0.4,0.37,0.0,0.0,0.0,0.37,0.28,0.0,1.42
2023-01-02,2.64,2023-01-02,2023,1,2,False,2023-01,0.43,0.46,0.37,0.34,0.33,0.4,0.31,1.04,1.6
2023-01-08,2.75,2023-01-08,2023,1,2,False,2023-01,0.51,0.51,0.35,0.3,0.31,0.43,0.34,0.96,1.79
2023-01-15,2.47,2023-01-15,2023,1,2,False,2023-01,0.36,0.34,0.4,0.33,0.33,0.4,0.31,1.06,1.4100000000000001
2023-01-27,2.79,2023-01-27,2023,1,2,False,2023-01,0.45,0.46,0.41,0.37,0.33,0.43,0.34,1.11,1.68
2023-02-02,2.65,2023-02-02,2023,2,2,False,2023-02,0.44,0.44,0.36,0.3,0.31,0.43,0.37,0.97,1.68
2023-02-09,2.71,2023-02-09,2023,2,2,False,2023-02,0.46,0.47,0.37,0.31,0.33,0.43,0.34,1.01,1.7
2023-02-16,2.69,2023-02-16,2023,2,2,False,2023-02,0.43,0.46,0.37,0.31,0.32,0.43,0.37,1.0,1.69
2023-02-23,2.68,2023-02-23,2023,2,2,False,2023-02,0.45,0.43,0.37,0.3,0.32,0.47,0.34,0.99,1.69
2023-03-03,2.56,2023-03-03,2023,3,2,False,2023-03,0.43,0.39,0.36,0.3,0.31,0.43,0.34,0.97,1.59
2023-03-11,2.48,2023-03-11,2023,3,2,False,2023-03,0.4,0.34,0.35,0.3,0.32,0.43,0.34,0.97,1.51
2023-03-19,2.59,2023-03-19,2023,3,2,False,2023-03,0.43,0.43,0.35,0.31,0.33,0.4,0.34,0.99,1.6
2023-03-26,2.39,2023-03-26,2023,3,2,False,2023-03,0.39,0.34,0.34,0.3,0.31,0.4,0.31,0.95,1.44
2023-04-03,2.48,2023-04-03,2023,4,2,False,2023-04,0.4,0.34,0.35,0.31,0.31,0.43,0.34,0.97,1.51
2023-04-10,2.57,2023-04-10,2023,4,2,False,2023-04,0.43,0.41,0.34,0.3,0.32,0.43,0.34,0.96,1.6099999999999999
2023-04-17,2.55,2023-04-17,2023,4,2,False,2023-04,0.4,0.35,0.38,0.32,0.33,0.43,0.34,1.03,1.52
2023-04-23,2.6,2023-04-23,2023,4,2,False,2023-04,0.46,0.37,0.36,0.31,0.33,0.43,0.34,1.0,1.6
2023-05-05,2.55,2023-05-05,2023,5,2,False,2023-05,0.41,0.35,0.37,0.32,0.33,0.43,0.34,1.02,1.53
2023-05-12,2.62,2023-05-12,2023,5,2,False,2023-05,0.4,0.33,0.47,0.35,0.36,0.4,0.31,1.18,1.44
2023-05-21,2.61,2023-05-21,2023,5,2,False,2023-05,0.47,0.38,0.36,0.33,0.33,0.43,0.31,1.02,1.5899999999999999
2023-06-06,2.74,2023-06-06,2023,6,2,False,2023-06,0.48,0.39,0.39,0.32,0.35,0.47,0.34,1.06,1.68
2023-06-20,2.81,2023-06-20,2023,6,2,False,2023-06,0.42,0.42,0.48,0.35,0.43,0.4,0.31,1.26,1.5499999999999998
2023-07-06,2.78,2023-07-06,2023,7,2,False,2023-07,0.39,0.38,0.44,0.37,0.43,0.43,0.34,1.24,1.54
2023-07-20,3.01,2023-07-20,2023,7,2,False,2023-07,0.43,0.4,0.45,0.45,0.47,0.47,0.34,1.37,1.6400000000000001
2023-08-11,2.25,2023-08-11,2023,8,2,False,2023-08,0.37,0.33,0.34,0.36,0.26,0.34,0.25,0.96,1.29
2023-08-21,2.29,2023-08-21,2023,8,2,False,2023-08,0.4,0.33,0.34,0.37,0.26,0.34,0.25,0.97,1.32
2023-09-04,2.32,2023-09-04,2023,9,2,False,2023-09,0.41,0.37,0.33,0.36,0.26,0.34,0.25,0.95,1.37
2023-09-20,2.21,2023-09-20,2023,9,2,False,2023-09,0.37,0.31,0.32,0.35,0.27,0.34,0.25,0.94,1.27
2023-10-08,2.22,2023-10-08,2023,10,2,False,2023-10,0.4,0.39,0.29,0.34,0.27,0.31,0.22,0.9,1.32
2023-10-22,2.39,2023-10-22,2023,10,2,False,2023-10,0.47,0.42,0.29,0.34,0.28,0.34,0.25,0.91,1.48
2023-11-12,1.9,2023-11-12,2023,11,2,False,2023-11,0.3,0.3,0.3,0.2,0.3,0.3,0.2,0.8,1.1
2023-11-20,2.6,2023-11-20,2023,11,2,False,2023-11,0.6,0.6,0.3,0.3,0.3,0.3,0.2,0.8999999999999999,1.7
2023-11-26,2.1,2023-11-26,2023,11,2,False,2023-11,0.4,0.4,0.3,0.2,0.3,0.3,0.2,0.8,1.3
2023-12-04,2.9,2023-12-04,2023,12,2,False,2023-12,0.7,0.7,0.3,0.3,0.3,0.3,0.3,0.8999999999999999,2.0
2023-12-09,2.3,2023-12-09,2023,12,2,False,2023-12,0.4,0.4,0.3,0.3,0.3,0.3,0.3,0.8999999999999999,1.4000000000000001
2023-12-18,2.4,2023-12-18,2023,12,2,False,2023-12,0.5,0.5,0.3,0.3,0.3,0.3,0.2,0.8999999999999999,1.5
2023-12-25,2.6,2023-12-25,2023,12,2,False,2023-12,0.6,0.6,0.3,0.3,0.3,0.3,0.2,0.8999999999999999,1.7
2024-01-02,2.4,2024-01-02,2024,1,3,False,2024-01,0.5,0.5,0.3,0.3,0.3,0.3,0.2,0.8999999999999999,1.5
2024-01-09,2.4,2024-01-09,2024,1,3,False,2024-01,0.5,0.5,0.3,0.3,0.3,0.3,0.2,0.8999999999999999,1.5
2024-01-18,2.4,2024-01-18,2024,1,3,False,2024-01,0.5,0.5,0.3,0.3,0.3,0.3,0.2,0.8999999999999999,1.5
2024-01-25,2.6,2024-01-25,2024,1,3,False,2024-01,0.6,0.6,0.3,0.3,0.3,0.3,0.2,0.8999999999999999,1.7
2024-02-04,2.3,2024-02-04,2024,2,3,False,2024-02,0.5,0.5,0.3,0.2,0.3,0.3,0.2,0.8,1.5
2024-02-15,2.2,2024-02-15,2024,2,3,False,2024-02,0.4,0.4,0.3,0.3,0.3,0.3,0.2,0.8999999999999999,1.3
2024-02-20,2.1,2024-02-20,2024,2,3,False,2024-02,0.3,0.3,0.3,0.3,0.3,0.3,0.3,0.8999999999999999,1.2
2024-02-25,2.4,2024-02-25,2024,2,3,False,2024-02,0.5,0.5,0.3,0.3,0.3,0.3,0.2,0.8999999999999999,1.5
2024-03-03,2.2,2024-03-03,2024,3,3,False,2024-03,0.4,0.4,0.3,0.3,0.3,0.3,0.2,0.8999999999999999,1.3
2024-03-10,2.4,2024-03-10,2024,3,3,False,2024-03,0.5,0.5,0.3,0.3,0.3,0.3,0.2,0.8999999999999999,1.5
2024-03-18,2.0,2024-03-18,2024,3,3,False,2024-03,0.3,0.3,0.3,0.3,0.3,0.3,0.2,0.8999999999999999,1.1
2024-03-25,2.2,2024-03-25,2024,3,3,False,2024-03,0.4,0.4,0.3,0.3,0.3,0.3,0.2,0.8999999999999999,1.3
2024-04-10,2.0,2024-04-10,2024,4,3,False,2024-04,0.3,0.3,0.3,0.3,0.3,0.3,0.2,0.8999999999999999,1.1
2024-04-18,2.0,2024-04-18,2024,4,3,False,2024-04,0.3,0.3,0.3,0.3,0.3,0.3,0.2,0.8999999999999999,1.1
2024-04-25,2.0,2024-04-25,2024,4,3,False,2024-04,0.3,0.3,0.3,0.3,0.3,0.3,0.2,0.8999999999999999,1.1
2024-05-05,2.0,2024-05-05,2024,5,3,False,2024-05,0.3,0.3,0.3,0.3,0.3,0.3,0.2,0.8999999999999999,1.1
2024-05-10,2.2,2024-05-10,2024,5,3,False,2024-05,0.3,0.3,0.3,0.3,0.3,0.4,0.3,0.8999999999999999,1.2999999999999998
2024-05-20,2.0,2024-05-20,2024,5,3,False,2024-05,0.3,0.3,0.3,0.3,0.3,0.3,0.2,0.8999999999999999,1.1
2024-06-07,2.0,2024-06-07,2024,6,3,False,2024-06,0.3,0.3,0.3,0.3,0.3,0.3,0.2,0.8999999999999999,1.1
2024-06-20,2.1,2024-06-20,2024,6,3,False,2024-06,0.4,0.3,0.3,0.3,0.3,0.3,0.2,0.8999999999999999,1.2
2024-07-07,2.2,2024-07-07,2024,7,3,False,2024-07,0.4,0.3,0.4,0.3,0.3,0.3,0.2,1.0,1.2
2024-07-20,2.2,2024-07-20,2024,7,3,False,2024-07,0.4,0.3,0.4,0.3,0.3,0.3,0.2,1.0,1.2
2024-08-07,2.4,2024-08-07,2024,8,3,False,2024-08,0.4,0.3,0.5,0.4,0.3,0.3,0.2,1.2,1.2
2024-08-20,2.1,2024-08-20,2024,8,3,False,2024-08,0.4,0.3,0.3,0.3,0.3,0.3,0.2,0.8999999999999999,1.2
2024-09-05,2.2,2024-09-05,2024,9,3,False,2024-09,0.4,0.3,0.3,0.3,0.3,0.3,0.3,0.8999999999999999,1.3
2024-09-19,2.2,2024-09-19,2024,9,3,False,2024-09,0.4,0.3,0.3,0.3,0.3,0.3,0.3,0.8999999999999999,1.3
2024-10-09,2.4,2024-10-09,2024,10,3,False,2024-10,0.5,0.4,0.3,0.3,0.3,0.3,0.3,0.8999999999999999,1.5
2024-10-23,2.2,2024-10-23,2024,10,3,False,2024-10,0.4,0.4,0.3,0.3,0.3,0.3,0.2,0.8999999999999999,1.3
2024-11-03,2.4,2024-11-03,2024,11,3,False,2024-11,0.5,0.4,0.3,0.3,0.3,0.3,0.3,0.8999999999999999,1.5
2024-11-09,2.6,2024-11-09,2024,11,3,False,2024-11,0.6,0.6,0.3,0.3,0.3,0.3,0.2,0.8999999999999999,1.7
2024-11-17,2.0,2024-11-17,2024,11,3,False,2024-11,0.3,0.3,0.3,0.3,0.3,0.3,0.2,0.8999999999999999,1.1
2024-11-24,2.5,2024-11-24,2024,11,3,False,2024-11,0.6,0.5,0.3,0.3,0.3,0.3,0.2,0.8999999999999999,1.6
2024-12-03,2.2,2024-12-03,2024,12,3,False,2024-12,0.4,0.4,0.3,0.3,0.3,0.3,0.2,0.8999999999999999,1.3
2024-12-10,2.4,2024-12-10,2024,12,3,False,2024-12,0.5,0.5,0.3,0.3,0.3,0.3,0.2,0.8999999999999999,1.5
2024-12-18,2.3,2024-12-18,2024,12,3,False,2024-12,0.5,0.4,0.3,0.3,0.3,0.3,0.2,0.8999999999999999,1.4000000000000001
2024-12-25,2.6,2024-12-25,2024,12,3,False,2024-12,0.6,0.6,0.3,0.3,0.3,0.3,0.2,0.8999999999999999,1.7
2025-01-05,2.4,2025-01-05,2025,1,4,False,2025-01,0.5,0.5,0.3,0.3,0.3,0.3,0.2,0.8999999999999999,1.5
2025-01-11,2.4,2025-01-11,2025,1,4,False,2025-01,0.5,0.5,0.3,0.3,0.3,0.3,0.2,0.8999999999999999,1.5
2025-01-16,2.5,2025-01-16,2025,1,4,False,2025-01,0.6,0.5,0.3,0.3,0.3,0.3,0.2,0.8999999999999999,1.6
2025-01-22,2.2,2025-01-22,2025,1,4,False,2025-01,0.4,0.4,0.3,0.3,0.3,0.3,0.2,0.8999999999999999,1.3
2025-02-02,2.2,2025-02-02,2025,2,4,False,2025-02,0.4,0.4,0.3,0.3,0.3,0.3,0.2,0.8999999999999999,1.3
2025-02-09,2.4,2025-02-09,2025,2,4,False,2025-02,0.5,0.5,0.3,0.3,0.3,0.3,0.2,0.8999999999999999,1.5
2025-02-16,2.3,2025-02-16,2025,2,4,False,2025-02,0.5,0.4,0.3,0.3,0.3,0.3,0.2,0.8999999999999999,1.4000000000000001
2025-02-23,2.2,2025-02-23,2025,2,4,False,2025-02,0.4,0.4,0.3,0.3,0.3,0.3,0.2,0.8999999999999999,1.3
2025-03-03,2.2,2025-03-03,2025,3,4,False,2025-03,0.4,0.4,0.3,0.3,0.3,0.3,0.2,0.8999999999999999,1.3
2025-03-10,2.6,2025-03-10,2025,3,4,False,2025-03,0.6,0.6,0.3,0.3,0.3,0.3,0.2,0.8999999999999999,1.7
2025-03-18,2.1,2025-03-18,2025,3,4,False,2025-03,0.4,0.3,0.3,0.3,0.3,0.3,0.2,0.8999999999999999,1.2
2025-04-03,2.2,2025-04-03,2025,4,4,False,2025-04,0.4,0.4,0.3,0.3,0.3,0.3,0.2,0.8999999999999999,1.3
2025-04-10,2.2,2025-04-10,2025,4,4,False,2025-04,0.4,0.4,0.3,0.3,0.3,0.3,0.2,0.8999999999999999,1.3
2025-04-25,2.0,2025-04-25,2025,4,4,False,2025-04,0.3,0.3,0.3,0.3,0.3,0.3,0.2,0.8999999999999999,1.1
2025-05-06,2.0,2025-05-06,2025,5,4,False,2025-05,0.3,0.3,0.3,0.3,0.3,0.3,0.2,0.8999999999999999,1.1
2025-06-05,2.1,2025-06-05,2025,6,4,False,2025-06,0.3,0.3,0.3,0.3,0.3,0.3,0.3,0.8999999999999999,1.2
2025-06-20,1.9,2025-06-20,2025,6,4,False,2025-06,0.3,0.2,0.3,0.3,0.3,0.3,0.2,0.8999999999999999,1.0
2025-07-06,1.9,2025-07-06,2025,7,4,False,2025-07,0.3,0.2,0.3,0.3,0.3,0.3,0.2,0.8999999999999999,1.0
2025-07-19,1.9,2025-07-19,2025,7,4,False,2025-07,0.3,0.2,0.3,0.3,0.3,0.3,0.2,0.8999999999999999,1.0
2025-08-04,2.0,2025-08-04,2025,8,4,False,2025-08,0.3,0.3,0.3,0.3,0.3,0.3,0.2,0.8999999999999999,1.1
2025-08-20,2.0,2025-08-20,2025,8,4,False,2025-08,0.3,0.3,0.3,0.3,0.3,0.3,0.2,0.8999999999999999,1.1
2025-09-04,2.1,2025-09-04,2025,9,4,False,2025-09,0.4,0.3,0.3,0.3,0.3,0.3,0.2,0.8999999999999999,1.2
2025-09-20,2.0,2025-09-20,2025,9,4,False,2025-09,0.3,0.3,0.3,0.3,0.3,0.3,0.2,0.8999999999999999,1.1
2025-10-10,2.0,2025-10-10,2025,10,4,False,2025-10,0.3,0.3,0.3,0.3,0.3,0.3,0.2,0.8999999999999999,1.1
2025-10-23,2.2,2025-10-23,2025,10,4,False,2025-10,0.4,0.4,0.3,0.3,0.3,0.3,0.2,0.8999999999999999,1.3
2025-11-03,2.2,2025-11-03,2025,11,4,False,2025-11,0.4,0.4,0.3,0.3,0.3,0.3,0.2,0.8999999999999999,1.3
2025-11-10,2.1,2025-11-10,2025,11,4,False,2025-11,0.4,0.3,0.3,0.3,0.3,0.3,0.2,0.8999999999999999,1.2
2025-11-18,2.0,2025-11-18,2025,11,4,False,2025-11,0.3,0.3,0.3,0.3,0.3,0.3,0.2,0.8999999999999999,1.1
2025-11-25,2.1,2025-11-25,2025,11,4,False,2025-11,0.4,0.3,0.3,0.3,0.3,0.3,0.2,0.8999999999999999,1.2
2025-12-03,1.9,2025-12-03,2025,12,4,False,2025-12,0.3,0.2,0.3,0.3,0.3,0.3,0.2,0.8999999999999999,1.0
2025-12-10,2.2,2025-12-10,2025,12,4,False,2025-12,0.4,0.3,0.3,0.3,0.3,0.3,0.3,0.8999999999999999,1.3
2025-12-27,2.0,2025-12-27,2025,12,4,False,2025-12,0.4,0.3,0.3,0.3,0.3,0.2,0.2,0.8999999999999999,1.0999999999999999
2026-01-03,2.2,2026-01-03,2026,1,5,False,2026-01,0.4,0.4,0.3,0.3,0.3,0.3,0.2,0.8999999999999999,1.3
2026-01-09,2.1,2026-01-09,2026,1,5,False,2026-01,0.4,0.4,0.3,0.3,0.3,0.2,0.2,0.8999999999999999,1.2
2026-01-18,2.0,2026-01-18,2026,1,5,False,2026-01,0.4,0.3,0.3,0.3,0.3,0.2,0.2,0.8999999999999999,1.0999999999999999
2026-01-26,2.2,2026-01-26,2026,1,5,False,2026-01,0.4,0.4,0.3,0.3,0.3,0.3,0.2,0.8999999999999999,1.3
2026-02-02,2.3,2026-02-02,2026,2,5,False,2026-02,0.5,0.4,0.3,0.3,0.3,0.3,0.2,0.8999999999999999,1.4000000000000001
2026-02-09,2.4,2026-02-09,2026,2,5,False,2026-02,0.5,0.5,0.3,0.3,0.3,0.3,0.2,0.8999999999999999,1.5
2026-02-21,2.6,2026-02-21,2026,2,5,False,2026-02,0.6,0.6,0.3,0.3,0.3,0.3,0.2,0.8999999999999999,1.7
2026-02-26,2.0,2026-02-26,2026,2,5,False,2026-02,0.3,0.3,0.3,0.3,0.3,0.3,0.2,0.8999999999999999,1.1
2026-03-05,2.0,2026-03-05,2026,3,5,False,2026-03,0.3,0.3,0.3,0.3,0.3,0.3,0.2,0.8999999999999999,1.1
2026-03-12,2.2,2026-03-12,2026,3,5,False,2026-03,0.4,0.4,0.3,0.3,0.3,0.3,0.2,0.8999999999999999,1.3
2026-03-19,1.9,2026-03-19,2026,3,5,False,2026-03,0.3,0.2,0.3,0.3,0.3,0.3,0.2,0.8999999999999999,1.0
