日期,TQI值,检测日期,年份,月份,距2021年,是否异常,样本权重,年月
2012-12-12,2.225,2012-12-12,2012,12,-9,False,1.0,2012-12
2012-12-20,2.183,2012-12-20,2012,12,-9,False,1.0,2012-12
2012-12-28,2.288,2012-12-28,2012,12,-9,False,1.0,2012-12
2013-01-10,2.274,2013-01-10,2013,1,-8,False,1.0,2013-01
2013-01-18,2.34,2013-01-18,2013,1,-8,False,1.0,2013-01
2013-01-30,2.334,2013-01-30,2013,1,-8,False,1.0,2013-01
2013-03-01,2.011,2013-03-01,2013,3,-8,False,1.0,2013-03
2013-03-20,2.744,2013-03-20,2013,3,-8,False,1.0,2013-03
2013-03-29,2.532,2013-03-29,2013,3,-8,False,1.0,2013-03
2013-04-06,2.527,2013-04-06,2013,4,-8,False,1.0,2013-04
2013-04-19,3.056,2013-04-19,2013,4,-8,False,1.0,2013-04
2013-04-25,2.961,2013-04-25,2013,4,-8,False,1.0,2013-04
2013-05-04,2.743,2013-05-04,2013,5,-8,False,1.0,2013-05
2013-05-15,2.729,2013-05-15,2013,5,-8,False,1.0,2013-05
2013-05-31,2.681,2013-05-31,2013,5,-8,False,1.0,2013-05
2013-06-11,2.954,2013-06-11,2013,6,-8,False,1.0,2013-06
2013-06-20,2.954,2013-06-20,2013,6,-8,False,1.0,2013-06
2013-07-04,2.614,2013-07-04,2013,7,-8,False,3.0,2013-07
2013-07-12,2.8,2013-07-12,2013,7,-8,False,3.0,2013-07
2013-07-22,2.868,2013-07-22,2013,7,-8,False,3.0,2013-07
2013-08-16,3.029,2013-08-16,2013,8,-8,False,3.0,2013-08
2013-08-19,2.731,2013-08-19,2013,8,-8,False,3.0,2013-08
2013-08-30,5.255,2013-08-30,2013,8,-8,True,0.8999999999999999,2013-08
2013-09-28,2.846,2013-09-28,2013,9,-8,False,4.5,2013-09
2013-10-29,3.06,2013-10-29,2013,10,-8,False,1.5,2013-10
2013-11-13,2.776,2013-11-13,2013,11,-8,False,1.0,2013-11
2013-11-27,3.258,2013-11-27,2013,11,-8,False,1.0,2013-11
2013-12-11,2.531,2013-12-11,2013,12,-8,False,1.0,2013-12
2013-12-23,2.416,2013-12-23,2013,12,-8,False,1.0,2013-12
2014-01-10,2.945,2014-01-10,2014,1,-7,False,1.0,2014-01
2014-01-24,2.269,2014-01-24,2014,1,-7,False,1.0,2014-01
2014-02-03,2.88,2014-02-03,2014,2,-7,False,1.0,2014-02
2014-02-17,2.499,2014-02-17,2014,2,-7,False,1.0,2014-02
2014-02-23,2.485,2014-02-23,2014,2,-7,False,1.0,2014-02
2014-03-07,2.806,2014-03-07,2014,3,-7,False,1.0,2014-03
2014-03-17,2.65,2014-03-17,2014,3,-7,False,1.0,2014-03
2014-03-27,2.822,2014-03-27,2014,3,-7,False,1.0,2014-03
2014-04-04,3.05,2014-04-04,2014,4,-7,False,1.0,2014-04
2014-04-22,3.219,2014-04-22,2014,4,-7,False,1.0,2014-04
2014-05-16,2.33,2014-05-16,2014,5,-7,False,1.0,2014-05
2014-05-30,3.21,2014-05-30,2014,5,-7,False,1.0,2014-05
2014-06-16,3.04,2014-06-16,2014,6,-7,False,1.0,2014-06
2014-06-29,3.13,2014-06-29,2014,6,-7,False,1.0,2014-06
2014-07-23,2.95,2014-07-23,2014,7,-7,False,4.5,2014-07
2014-08-10,3.12,2014-08-10,2014,8,-7,False,3.0,2014-08
2014-08-27,2.96,2014-08-27,2014,8,-7,False,3.0,2014-08
2014-09-15,3.02,2014-09-15,2014,9,-7,False,3.0,2014-09
2014-09-29,3.31,2014-09-29,2014,9,-7,False,3.0,2014-09
2014-10-06,2.96,2014-10-06,2014,10,-7,False,1.0,2014-10
2014-10-21,3.21,2014-10-21,2014,10,-7,False,1.0,2014-10
2014-11-06,3.13,2014-11-06,2014,11,-7,False,1.0,2014-11
2014-11-21,2.76,2014-11-21,2014,11,-7,False,1.0,2014-11
2014-12-07,2.89,2014-12-07,2014,12,-7,False,1.0,2014-12
2014-12-20,2.88,2014-12-20,2014,12,-7,False,1.0,2014-12
2014-12-23,2.65,2014-12-23,2014,12,-7,False,1.0,2014-12
2014-12-26,2.59,2014-12-26,2014,12,-7,False,1.0,2014-12
2014-12-29,2.75,2014-12-29,2014,12,-7,False,1.0,2014-12
2014-12-31,2.71,2014-12-31,2014,12,-7,False,1.0,2014-12
2015-01-03,2.63,2015-01-03,2015,1,-6,False,1.0,2015-01
2015-01-07,2.84,2015-01-07,2015,1,-6,False,1.0,2015-01
2015-01-10,2.65,2015-01-10,2015,1,-6,False,1.0,2015-01
2015-01-13,2.31,2015-01-13,2015,1,-6,False,1.0,2015-01
2015-01-17,2.31,2015-01-17,2015,1,-6,False,1.0,2015-01
2015-01-24,2.81,2015-01-24,2015,1,-6,False,1.0,2015-01
2015-01-26,2.93,2015-01-26,2015,1,-6,False,1.0,2015-01
2015-01-30,2.84,2015-01-30,2015,1,-6,False,1.0,2015-01
2015-02-02,2.68,2015-02-02,2015,2,-6,False,1.0,2015-02
2015-02-05,2.77,2015-02-05,2015,2,-6,False,1.0,2015-02
2015-02-11,2.84,2015-02-11,2015,2,-6,False,1.0,2015-02
2015-02-17,1.88,2015-02-17,2015,2,-6,False,1.0,2015-02
2015-02-22,1.75,2015-02-22,2015,2,-6,False,1.0,2015-02
2015-02-27,3.11,2015-02-27,2015,2,-6,False,1.0,2015-02
2015-03-03,2.96,2015-03-03,2015,3,-6,False,1.0,2015-03
2015-03-07,2.93,2015-03-07,2015,3,-6,False,1.0,2015-03
2015-03-11,3.27,2015-03-11,2015,3,-6,False,1.0,2015-03
2015-03-15,2.96,2015-03-15,2015,3,-6,False,1.0,2015-03
2015-03-19,2.99,2015-03-19,2015,3,-6,False,1.0,2015-03
2015-03-24,3.39,2015-03-24,2015,3,-6,False,1.0,2015-03
2015-03-25,3.05,2015-03-25,2015,3,-6,False,1.0,2015-03
2015-03-26,2.97,2015-03-26,2015,3,-6,False,1.0,2015-03
2015-03-30,2.99,2015-03-30,2015,3,-6,False,1.0,2015-03
2015-05-15,3.4,2015-05-15,2015,5,-6,False,1.0,2015-05
2015-05-28,3.22,2015-05-28,2015,5,-6,False,1.0,2015-05
2015-06-15,3.49,2015-06-15,2015,6,-6,False,1.0,2015-06
2015-06-28,3.62,2015-06-28,2015,6,-6,False,1.0,2015-06
2015-07-15,3.64,2015-07-15,2015,7,-6,False,3.0,2015-07
2015-07-28,3.4,2015-07-28,2015,7,-6,False,3.0,2015-07
2015-08-15,3.53,2015-08-15,2015,8,-6,False,3.0,2015-08
2015-08-28,2.67,2015-08-28,2015,8,-6,False,3.0,2015-08
2015-09-22,3.2,2015-09-22,2015,9,-6,False,4.5,2015-09
2015-10-17,2.96,2015-10-17,2015,10,-6,False,1.0,2015-10
2015-10-30,3.18,2015-10-30,2015,10,-6,False,1.0,2015-10
2015-11-22,3.16,2015-11-22,2015,11,-6,False,1.0,2015-11
2015-11-28,2.92,2015-11-28,2015,11,-6,False,1.0,2015-11
2015-12-04,2.83,2015-12-04,2015,12,-6,False,1.0,2015-12
2015-12-08,2.76,2015-12-08,2015,12,-6,False,1.0,2015-12
2015-12-12,2.87,2015-12-12,2015,12,-6,False,1.0,2015-12
2015-12-18,2.79,2015-12-18,2015,12,-6,False,1.0,2015-12
2015-12-24,3.1,2015-12-24,2015,12,-6,False,1.0,2015-12
2016-01-03,2.78,2016-01-03,2016,1,-5,False,1.0,2016-01
2016-01-07,2.78,2016-01-07,2016,1,-5,False,1.0,2016-01
2016-01-12,2.78,2016-01-12,2016,1,-5,False,1.0,2016-01
2016-01-27,2.65,2016-01-27,2016,1,-5,False,1.0,2016-01
2016-02-01,2.8,2016-02-01,2016,2,-5,False,1.0,2016-02
2016-02-13,2.25,2016-02-13,2016,2,-5,False,1.0,2016-02
2016-02-18,3.09,2016-02-18,2016,2,-5,False,1.0,2016-02
2016-02-25,3.15,2016-02-25,2016,2,-5,False,1.0,2016-02
2016-03-06,3.05,2016-03-06,2016,3,-5,False,1.0,2016-03
2016-03-17,2.76,2016-03-17,2016,3,-5,False,1.0,2016-03
2016-03-24,3.36,2016-03-24,2016,3,-5,False,1.0,2016-03
2016-03-29,3.19,2016-03-29,2016,3,-5,False,1.0,2016-03
2016-04-06,3.13,2016-04-06,2016,4,-5,False,1.0,2016-04
2016-04-12,3.44,2016-04-12,2016,4,-5,False,1.0,2016-04
2016-04-18,3.14,2016-04-18,2016,4,-5,False,1.0,2016-04
2016-04-22,3.27,2016-04-22,2016,4,-5,False,1.0,2016-04
2016-04-25,3.43,2016-04-25,2016,4,-5,False,1.0,2016-04
2016-04-28,3.42,2016-04-28,2016,4,-5,False,1.0,2016-04
2016-05-03,2.6,2016-05-03,2016,5,-5,False,1.0,2016-05
2016-05-10,3.34,2016-05-10,2016,5,-5,False,1.0,2016-05
2016-06-14,3.62,2016-06-14,2016,6,-5,False,1.0,2016-06
2016-06-24,3.74,2016-06-24,2016,6,-5,False,1.0,2016-06
2016-07-06,3.81,2016-07-06,2016,7,-5,False,3.0,2016-07
2016-07-15,3.7,2016-07-15,2016,7,-5,False,3.0,2016-07
2016-08-07,3.71,2016-08-07,2016,8,-5,False,3.0,2016-08
2016-08-24,3.61,2016-08-24,2016,8,-5,False,3.0,2016-08
2016-09-08,3.51,2016-09-08,2016,9,-5,False,3.0,2016-09
2016-09-25,3.42,2016-09-25,2016,9,-5,False,3.0,2016-09
2016-10-11,3.32,2016-10-11,2016,10,-5,False,1.0,2016-10
2016-10-25,3.06,2016-10-25,2016,10,-5,False,1.0,2016-10
2016-11-06,2.42,2016-11-06,2016,11,-5,False,1.0,2016-11
2016-11-11,2.26,2016-11-11,2016,11,-5,False,1.0,2016-11
2016-11-16,3.37,2016-11-16,2016,11,-5,False,1.0,2016-11
2016-11-23,3.4,2016-11-23,2016,11,-5,False,1.0,2016-11
2016-11-27,3.24,2016-11-27,2016,11,-5,False,1.0,2016-11
2016-12-02,2.16,2016-12-02,2016,12,-5,False,1.0,2016-12
2016-12-09,3.22,2016-12-09,2016,12,-5,False,1.0,2016-12
2016-12-15,3.31,2016-12-15,2016,12,-5,False,1.0,2016-12
2016-12-22,2.43,2016-12-22,2016,12,-5,False,1.0,2016-12
2016-12-28,3.36,2016-12-28,2016,12,-5,False,1.0,2016-12
2017-01-04,3.32,2017-01-04,2017,1,-4,False,1.0,2017-01
2017-01-12,3.3,2017-01-12,2017,1,-4,False,1.0,2017-01
2017-01-21,3.09,2017-01-21,2017,1,-4,False,1.0,2017-01
2017-02-06,3.23,2017-02-06,2017,2,-4,False,1.0,2017-02
2017-02-13,3.1,2017-02-13,2017,2,-4,False,1.0,2017-02
2017-02-24,2.9,2017-02-24,2017,2,-4,False,1.0,2017-02
2017-03-02,3.29,2017-03-02,2017,3,-4,False,1.0,2017-03
2017-03-15,3.19,2017-03-15,2017,3,-4,False,1.0,2017-03
2017-03-21,3.38,2017-03-21,2017,3,-4,False,1.0,2017-03
2017-04-02,3.3,2017-04-02,2017,4,-4,False,1.0,2017-04
2017-04-07,3.6,2017-04-07,2017,4,-4,False,1.0,2017-04
2017-04-13,3.5,2017-04-13,2017,4,-4,False,1.0,2017-04
2017-04-19,3.94,2017-04-19,2017,4,-4,False,1.0,2017-04
2017-04-24,3.82,2017-04-24,2017,4,-4,False,1.0,2017-04
2017-04-28,3.58,2017-04-28,2017,4,-4,False,1.0,2017-04
2017-05-05,3.86,2017-05-05,2017,5,-4,False,1.0,2017-05
2017-05-23,2.93,2017-05-23,2017,5,-4,False,1.0,2017-05
2017-06-08,3.59,2017-06-08,2017,6,-4,False,1.0,2017-06
2017-06-26,3.6,2017-06-26,2017,6,-4,False,1.0,2017-06
2017-07-08,3.49,2017-07-08,2017,7,-4,False,3.0,2017-07
2017-07-26,3.92,2017-07-26,2017,7,-4,False,3.0,2017-07
2017-08-26,3.73,2017-08-26,2017,8,-4,False,4.5,2017-08
2017-09-08,3.69,2017-09-08,2017,9,-4,False,4.5,2017-09
2017-10-08,3.43,2017-10-08,2017,10,-4,False,1.0,2017-10
2017-10-28,3.24,2017-10-28,2017,10,-4,False,1.0,2017-10
2017-11-08,3.48,2017-11-08,2017,11,-4,False,1.0,2017-11
2017-11-16,3.4,2017-11-16,2017,11,-4,False,1.0,2017-11
2017-11-20,3.3,2017-11-20,2017,11,-4,False,1.0,2017-11
2017-11-23,3.24,2017-11-23,2017,11,-4,False,1.0,2017-11
2017-11-26,3.28,2017-11-26,2017,11,-4,False,1.0,2017-11
2017-11-30,3.39,2017-11-30,2017,11,-4,False,1.0,2017-11
2017-12-03,3.25,2017-12-03,2017,12,-4,False,1.0,2017-12
2017-12-07,3.2,2017-12-07,2017,12,-4,False,1.0,2017-12
2017-12-10,3.35,2017-12-10,2017,12,-4,False,1.0,2017-12
2017-12-13,3.33,2017-12-13,2017,12,-4,False,1.0,2017-12
2017-12-17,3.04,2017-12-17,2017,12,-4,False,1.0,2017-12
2017-12-23,3.05,2017-12-23,2017,12,-4,False,1.0,2017-12
2018-01-05,3.25,2018-01-05,2018,1,-3,False,1.0,2018-01
2018-01-18,3.17,2018-01-18,2018,1,-3,False,1.0,2018-01
2018-01-30,3.39,2018-01-30,2018,1,-3,False,1.0,2018-01
2018-02-05,3.42,2018-02-05,2018,2,-3,False,1.0,2018-02
2018-02-13,3.0,2018-02-13,2018,2,-3,False,1.0,2018-02
2018-02-23,2.11,2018-02-23,2018,2,-3,False,1.0,2018-02
2018-03-11,3.13,2018-03-11,2018,3,-3,False,1.0,2018-03
2018-03-16,2.34,2018-03-16,2018,3,-3,False,1.0,2018-03
2018-03-21,3.43,2018-03-21,2018,3,-3,False,1.0,2018-03
2018-03-26,2.92,2018-03-26,2018,3,-3,False,1.0,2018-03
2018-03-30,3.68,2018-03-30,2018,3,-3,False,1.0,2018-03
2018-04-03,3.78,2018-04-03,2018,4,-3,False,1.0,2018-04
2018-04-08,3.41,2018-04-08,2018,4,-3,False,1.0,2018-04
2018-04-12,3.42,2018-04-12,2018,4,-3,False,1.0,2018-04
2018-04-17,3.12,2018-04-17,2018,4,-3,False,1.0,2018-04
2018-04-23,2.51,2018-04-23,2018,4,-3,False,1.0,2018-04
2018-04-28,3.4,2018-04-28,2018,4,-3,False,1.0,2018-04
2018-05-04,3.73,2018-05-04,2018,5,-3,False,1.0,2018-05
2018-05-09,3.83,2018-05-09,2018,5,-3,False,1.0,2018-05
2018-05-19,3.77,2018-05-19,2018,5,-3,False,1.0,2018-05
2018-06-15,3.87,2018-06-15,2018,6,-3,False,1.0,2018-06
2018-06-22,3.7,2018-06-22,2018,6,-3,False,1.0,2018-06
2018-07-01,3.67,2018-07-01,2018,7,-3,False,3.0,2018-07
2018-07-19,3.39,2018-07-19,2018,7,-3,False,3.0,2018-07
2018-08-04,3.61,2018-08-04,2018,8,-3,False,3.0,2018-08
2018-08-23,3.63,2018-08-23,2018,8,-3,False,3.0,2018-08
2018-09-05,3.63,2018-09-05,2018,9,-3,False,3.0,2018-09
2018-09-23,4.36,2018-09-23,2018,9,-3,False,3.0,2018-09
2018-10-05,3.56,2018-10-05,2018,10,-3,False,1.0,2018-10
2018-10-19,3.38,2018-10-19,2018,10,-3,False,1.0,2018-10
2018-11-10,3.37,2018-11-10,2018,11,-3,False,1.0,2018-11
2018-11-15,3.33,2018-11-15,2018,11,-3,False,1.0,2018-11
2018-11-20,3.52,2018-11-20,2018,11,-3,False,1.0,2018-11
2018-11-24,3.28,2018-11-24,2018,11,-3,False,1.0,2018-11
2018-11-28,3.5,2018-11-28,2018,11,-3,False,1.0,2018-11
2018-12-03,3.21,2018-12-03,2018,12,-3,False,1.0,2018-12
2018-12-07,3.71,2018-12-07,2018,12,-3,False,1.0,2018-12
2018-12-12,3.36,2018-12-12,2018,12,-3,False,1.0,2018-12
2018-12-16,3.25,2018-12-16,2018,12,-3,False,1.0,2018-12
2018-12-21,2.19,2018-12-21,2018,12,-3,False,1.0,2018-12
2018-12-25,3.31,2018-12-25,2018,12,-3,False,1.0,2018-12
2018-12-29,3.28,2018-12-29,2018,12,-3,False,1.0,2018-12
2019-01-02,3.07,2019-01-02,2019,1,-2,False,1.0,2019-01
2019-01-07,3.22,2019-01-07,2019,1,-2,False,1.0,2019-01
2019-01-12,3.2,2019-01-12,2019,1,-2,False,1.0,2019-01
2019-01-18,3.46,2019-01-18,2019,1,-2,False,1.0,2019-01
2019-01-23,3.32,2019-01-23,2019,1,-2,False,1.0,2019-01
2019-01-28,3.32,2019-01-28,2019,1,-2,False,1.0,2019-01
2019-02-01,3.2,2019-02-01,2019,2,-2,False,1.0,2019-02
2019-02-10,3.13,2019-02-10,2019,2,-2,False,1.0,2019-02
2019-02-15,3.12,2019-02-15,2019,2,-2,False,1.0,2019-02
2019-02-21,3.25,2019-02-21,2019,2,-2,False,1.0,2019-02
2019-02-26,3.47,2019-02-26,2019,2,-2,False,1.0,2019-02
2019-03-04,3.45,2019-03-04,2019,3,-2,False,1.0,2019-03
2019-03-10,3.69,2019-03-10,2019,3,-2,False,1.0,2019-03
2019-03-16,3.75,2019-03-16,2019,3,-2,False,1.0,2019-03
2019-03-22,3.67,2019-03-22,2019,3,-2,False,1.0,2019-03
2019-03-28,4.01,2019-03-28,2019,3,-2,False,1.0,2019-03
2019-04-02,3.85,2019-04-02,2019,4,-2,False,1.0,2019-04
2019-04-09,3.9,2019-04-09,2019,4,-2,False,1.0,2019-04
2019-04-15,3.66,2019-04-15,2019,4,-2,False,1.0,2019-04
2019-04-21,3.79,2019-04-21,2019,4,-2,False,1.0,2019-04
2019-04-26,4.04,2019-04-26,2019,4,-2,False,1.0,2019-04
2019-05-05,4.15,2019-05-05,2019,5,-2,False,1.0,2019-05
2019-05-14,3.72,2019-05-14,2019,5,-2,False,1.0,2019-05
2019-05-24,3.24,2019-05-24,2019,5,-2,False,1.0,2019-05
2019-06-06,4.24,2019-06-06,2019,6,-2,False,1.0,2019-06
2019-06-23,3.98,2019-06-23,2019,6,-2,False,1.0,2019-06
2019-07-23,3.71,2019-07-23,2019,7,-2,False,4.5,2019-07
2019-08-06,3.76,2019-08-06,2019,8,-2,False,3.0,2019-08
2019-08-23,3.77,2019-08-23,2019,8,-2,False,3.0,2019-08
2019-09-09,3.67,2019-09-09,2019,9,-2,False,3.0,2019-09
2019-09-21,3.68,2019-09-21,2019,9,-2,False,3.0,2019-09
2019-10-07,3.22,2019-10-07,2019,10,-2,False,1.0,2019-10
2019-10-21,3.7,2019-10-21,2019,10,-2,False,1.0,2019-10
2019-11-06,3.66,2019-11-06,2019,11,-2,False,1.0,2019-11
2019-11-18,2.95,2019-11-18,2019,11,-2,False,1.0,2019-11
2019-12-03,3.67,2019-12-03,2019,12,-2,False,1.0,2019-12
2019-12-08,3.21,2019-12-08,2019,12,-2,False,1.0,2019-12
2019-12-13,3.42,2019-12-13,2019,12,-2,False,1.0,2019-12
2019-12-17,3.48,2019-12-17,2019,12,-2,False,1.0,2019-12
2019-12-23,3.67,2019-12-23,2019,12,-2,False,1.0,2019-12
2019-12-29,2.12,2019-12-29,2019,12,-2,False,1.0,2019-12
2020-01-06,3.18,2020-01-06,2020,1,-1,False,1.0,2020-01
2020-01-11,3.64,2020-01-11,2020,1,-1,False,1.0,2020-01
2020-01-19,3.11,2020-01-19,2020,1,-1,False,1.0,2020-01
2020-02-07,2.33,2020-02-07,2020,2,-1,False,1.0,2020-02
2020-02-13,3.31,2020-02-13,2020,2,-1,False,1.0,2020-02
2020-02-19,3.52,2020-02-19,2020,2,-1,False,1.0,2020-02
2020-02-25,3.56,2020-02-25,2020,2,-1,False,1.0,2020-02
2020-03-02,3.62,2020-03-02,2020,3,-1,False,1.0,2020-03
2020-03-16,3.8,2020-03-16,2020,3,-1,False,1.0,2020-03
2020-03-23,3.83,2020-03-23,2020,3,-1,False,1.0,2020-03
2020-03-31,3.85,2020-03-31,2020,3,-1,False,1.0,2020-03
2020-04-06,3.95,2020-04-06,2020,4,-1,False,1.0,2020-04
2020-04-14,3.76,2020-04-14,2020,4,-1,False,1.0,2020-04
2020-04-20,4.47,2020-04-20,2020,4,-1,False,1.0,2020-04
2020-04-28,4.08,2020-04-28,2020,4,-1,False,1.0,2020-04
2020-05-10,4.19,2020-05-10,2020,5,-1,False,1.0,2020-05
2020-05-23,4.08,2020-05-23,2020,5,-1,False,1.0,2020-05
2020-06-06,4.23,2020-06-06,2020,6,-1,False,1.0,2020-06
2020-06-23,3.98,2020-06-23,2020,6,-1,False,1.0,2020-06
2020-07-06,3.74,2020-07-06,2020,7,-1,False,3.0,2020-07
2020-07-14,4.26,2020-07-14,2020,7,-1,False,3.0,2020-07
2020-07-23,2.95,2020-07-23,2020,7,-1,False,3.0,2020-07
2020-08-06,3.91,2020-08-06,2020,8,-1,False,3.0,2020-08
2020-08-23,3.7,2020-08-23,2020,8,-1,False,3.0,2020-08
2020-09-09,3.62,2020-09-09,2020,9,-1,False,3.0,2020-09
2020-09-22,3.58,2020-09-22,2020,9,-1,False,3.0,2020-09
2020-10-06,3.56,2020-10-06,2020,10,-1,False,1.0,2020-10
2020-10-19,3.43,2020-10-19,2020,10,-1,False,1.0,2020-10
2020-11-03,3.84,2020-11-03,2020,11,-1,False,1.0,2020-11
2020-11-11,3.34,2020-11-11,2020,11,-1,False,1.0,2020-11
2020-11-18,3.66,2020-11-18,2020,11,-1,False,1.0,2020-11
2020-11-23,2.73,2020-11-23,2020,11,-1,False,1.0,2020-11
2020-12-03,3.59,2020-12-03,2020,12,-1,False,1.0,2020-12
2020-12-11,3.62,2020-12-11,2020,12,-1,False,1.0,2020-12
2020-12-18,3.42,2020-12-18,2020,12,-1,False,1.0,2020-12
2020-12-26,3.71,2020-12-26,2020,12,-1,False,1.0,2020-12
2021-01-03,3.46,2021-01-03,2021,1,0,False,2.0,2021-01
2021-01-17,3.34,2021-01-17,2021,1,0,False,2.0,2021-01
2021-01-23,3.24,2021-01-23,2021,1,0,False,2.0,2021-01
2021-01-28,2.5,2021-01-28,2021,1,0,False,2.0,2021-01
2021-02-02,2.4,2021-02-02,2021,2,0,False,2.0,2021-02
2021-02-06,2.01,2021-02-06,2021,2,0,False,2.0,2021-02
2021-02-18,3.41,2021-02-18,2021,2,0,False,2.0,2021-02
2021-02-26,3.51,2021-02-26,2021,2,0,False,2.0,2021-02
2021-03-13,3.66,2021-03-13,2021,3,0,False,2.0,2021-03
2021-03-23,3.66,2021-03-23,2021,3,0,False,2.0,2021-03
2021-03-29,3.99,2021-03-29,2021,3,0,False,2.0,2021-03
2021-04-08,4.39,2021-04-08,2021,4,0,False,2.0,2021-04
2021-04-14,4.41,2021-04-14,2021,4,0,False,2.0,2021-04
2021-04-21,3.92,2021-04-21,2021,4,0,False,2.0,2021-04
2021-04-27,4.18,2021-04-27,2021,4,0,False,2.0,2021-04
2021-05-05,4.12,2021-05-05,2021,5,0,False,2.0,2021-05
2021-05-12,3.96,2021-05-12,2021,5,0,False,2.0,2021-05
2021-05-21,4.34,2021-05-21,2021,5,0,False,2.0,2021-05
2021-06-05,4.13,2021-06-05,2021,6,0,False,2.0,2021-06
2021-06-22,4.44,2021-06-22,2021,6,0,False,2.0,2021-06
2021-07-05,4.3,2021-07-05,2021,7,0,False,6.0,2021-07
2021-07-17,2.9,2021-07-17,2021,7,0,False,6.0,2021-07
2021-08-04,2.6,2021-08-04,2021,8,0,False,6.0,2021-08
2021-08-20,2.59,2021-08-20,2021,8,0,False,6.0,2021-08
2021-09-03,2.94,2021-09-03,2021,9,0,False,6.0,2021-09
2021-09-19,2.62,2021-09-19,2021,9,0,False,6.0,2021-09
2021-10-10,2.66,2021-10-10,2021,10,0,False,2.0,2021-10
2021-10-23,2.74,2021-10-23,2021,10,0,False,2.0,2021-10
2021-11-01,2.7,2021-11-01,2021,11,0,False,2.0,2021-11
2021-11-09,1.41,2021-11-09,2021,11,0,False,2.0,2021-11
2021-11-16,2.87,2021-11-16,2021,11,0,False,2.0,2021-11
2021-11-24,1.56,2021-11-24,2021,11,0,False,2.0,2021-11
2021-12-03,2.9,2021-12-03,2021,12,0,False,2.0,2021-12
2021-12-11,2.82,2021-12-11,2021,12,0,False,2.0,2021-12
2021-12-18,2.71,2021-12-18,2021,12,0,False,2.0,2021-12
2021-12-24,2.78,2021-12-24,2021,12,0,False,2.0,2021-12
2022-01-04,3.06,2022-01-04,2022,1,1,False,2.0,2022-01
2022-01-13,2.99,2022-01-13,2022,1,1,False,2.0,2022-01
2022-01-18,2.95,2022-01-18,2022,1,1,False,2.0,2022-01
2022-01-24,3.12,2022-01-24,2022,1,1,False,2.0,2022-01
2022-02-12,2.85,2022-02-12,2022,2,1,False,2.0,2022-02
2022-02-17,3.07,2022-02-17,2022,2,1,False,2.0,2022-02
2022-02-23,3.03,2022-02-23,2022,2,1,False,2.0,2022-02
2022-03-09,2.81,2022-03-09,2022,3,1,False,2.0,2022-03
2022-03-13,2.6,2022-03-13,2022,3,1,False,2.0,2022-03
2022-03-21,2.57,2022-03-21,2022,3,1,False,2.0,2022-03
2022-03-26,2.58,2022-03-26,2022,3,1,False,2.0,2022-03
2022-04-04,2.87,2022-04-04,2022,4,1,False,2.0,2022-04
2022-04-11,2.57,2022-04-11,2022,4,1,False,2.0,2022-04
2022-04-18,2.59,2022-04-18,2022,4,1,False,2.0,2022-04
2022-04-25,2.87,2022-04-25,2022,4,1,False,2.0,2022-04
2022-05-08,2.79,2022-05-08,2022,5,1,False,2.0,2022-05
2022-05-18,2.75,2022-05-18,2022,5,1,False,2.0,2022-05
2022-05-27,2.67,2022-05-27,2022,5,1,False,2.0,2022-05
2022-06-07,2.72,2022-06-07,2022,6,1,False,2.0,2022-06
2022-06-22,2.53,2022-06-22,2022,6,1,False,2.0,2022-06
2022-07-07,2.5,2022-07-07,2022,7,1,False,6.0,2022-07
2022-07-22,2.65,2022-07-22,2022,7,1,False,6.0,2022-07
2022-08-07,2.58,2022-08-07,2022,8,1,False,6.0,2022-08
2022-08-22,2.53,2022-08-22,2022,8,1,False,6.0,2022-08
2022-09-07,2.51,2022-09-07,2022,9,1,False,6.0,2022-09
2022-09-21,2.45,2022-09-21,2022,9,1,False,6.0,2022-09
2022-10-09,1.4,2022-10-09,2022,10,1,False,2.0,2022-10
2022-10-21,2.62,2022-10-21,2022,10,1,False,2.0,2022-10
2022-11-04,2.44,2022-11-04,2022,11,1,False,2.0,2022-11
2022-11-11,2.67,2022-11-11,2022,11,1,False,2.0,2022-11
2022-11-18,2.48,2022-11-18,2022,11,1,False,2.0,2022-11
2022-11-25,2.54,2022-11-25,2022,11,1,False,2.0,2022-11
2022-12-04,2.53,2022-12-04,2022,12,1,False,2.0,2022-12
2022-12-09,2.6,2022-12-09,2022,12,1,False,2.0,2022-12
2022-12-16,2.41,2022-12-16,2022,12,1,False,2.0,2022-12
2022-12-23,1.42,2022-12-23,2022,12,1,False,2.0,2022-12
2023-01-02,2.64,2023-01-02,2023,1,2,False,2.0,2023-01
2023-01-08,2.75,2023-01-08,2023,1,2,False,2.0,2023-01
2023-01-15,2.47,2023-01-15,2023,1,2,False,2.0,2023-01
2023-01-27,2.79,2023-01-27,2023,1,2,False,2.0,2023-01
2023-02-02,2.65,2023-02-02,2023,2,2,False,2.0,2023-02
2023-02-09,2.71,2023-02-09,2023,2,2,False,2.0,2023-02
2023-02-16,2.69,2023-02-16,2023,2,2,False,2.0,2023-02
2023-02-23,2.68,2023-02-23,2023,2,2,False,2.0,2023-02
2023-03-03,2.56,2023-03-03,2023,3,2,False,2.0,2023-03
2023-03-11,2.48,2023-03-11,2023,3,2,False,2.0,2023-03
2023-03-19,2.59,2023-03-19,2023,3,2,False,2.0,2023-03
2023-03-26,2.39,2023-03-26,2023,3,2,False,2.0,2023-03
2023-04-03,2.48,2023-04-03,2023,4,2,False,2.0,2023-04
2023-04-10,2.57,2023-04-10,2023,4,2,False,2.0,2023-04
2023-04-17,2.55,2023-04-17,2023,4,2,False,2.0,2023-04
2023-04-23,2.6,2023-04-23,2023,4,2,False,2.0,2023-04
2023-05-05,2.55,2023-05-05,2023,5,2,False,2.0,2023-05
2023-05-12,2.62,2023-05-12,2023,5,2,False,2.0,2023-05
2023-05-21,2.61,2023-05-21,2023,5,2,False,2.0,2023-05
2023-06-06,2.74,2023-06-06,2023,6,2,False,2.0,2023-06
2023-06-20,2.81,2023-06-20,2023,6,2,False,2.0,2023-06
2023-07-06,2.78,2023-07-06,2023,7,2,False,6.0,2023-07
2023-07-20,3.01,2023-07-20,2023,7,2,False,6.0,2023-07
2023-08-11,2.25,2023-08-11,2023,8,2,False,6.0,2023-08
2023-08-21,2.29,2023-08-21,2023,8,2,False,6.0,2023-08
2023-09-04,2.32,2023-09-04,2023,9,2,False,6.0,2023-09
2023-09-20,2.21,2023-09-20,2023,9,2,False,6.0,2023-09
2023-10-08,2.22,2023-10-08,2023,10,2,False,2.0,2023-10
2023-10-22,2.39,2023-10-22,2023,10,2,False,2.0,2023-10
2023-11-12,1.9,2023-11-12,2023,11,2,False,2.0,2023-11
2023-11-20,2.6,2023-11-20,2023,11,2,False,2.0,2023-11
2023-11-26,2.1,2023-11-26,2023,11,2,False,2.0,2023-11
2023-12-04,2.9,2023-12-04,2023,12,2,False,2.0,2023-12
2023-12-09,2.3,2023-12-09,2023,12,2,False,2.0,2023-12
2023-12-18,2.4,2023-12-18,2023,12,2,False,2.0,2023-12
2023-12-25,2.6,2023-12-25,2023,12,2,False,2.0,2023-12
2024-01-02,2.4,2024-01-02,2024,1,3,False,2.0,2024-01
2024-01-09,2.4,2024-01-09,2024,1,3,False,2.0,2024-01
2024-01-18,2.4,2024-01-18,2024,1,3,False,2.0,2024-01
2024-01-25,2.6,2024-01-25,2024,1,3,False,2.0,2024-01
2024-02-04,2.3,2024-02-04,2024,2,3,False,2.0,2024-02
2024-02-15,2.2,2024-02-15,2024,2,3,False,2.0,2024-02
2024-02-20,2.1,2024-02-20,2024,2,3,False,2.0,2024-02
2024-02-25,2.4,2024-02-25,2024,2,3,False,2.0,2024-02
2024-03-03,2.2,2024-03-03,2024,3,3,False,2.0,2024-03
2024-03-10,2.4,2024-03-10,2024,3,3,False,2.0,2024-03
2024-03-18,2.0,2024-03-18,2024,3,3,False,2.0,2024-03
2024-03-25,2.2,2024-03-25,2024,3,3,False,2.0,2024-03
2024-04-10,2.0,2024-04-10,2024,4,3,False,2.0,2024-04
2024-04-18,2.0,2024-04-18,2024,4,3,False,2.0,2024-04
2024-04-25,2.0,2024-04-25,2024,4,3,False,2.0,2024-04
2024-05-05,2.0,2024-05-05,2024,5,3,False,2.0,2024-05
2024-05-10,2.2,2024-05-10,2024,5,3,False,2.0,2024-05
2024-05-20,2.0,2024-05-20,2024,5,3,False,2.0,2024-05
2024-06-07,2.0,2024-06-07,2024,6,3,False,2.0,2024-06
2024-06-20,2.1,2024-06-20,2024,6,3,False,2.0,2024-06
2024-07-07,2.2,2024-07-07,2024,7,3,False,6.0,2024-07
2024-07-20,2.2,2024-07-20,2024,7,3,False,6.0,2024-07
2024-08-07,2.4,2024-08-07,2024,8,3,False,6.0,2024-08
2024-08-20,2.1,2024-08-20,2024,8,3,False,6.0,2024-08
2024-09-05,2.2,2024-09-05,2024,9,3,False,6.0,2024-09
2024-09-19,2.2,2024-09-19,2024,9,3,False,6.0,2024-09
2024-10-09,2.4,2024-10-09,2024,10,3,False,2.0,2024-10
2024-10-23,2.2,2024-10-23,2024,10,3,False,2.0,2024-10
2024-11-03,2.4,2024-11-03,2024,11,3,False,2.0,2024-11
2024-11-09,2.6,2024-11-09,2024,11,3,False,2.0,2024-11
2024-11-17,2.0,2024-11-17,2024,11,3,False,2.0,2024-11
2024-11-24,2.5,2024-11-24,2024,11,3,False,2.0,2024-11
2024-12-03,2.2,2024-12-03,2024,12,3,False,2.0,2024-12
2024-12-10,2.4,2024-12-10,2024,12,3,False,2.0,2024-12
2024-12-18,2.3,2024-12-18,2024,12,3,False,2.0,2024-12
2024-12-25,2.6,2024-12-25,2024,12,3,False,2.0,2024-12
2025-01-05,2.4,2025-01-05,2025,1,4,False,2.0,2025-01
2025-01-11,2.4,2025-01-11,2025,1,4,False,2.0,2025-01
2025-01-16,2.5,2025-01-16,2025,1,4,False,2.0,2025-01
2025-01-22,2.2,2025-01-22,2025,1,4,False,2.0,2025-01
2025-02-02,2.2,2025-02-02,2025,2,4,False,2.0,2025-02
2025-02-09,2.4,2025-02-09,2025,2,4,False,2.0,2025-02
2025-02-16,2.3,2025-02-16,2025,2,4,False,2.0,2025-02
2025-02-23,2.2,2025-02-23,2025,2,4,False,2.0,2025-02
2025-03-03,2.2,2025-03-03,2025,3,4,False,2.0,2025-03
2025-03-10,2.6,2025-03-10,2025,3,4,False,2.0,2025-03
2025-03-18,2.1,2025-03-18,2025,3,4,False,2.0,2025-03
2025-04-03,2.2,2025-04-03,2025,4,4,False,2.0,2025-04
2025-04-10,2.2,2025-04-10,2025,4,4,False,2.0,2025-04
2025-04-25,2.0,2025-04-25,2025,4,4,False,2.0,2025-04
2025-05-06,2.0,2025-05-06,2025,5,4,False,3.0,2025-05
2025-06-05,2.1,2025-06-05,2025,6,4,False,2.0,2025-06
2025-06-20,1.9,2025-06-20,2025,6,4,False,2.0,2025-06
2025-07-06,1.9,2025-07-06,2025,7,4,False,6.0,2025-07
2025-07-19,1.9,2025-07-19,2025,7,4,False,6.0,2025-07
2025-08-04,2.0,2025-08-04,2025,8,4,False,6.0,2025-08
2025-08-20,2.0,2025-08-20,2025,8,4,False,6.0,2025-08
2025-09-04,2.1,2025-09-04,2025,9,4,False,6.0,2025-09
2025-09-20,2.0,2025-09-20,2025,9,4,False,6.0,2025-09
2025-10-10,2.0,2025-10-10,2025,10,4,False,2.0,2025-10
2025-10-23,2.2,2025-10-23,2025,10,4,False,2.0,2025-10
2025-11-03,2.2,2025-11-03,2025,11,4,False,2.0,2025-11
2025-11-10,2.1,2025-11-10,2025,11,4,False,2.0,2025-11
2025-11-18,2.0,2025-11-18,2025,11,4,False,2.0,2025-11
2025-11-25,2.1,2025-11-25,2025,11,4,False,2.0,2025-11
2025-12-03,1.9,2025-12-03,2025,12,4,False,2.0,2025-12
2025-12-10,2.2,2025-12-10,2025,12,4,False,2.0,2025-12
2025-12-27,2.0,2025-12-27,2025,12,4,False,2.0,2025-12
2026-01-03,2.2,2026-01-03,2026,1,5,False,2.0,2026-01
2026-01-09,2.1,2026-01-09,2026,1,5,False,2.0,2026-01
2026-01-18,2.0,2026-01-18,2026,1,5,False,2.0,2026-01
2026-01-26,2.2,2026-01-26,2026,1,5,False,2.0,2026-01
2026-02-02,2.3,2026-02-02,2026,2,5,False,2.0,2026-02
2026-02-09,2.4,2026-02-09,2026,2,5,False,2.0,2026-02
2026-02-21,2.6,2026-02-21,2026,2,5,False,2.0,2026-02
2026-02-26,2.0,2026-02-26,2026,2,5,False,2.0,2026-02
2026-03-05,2.0,2026-03-05,2026,3,5,False,2.0,2026-03
2026-03-12,2.2,2026-03-12,2026,3,5,False,2.0,2026-03
2026-03-19,1.9,2026-03-19,2026,3,5,False,2.0,2026-03
