tqi_mile,record_count,tqi_mean,tqi_std,tqi_min,tqi_max,date_min,date_max,unique_months,time_span_days,expected_months,monthly_coverage
705400.0,436,5.441183486238532,1.7824607008749016,1.57,12.687,2012-12-12,2026-03-19,155,4845,162,0.9567901234567902
707400.0,444,5.943862612612612,2.4271851864172547,2.34,51.46,2012-12-12,2026-03-19,157,4845,162,0.9691358024691358
708400.0,446,4.150625560538117,0.945172503687666,2.0,14.34,2012-12-12,2026-03-19,157,4845,162,0.9691358024691358
709400.0,447,4.03810514541387,0.8125918037934556,1.7,7.845,2012-12-12,2026-03-19,157,4845,162,0.9691358024691358
711400.0,448,3.190207589285714,1.133079231641447,1.3,21.447,2012-12-12,2026-03-19,157,4845,162,0.9691358024691358
712400.0,448,3.317765625,0.4652258175086218,1.78,8.497,2012-12-12,2026-03-19,157,4845,162,0.9691358024691358
713400.0,448,3.4021160714285714,0.7354499907934826,1.86,15.6,2012-12-12,2026-03-19,157,4845,162,0.9691358024691358
714400.0,446,3.2918273542600898,0.7882197373804657,1.1,5.37,2012-12-12,2026-03-19,157,4845,162,0.9691358024691358
715400.0,448,2.9919910714285716,0.699860500584255,1.1,13.381,2012-12-12,2026-03-19,157,4845,162,0.9691358024691358
716400.0,448,3.1507098214285714,0.6788955833905328,1.1,4.43,2012-12-12,2026-03-19,157,4845,162,0.9691358024691358
717400.0,448,3.1728325892857145,0.567623272923729,1.4,4.31,2012-12-12,2026-03-19,157,4845,162,0.9691358024691358
718400.0,448,3.2807767857142855,0.7249809681657999,1.1,4.7,2012-12-12,2026-03-19,157,4845,162,0.9691358024691358
719400.0,448,2.7669598214285713,0.4994671999648065,1.1,4.19,2012-12-12,2026-03-19,157,4845,162,0.9691358024691358
720400.0,447,2.789917225950783,0.544735941990543,0.8,4.09,2012-12-12,2026-03-19,157,4845,162,0.9691358024691358
721400.0,447,3.4446241610738255,0.926291565710501,1.0,7.57,2012-12-12,2026-03-19,157,4845,162,0.9691358024691358
722400.0,448,3.7817276785714284,0.7464281399979026,1.5,5.964,2012-12-12,2026-03-19,157,4845,162,0.9691358024691358
723400.0,448,2.823575892857143,0.5664669487894155,0.9,4.89,2012-12-12,2026-03-19,157,4845,162,0.9691358024691358
724400.0,448,2.6944843749999996,0.553367874229781,1.0,6.374,2012-12-12,2026-03-19,157,4845,162,0.9691358024691358
725400.0,448,2.7503214285714286,0.5900336882550072,0.8,7.42,2012-12-12,2026-03-19,157,4845,162,0.9691358024691358
726400.0,447,3.3678322147651008,0.4336367081497477,1.7,4.4,2012-12-12,2026-03-19,157,4845,162,0.9691358024691358
727400.0,447,3.462438478747204,0.6140985519609616,1.6,6.35,2012-12-12,2026-03-19,157,4845,162,0.9691358024691358
728400.0,447,3.680190156599553,0.7498827783381763,1.3,4.95,2012-12-12,2026-03-19,157,4845,162,0.9691358024691358
729400.0,448,2.951859375,0.514843896196762,0.9,4.01,2012-12-12,2026-03-19,157,4845,162,0.9691358024691358
730400.0,448,3.021640625,0.5187423725551753,1.3,6.0,2012-12-12,2026-03-19,157,4845,162,0.9691358024691358
731400.0,448,3.3156808035714285,1.235853002121268,1.1,24.16,2012-12-12,2026-03-19,157,4845,162,0.9691358024691358
732400.0,448,3.035680803571428,0.6122584285612724,0.9,4.14,2012-12-12,2026-03-19,157,4845,162,0.9691358024691358
733400.0,448,3.7920066964285715,1.9826946993040988,1.949,44.69,2012-12-12,2026-03-19,157,4845,162,0.9691358024691358
734400.0,446,3.5399058295964125,2.4247041872373596,1.97,44.03,2012-12-12,2026-03-19,157,4845,162,0.9691358024691358
735400.0,447,3.218704697986577,0.5459357807716563,1.4,4.99,2012-12-12,2026-03-19,157,4845,162,0.9691358024691358
736400.0,448,3.413939732142857,2.227108673948504,1.154,44.778,2012-12-12,2026-03-19,157,4845,162,0.9691358024691358
737400.0,448,3.213752232142857,0.6699095459622094,0.0,6.79,2012-12-12,2026-03-19,157,4845,162,0.9691358024691358
738400.0,448,3.193265625,0.5856093776193824,1.5,5.055,2012-12-12,2026-03-19,157,4845,162,0.9691358024691358
739400.0,448,3.5242656250000004,0.5153028244380984,1.5,5.588,2012-12-12,2026-03-19,157,4845,162,0.9691358024691358
740400.0,447,3.4968612975391498,0.44161622596140315,1.6,5.41,2012-12-12,2026-03-19,157,4845,162,0.9691358024691358
741400.0,447,3.187648769574944,0.9204724998593717,1.2,12.7,2012-12-12,2026-03-19,157,4845,162,0.9691358024691358
742400.0,446,3.3784461883408072,1.5696280889265577,1.5,33.2,2012-12-12,2026-03-19,157,4845,162,0.9691358024691358
743400.0,448,3.1157924107142856,0.7528360691192222,1.1,10.704,2012-12-12,2026-03-19,157,4845,162,0.9691358024691358
744400.0,448,3.2946049107142854,0.6855017970810396,1.4,10.364,2012-12-12,2026-03-19,157,4845,162,0.9691358024691358
745400.0,447,3.2829686800894855,0.6411157307247917,1.6,12.337,2012-12-12,2026-03-19,157,4845,162,0.9691358024691358
746400.0,446,2.6085515695067265,0.512928482024237,1.3,10.8,2012-12-12,2026-03-19,157,4845,162,0.9691358024691358
747400.0,447,2.982480984340045,2.0449690490648287,1.4,44.52,2012-12-12,2026-03-19,157,4845,162,0.9691358024691358
748400.0,448,2.902801339285714,2.6024996697243656,1.3,52.5,2012-12-12,2026-03-19,157,4845,162,0.9691358024691358
749400.0,448,2.8123080357142856,1.9328854480959312,1.3,41.823,2012-12-12,2026-03-19,157,4845,162,0.9691358024691358
750400.0,448,2.7116160714285718,1.8144138723410979,1.3,37.969,2012-12-12,2026-03-19,157,4845,162,0.9691358024691358
751400.0,448,2.972533482142857,1.2686943274152325,1.2,26.513,2012-12-12,2026-03-19,157,4845,162,0.9691358024691358
752400.0,448,2.8979575892857143,2.1661661160891166,1.1,47.029,2012-12-12,2026-03-19,157,4845,162,0.9691358024691358
753400.0,448,2.815325892857143,0.7853315839110507,1.1,11.626,2012-12-12,2026-03-19,157,4845,162,0.9691358024691358
754400.0,448,3.353625,0.7008983353597484,1.6,5.15,2012-12-12,2026-03-19,157,4845,162,0.9691358024691358
755400.0,448,2.6579330357142856,0.8501921377670842,1.4,17.5,2012-12-12,2026-03-19,157,4845,162,0.9691358024691358
758400.0,447,2.9779664429530204,2.6208025422070826,1.4,54.68,2012-12-12,2026-03-19,157,4845,162,0.9691358024691358
759400.0,448,2.9966517857142856,1.8725676038659493,1.0,36.368,2012-12-12,2026-03-19,157,4845,162,0.9691358024691358
760400.0,448,2.773667410714286,1.0600590370670646,1.0,19.522,2012-12-12,2026-03-19,157,4845,162,0.9691358024691358
761400.0,448,2.9812946428571427,2.8402242408821734,1.3,58.623,2012-12-12,2026-03-19,157,4845,162,0.9691358024691358
762400.0,447,2.8040559284116333,2.3933986752812615,0.9,50.244,2012-12-12,2026-03-19,157,4845,162,0.9691358024691358
763400.0,448,2.937348214285714,2.3572876080974643,0.8,51.075,2012-12-12,2026-03-19,157,4845,162,0.9691358024691358
764400.0,448,3.055037946428571,0.9095962749177895,1.1,19.053,2012-12-12,2026-03-19,157,4845,162,0.9691358024691358
765400.0,448,3.002517857142857,1.3780196550495138,1.2,29.402,2012-12-12,2026-03-19,157,4845,162,0.9691358024691358
766400.0,448,2.865872767857143,1.8932615288010166,1.2,41.323,2012-12-12,2026-03-19,157,4845,162,0.9691358024691358
767400.0,448,2.992703125,1.287651210916433,1.2,25.696,2012-12-12,2026-03-19,157,4845,162,0.9691358024691358
768400.0,445,3.5493303370786515,0.6913294876189374,1.8,6.4,2012-12-12,2026-03-19,157,4845,162,0.9691358024691358
769400.0,448,3.64059375,2.471716273755429,1.3,54.16,2012-12-12,2026-03-19,157,4845,162,0.9691358024691358
770400.0,448,3.1056294642857147,1.2693581658554345,1.78,28.56,2012-12-12,2026-03-19,157,4845,162,0.9691358024691358
771400.0,448,2.6535892857142858,0.6974066509239468,1.2,14.1,2012-12-12,2026-03-19,157,4845,162,0.9691358024691358
772400.0,448,2.633252232142857,0.6685281213145001,1.3,13.575,2012-12-12,2026-03-19,157,4845,162,0.9691358024691358
773400.0,448,3.436008928571429,0.573543415215539,1.83,6.7,2012-12-12,2026-03-19,157,4845,162,0.9691358024691358
774400.0,449,3.313853006681515,0.8026262949942292,1.67,6.3,2012-12-12,2026-03-19,157,4845,162,0.9691358024691358
775400.0,449,3.68204008908686,0.626431498646437,2.3,5.11,2012-12-12,2026-03-19,157,4845,162,0.9691358024691358
776400.0,449,3.0182561247216038,1.0633087043617935,1.55,22.3,2012-12-12,2026-03-19,157,4845,162,0.9691358024691358
777400.0,449,3.291581291759466,0.7898139463365991,1.43,6.09,2012-12-12,2026-03-19,157,4845,162,0.9691358024691358
778400.0,449,2.8046859688195993,0.4675188707077668,1.1,4.173,2012-12-12,2026-03-19,157,4845,162,0.9691358024691358
779400.0,449,2.83160579064588,0.5939429108135555,1.0,4.23,2012-12-12,2026-03-19,157,4845,162,0.9691358024691358
780400.0,449,2.656100222717149,0.4164876318959203,1.0,3.94,2012-12-12,2026-03-19,157,4845,162,0.9691358024691358
781400.0,449,2.9778953229398666,0.5807148498067798,1.2,4.4,2012-12-12,2026-03-19,157,4845,162,0.9691358024691358
782400.0,448,2.9332901785714287,0.5912418778415598,1.1,4.52,2012-12-12,2026-03-19,157,4845,162,0.9691358024691358
783400.0,449,2.8565389755011137,0.5995048209026806,1.0,4.26,2012-12-12,2026-03-19,157,4845,162,0.9691358024691358
784400.0,445,3.6106741573033707,1.609252701162878,1.8,35.1,2012-12-12,2026-03-19,157,4845,162,0.9691358024691358
785400.0,440,3.809893181818182,2.090784514496459,2.08,44.1,2012-12-12,2026-03-19,156,4845,162,0.9629629629629629
786400.0,449,3.245305122494432,0.6469949926635735,1.8,6.1,2012-12-12,2026-03-19,157,4845,162,0.9691358024691358
787400.0,449,3.050075723830735,0.576414505155016,1.56,4.7,2012-12-12,2026-03-19,157,4845,162,0.9691358024691358
788400.0,449,3.144507795100223,0.6082584701987841,1.3,6.452,2012-12-12,2026-03-19,157,4845,162,0.9691358024691358
789400.0,449,2.975518930957684,0.7288012388398964,1.1,5.38,2012-12-12,2026-03-19,157,4845,162,0.9691358024691358
790400.0,449,2.932293986636971,0.6485777076366589,1.1,6.05,2012-12-12,2026-03-19,157,4845,162,0.9691358024691358
791400.0,448,3.095946428571428,0.5986663192271022,1.4,5.914,2012-12-12,2026-03-19,156,4845,162,0.9629629629629629
792400.0,449,3.3782316258351894,0.9705129257701113,1.1,12.35,2012-12-12,2026-03-19,157,4845,162,0.9691358024691358
793400.0,449,3.1230022271714923,0.8057966125509589,1.0,7.079,2012-12-12,2026-03-19,157,4845,162,0.9691358024691358
794400.0,449,3.0394543429844094,0.6989563797478701,1.0,4.73,2012-12-12,2026-03-19,157,4845,162,0.9691358024691358
795400.0,449,3.132391982182628,0.5692849819289606,1.13,7.413,2012-12-12,2026-03-19,157,4845,162,0.9691358024691358
796400.0,449,2.985984409799555,0.5876583010340786,1.01,7.352,2012-12-12,2026-03-19,157,4845,162,0.9691358024691358
805400.0,444,3.7724932432432436,0.7152608783568005,1.78,12.358,2012-12-12,2026-03-19,157,4845,162,0.9691358024691358
806400.0,447,3.1351767337807606,0.7910276664842819,1.1,14.032,2012-12-12,2026-03-19,157,4845,162,0.9691358024691358
807400.0,447,3.050642058165548,0.6888149515723769,1.3,7.962,2012-12-12,2026-03-19,157,4845,162,0.9691358024691358
808400.0,446,2.8274618834080716,0.510826162414164,1.3,5.7,2012-12-12,2026-03-19,157,4845,162,0.9691358024691358
809400.0,448,3.153747767857143,1.084480098428562,1.3,21.0,2012-12-12,2026-03-19,157,4845,162,0.9691358024691358
810400.0,448,2.6342254464285717,0.4470317622803736,1.32,6.22,2012-12-12,2026-03-19,157,4845,162,0.9691358024691358
811400.0,448,3.1618683035714286,0.5086331009547304,1.67,8.5,2012-12-12,2026-03-19,157,4845,162,0.9691358024691358
812400.0,448,3.0424330357142857,0.5239645461456425,1.54,9.4,2012-12-12,2026-03-19,157,4845,162,0.9691358024691358
813400.0,448,3.46675,0.7737234474632153,1.36,10.432,2012-12-12,2026-03-19,157,4845,162,0.9691358024691358
814400.0,447,3.3414832214765102,0.5257261466011485,1.68,8.1,2012-12-12,2026-03-19,157,4845,162,0.9691358024691358
815400.0,446,3.046457399103139,0.6389215293390846,1.28,8.772,2012-12-12,2026-03-19,157,4845,162,0.9691358024691358
816400.0,447,3.2667136465324385,1.2765886588547202,1.3,19.8,2012-12-12,2026-03-19,157,4845,162,0.9691358024691358
817400.0,447,2.886868008948546,0.7479136949510647,1.2,10.163,2012-12-12,2026-03-19,157,4845,162,0.9691358024691358
818400.0,446,3.441159192825112,0.6674273056360218,1.2,9.04,2012-12-12,2026-03-19,157,4845,162,0.9691358024691358
819400.0,446,3.22092600896861,0.7290205905729391,1.2,11.909,2012-12-12,2026-03-19,157,4845,162,0.9691358024691358
820400.0,446,2.99172197309417,0.6812971987973616,1.3,10.633,2012-12-12,2026-03-19,157,4845,162,0.9691358024691358
821400.0,447,3.1957561521252793,0.6273827806127419,1.2,7.391,2012-12-12,2026-03-19,157,4845,162,0.9691358024691358
822400.0,446,2.7702892376681616,0.5377129088401638,1.1,6.2,2012-12-12,2026-03-19,157,4845,162,0.9691358024691358
823400.0,445,3.1220449438202245,0.7543888420453538,1.17,7.0,2012-12-12,2026-03-19,157,4845,162,0.9691358024691358
824400.0,446,3.0476793721973094,0.7826616459383808,0.88,12.6,2012-12-12,2026-03-19,157,4845,162,0.9691358024691358
825400.0,447,2.8676756152125282,0.8058894648251437,1.04,11.4,2012-12-12,2026-03-19,157,4845,162,0.9691358024691358
826400.0,447,2.9284653243847876,0.8379992042930603,0.88,7.7,2012-12-12,2026-03-19,157,4845,162,0.9691358024691358
827400.0,448,2.675370535714286,0.7541043585929794,0.94,10.0,2012-12-12,2026-03-19,157,4845,162,0.9691358024691358
828400.0,448,2.8270691964285715,0.7565921400213476,1.05,9.1,2012-12-12,2026-03-19,157,4845,162,0.9691358024691358
829400.0,448,3.3668549107142853,0.6690418264048864,1.3,7.6,2012-12-12,2026-03-19,157,4845,162,0.9691358024691358
830400.0,447,3.162183445190157,0.42877730261875907,1.7,8.407,2012-12-12,2026-03-19,157,4845,162,0.9691358024691358
831400.0,448,2.831924107142857,0.5552885648026107,1.22,4.84,2012-12-12,2026-03-19,157,4845,162,0.9691358024691358
832400.0,445,3.4410539325842695,0.5210371256195804,2.02,10.5,2012-12-12,2026-03-19,157,4845,162,0.9691358024691358
834400.0,447,3.2637919463087246,0.7754388742176892,1.1,8.4,2012-12-12,2026-03-19,157,4845,162,0.9691358024691358
835400.0,446,3.2965089686098654,0.6204465942560067,1.3,6.514,2012-12-12,2026-03-19,157,4845,162,0.9691358024691358
836400.0,447,3.052176733780761,0.5485492669683826,1.4,8.5,2012-12-12,2026-03-19,157,4845,162,0.9691358024691358
837400.0,447,3.14096644295302,0.6145073393962421,1.5,8.4,2012-12-12,2026-03-19,157,4845,162,0.9691358024691358
838400.0,445,2.734860674157303,0.6118895659389441,0.94,4.704,2012-12-12,2026-03-19,157,4845,162,0.9691358024691358
839400.0,445,3.270251685393258,0.6696266403098767,1.1,6.37,2012-12-12,2026-03-19,157,4845,162,0.9691358024691358
840400.0,447,3.366107382550336,0.6308758180974874,1.4,7.65,2012-12-12,2026-03-19,157,4845,162,0.9691358024691358
841400.0,446,3.0373699551569504,0.6680551816631354,1.2,7.15,2012-12-12,2026-03-19,157,4845,162,0.9691358024691358
842400.0,446,3.4169730941704035,0.6606917717453256,1.3,9.85,2012-12-12,2026-03-19,157,4845,162,0.9691358024691358
843400.0,445,3.455038202247191,0.7313107114253217,1.0,6.049,2012-12-12,2026-03-19,157,4845,162,0.9691358024691358
844400.0,446,3.2744820627802693,0.7758036114235081,1.3,13.6,2012-12-12,2026-03-19,157,4845,162,0.9691358024691358
845400.0,446,2.936809417040359,0.5994334006366022,1.1,4.3,2012-12-12,2026-03-19,157,4845,162,0.9691358024691358
846400.0,446,3.2277937219730943,0.6217545290807358,1.6,7.19,2012-12-12,2026-03-19,157,4845,162,0.9691358024691358
847400.0,446,3.1310134529147984,0.597704909942335,1.4,4.56,2012-12-12,2026-03-19,157,4845,162,0.9691358024691358
848400.0,445,2.9550044943820226,0.5208099720692588,1.4,6.721,2012-12-12,2026-03-19,157,4845,162,0.9691358024691358
849400.0,444,2.8877184684684685,0.533214384373952,1.3,5.831,2012-12-12,2026-03-19,157,4845,162,0.9691358024691358
850400.0,445,2.6202157303370788,0.44051342201710975,1.0,5.502,2012-12-12,2026-03-19,157,4845,162,0.9691358024691358
851400.0,445,3.354458426966292,1.1727322494973151,1.1,24.4,2012-12-12,2026-03-19,157,4845,162,0.9691358024691358
852400.0,446,3.2389798206278027,0.7495108499539013,0.93,5.878,2012-12-12,2026-03-19,157,4845,162,0.9691358024691358
853400.0,446,3.285522421524664,0.8987202302747705,1.0,5.098,2012-12-12,2026-03-19,157,4845,162,0.9691358024691358
854400.0,446,3.065273542600897,0.7666755296100999,0.86,8.5,2012-12-12,2026-03-19,157,4845,162,0.9691358024691358
855400.0,447,2.9210111856823264,0.7597048443621024,1.02,10.0,2012-12-12,2026-03-19,157,4845,162,0.9691358024691358
856400.0,447,2.975463087248322,2.3607163412434296,0.87,45.32,2012-12-12,2026-03-19,157,4845,162,0.9691358024691358
857400.0,446,3.2905470852017937,0.656803396970801,1.02,5.2,2012-12-12,2026-03-19,157,4845,162,0.9691358024691358
858400.0,445,2.981696629213483,0.6962545486369339,1.06,5.464,2012-12-12,2026-03-19,157,4845,162,0.9691358024691358
859400.0,447,3.3740223713646533,0.7016412817727002,1.5,7.055,2012-12-12,2026-03-19,157,4845,162,0.9691358024691358
860400.0,446,3.3631704035874437,0.6552541578248878,1.3,6.25,2012-12-12,2026-03-19,157,4845,162,0.9691358024691358
861400.0,446,3.0800022421524664,0.9878072379370401,1.2,20.1,2012-12-12,2026-03-19,157,4845,162,0.9691358024691358
862400.0,446,2.634735426008969,0.5090364256635178,0.91,3.99,2012-12-12,2026-03-19,157,4845,162,0.9691358024691358
863400.0,445,3.367047191011236,0.6253613874273902,1.5,4.57,2012-12-12,2026-03-19,157,4845,162,0.9691358024691358
864400.0,446,3.057986547085202,0.6750379397066003,1.4,6.446,2012-12-12,2026-03-19,157,4845,162,0.9691358024691358
865400.0,446,2.9792062780269055,1.0647907733736344,1.09,20.9,2012-12-12,2026-03-19,157,4845,162,0.9691358024691358
866400.0,446,3.0929730941704032,0.6012448540780604,1.29,4.725,2012-12-12,2026-03-19,157,4845,162,0.9691358024691358
867400.0,447,2.953937360178971,0.5740075628126421,1.01,5.565,2012-12-12,2026-03-19,157,4845,162,0.9691358024691358
868400.0,447,3.1178590604026843,0.7152720485311008,1.05,5.867,2012-12-12,2026-03-19,157,4845,162,0.9691358024691358
869400.0,447,3.349865771812081,0.7560797315215717,1.3,5.03,2012-12-12,2026-03-19,157,4845,162,0.9691358024691358
870400.0,447,2.7810782997762864,0.530030586010392,1.0,4.94,2012-12-12,2026-03-19,157,4845,162,0.9691358024691358
871400.0,446,3.117163677130045,0.8936414572122703,1.1,9.01,2012-12-12,2026-03-19,157,4845,162,0.9691358024691358
872400.0,446,3.347995515695067,0.9200364599407436,1.1,6.71,2012-12-12,2026-03-19,157,4845,162,0.9691358024691358
873400.0,447,3.2367539149888143,0.9087761628664555,1.1,6.08,2012-12-12,2026-03-19,157,4845,162,0.9691358024691358
874400.0,448,3.363513392857143,0.8433430227131382,1.4,7.175,2012-12-12,2026-03-19,157,4845,162,0.9691358024691358
875400.0,448,3.0070959821428573,0.8750834423272301,1.1,6.468,2012-12-12,2026-03-19,157,4845,162,0.9691358024691358
876400.0,448,3.2769799107142856,0.5860755019642746,1.0,5.008,2012-12-12,2026-03-19,157,4845,162,0.9691358024691358
877400.0,445,2.8025955056179774,1.0922112531929782,1.0,23.0,2012-12-12,2026-03-19,157,4845,162,0.9691358024691358
878400.0,446,2.6686210762331837,0.5985167339458612,1.0,4.973,2012-12-12,2026-03-19,157,4845,162,0.9691358024691358
879400.0,447,2.954089485458613,0.5229948091996083,1.62,9.6,2012-12-12,2026-03-19,157,4845,162,0.9691358024691358
880400.0,443,3.415774266365689,1.7409999294540208,1.9,38.23,2012-12-12,2026-03-19,156,4845,162,0.9629629629629629
881400.0,445,2.9302449438202247,0.5393193038349517,1.5,4.97,2012-12-12,2026-03-19,157,4845,162,0.9691358024691358
882400.0,445,3.4527640449438204,0.5512104947432817,1.6,5.298,2012-12-12,2026-03-19,157,4845,162,0.9691358024691358
884400.0,442,3.857819004524887,0.9457902567677144,1.5,16.283,2012-12-12,2026-03-19,157,4845,162,0.9691358024691358
885400.0,448,3.3824776785714286,0.5052692767289848,1.98,4.718,2012-12-12,2026-03-19,157,4845,162,0.9691358024691358
886400.0,449,3.256140311804009,0.4011517296228039,1.85,4.22,2012-12-12,2026-03-19,157,4845,162,0.9691358024691358
887400.0,449,3.291053452115813,1.1918482652229958,1.78,26.571,2012-12-12,2026-03-19,157,4845,162,0.9691358024691358
888400.0,446,2.7022309417040358,0.4526181594141696,1.35,6.855,2012-12-12,2026-03-19,157,4845,162,0.9691358024691358
889400.0,447,3.0824384787472034,0.5353147644063283,1.68,7.6,2012-12-12,2026-03-19,157,4845,162,0.9691358024691358
890400.0,447,2.68737807606264,0.3680651967043199,1.34,5.512,2012-12-12,2026-03-19,157,4845,162,0.9691358024691358
891400.0,447,3.1119955257270693,0.4880909227376183,1.7,6.743,2012-12-12,2026-03-19,157,4845,162,0.9691358024691358
892400.0,448,3.0787433035714287,0.4756176944040508,1.54,7.352,2012-12-12,2026-03-19,157,4845,162,0.9691358024691358
893400.0,448,2.8884531250000003,0.5854755519736862,1.3,7.093,2012-12-12,2026-03-19,157,4845,162,0.9691358024691358
894400.0,448,3.3767031249999997,0.5206572200122064,1.93,9.11,2012-12-12,2026-03-19,157,4845,162,0.9691358024691358
895400.0,448,2.6740625000000002,1.095973568658982,1.22,22.91,2012-12-12,2026-03-19,157,4845,162,0.9691358024691358
896400.0,448,2.980392857142857,0.4967340243586874,1.48,6.376,2012-12-12,2026-03-19,157,4845,162,0.9691358024691358
897400.0,447,2.8881118568232664,0.5161235565023061,1.5,8.82,2012-12-12,2026-03-19,157,4845,162,0.9691358024691358
898400.0,447,2.9448747203579417,1.766501404745937,1.39,39.07,2012-12-12,2026-03-19,157,4845,162,0.9691358024691358
899400.0,447,3.0914183445190155,1.898829345974402,1.27,41.72,2012-12-12,2026-03-19,157,4845,162,0.9691358024691358
900400.0,447,2.8948657718120807,0.430403549156199,1.43,4.204,2012-12-12,2026-03-19,157,4845,162,0.9691358024691358
901400.0,446,3.2156569506726456,1.8670229914470866,1.58,41.15,2012-12-12,2026-03-19,157,4845,162,0.9691358024691358
902400.0,447,3.0017695749440714,0.42700041814867823,1.43,4.988,2012-12-12,2026-03-19,157,4845,162,0.9691358024691358
903400.0,447,3.07962192393736,0.5828064834031433,1.2,8.86,2012-12-12,2026-03-19,157,4845,162,0.9691358024691358
904400.0,447,2.6855771812080538,0.4708037948021536,1.2,3.62,2012-12-12,2026-03-19,157,4845,162,0.9691358024691358
905400.0,447,2.893986577181208,0.5864187654136671,1.5,4.817,2012-12-12,2026-03-19,157,4845,162,0.9691358024691358
906400.0,447,3.166993288590604,0.5072425300187166,1.59,6.203,2012-12-12,2026-03-19,157,4845,162,0.9691358024691358
907400.0,446,3.1135717488789236,0.5364864328138584,1.57,4.551,2012-12-12,2026-03-19,156,4845,162,0.9629629629629629
908400.0,446,3.2046995515695067,0.5862176221669938,1.1,8.533,2012-12-12,2026-03-19,156,4845,162,0.9629629629629629
909400.0,447,2.7661431767337805,0.65791457600507,1.1,12.94,2012-12-12,2026-03-19,157,4845,162,0.9691358024691358
910400.0,447,3.0157091722595077,0.45363763959210224,1.66,6.944,2012-12-12,2026-03-19,157,4845,162,0.9691358024691358
911400.0,446,3.1708520179372197,0.5390921503708105,1.58,7.462,2012-12-12,2026-03-19,157,4845,162,0.9691358024691358
912400.0,447,3.8082997762863533,1.1891268076371024,1.6,24.941,2012-12-12,2026-03-19,157,4845,162,0.9691358024691358
913400.0,447,2.531671140939597,0.4182139384760995,1.33,6.765,2012-12-12,2026-03-19,157,4845,162,0.9691358024691358
914400.0,447,2.9838791946308727,0.6842827633161215,1.1,7.345,2012-12-12,2026-03-19,157,4845,162,0.9691358024691358
915400.0,447,2.843505592841163,0.45831108292890554,1.2,6.934,2012-12-12,2026-03-19,157,4845,162,0.9691358024691358
924400.0,433,2.9633187066974593,0.5983965921729916,0.9,4.7,2012-12-12,2026-03-19,157,4845,162,0.9691358024691358
925400.0,433,3.2428868360277137,0.491325106064668,1.3,6.37,2012-12-12,2026-03-19,157,4845,162,0.9691358024691358
926400.0,430,2.88833488372093,0.4649596613245896,1.1,4.09,2012-12-12,2026-03-19,157,4845,162,0.9691358024691358
927400.0,446,3.5026076233183856,0.9909331345531033,1.0,15.18,2012-12-12,2026-03-19,157,4845,162,0.9691358024691358
928400.0,447,3.1204295302013425,0.9159728582078979,0.8,15.887,2012-12-12,2026-03-19,157,4845,162,0.9691358024691358
929400.0,447,2.7679217002237135,0.5351155155026173,0.9,6.216,2012-12-12,2026-03-19,157,4845,162,0.9691358024691358
930400.0,447,2.8232013422818794,0.44194119254302977,1.27,7.367,2012-12-12,2026-03-19,157,4845,162,0.9691358024691358
931400.0,447,2.7934966442953018,0.5062943403490026,1.1,5.454,2012-12-12,2026-03-19,157,4845,162,0.9691358024691358
932400.0,447,2.517574944071588,0.434435439117169,1.1,5.174,2012-12-12,2026-03-19,157,4845,162,0.9691358024691358
933400.0,448,3.0398526785714286,0.5601762631613049,1.4,6.603,2012-12-12,2026-03-19,157,4845,162,0.9691358024691358
934400.0,448,2.7871450892857146,0.4324390675397719,1.2,5.109,2012-12-12,2026-03-19,157,4845,162,0.9691358024691358
935400.0,448,2.7437165178571425,0.5373613446835445,1.2,5.828,2012-12-12,2026-03-19,157,4845,162,0.9691358024691358
936400.0,448,2.7835200892857146,0.47237085357710645,1.13,7.7,2012-12-12,2026-03-19,157,4845,162,0.9691358024691358
937400.0,448,3.2057433035714284,1.2753631929784848,1.5,24.758,2012-12-12,2026-03-19,157,4845,162,0.9691358024691358
939400.0,447,4.352991051454139,2.935019361883029,2.5,63.85,2012-12-12,2026-03-19,157,4845,162,0.9691358024691358
940400.0,446,3.42852466367713,0.791786952432295,1.3,11.305,2012-12-12,2026-03-19,157,4845,162,0.9691358024691358
941400.0,444,3.4914684684684683,0.9174596349964182,1.5,17.25,2012-12-12,2026-03-19,157,4845,162,0.9691358024691358
942400.0,447,3.4026442953020135,2.03365571141299,1.1,42.86,2012-12-12,2026-03-19,157,4845,162,0.9691358024691358
943400.0,447,3.393413870246085,0.7329900317353089,1.9,12.9,2012-12-12,2026-03-19,157,4845,162,0.9691358024691358
944400.0,447,3.2022997762863534,1.5811814931932988,1.3,34.62,2012-12-12,2026-03-19,157,4845,162,0.9691358024691358
945400.0,447,3.448534675615212,1.1716154146513773,1.1,23.65,2012-12-12,2026-03-19,157,4845,162,0.9691358024691358
946400.0,447,3.222923937360179,0.65993845924166,1.2,6.99,2012-12-12,2026-03-19,157,4845,162,0.9691358024691358
947400.0,447,3.329695749440716,0.5687366982072829,1.0,6.271,2012-12-12,2026-03-19,157,4845,162,0.9691358024691358
948400.0,447,3.1774586129753914,0.6865033664609356,1.4,5.427,2012-12-12,2026-03-19,157,4845,162,0.9691358024691358
949400.0,447,3.2480178970917226,1.0284434468874757,1.07,11.385,2012-12-12,2026-03-19,157,4845,162,0.9691358024691358
950400.0,444,3.3494256756756755,0.8256381409769574,1.1,12.004,2012-12-12,2026-03-19,157,4845,162,0.9691358024691358
951400.0,446,3.049558295964126,0.8963416157356312,0.94,9.635,2012-12-12,2026-03-19,157,4845,162,0.9691358024691358
952400.0,446,3.2399147982062777,0.6051752662135989,1.5,5.31,2012-12-12,2026-03-19,157,4845,162,0.9691358024691358
953400.0,445,3.326244943820225,0.8745588982132492,1.28,11.279,2012-12-12,2026-03-19,157,4845,162,0.9691358024691358
954400.0,444,3.584256756756757,0.8271304235360304,1.5,6.225,2012-12-12,2026-03-19,157,4845,162,0.9691358024691358
955400.0,446,2.8289394618834085,0.5931958112497129,1.17,8.39,2012-12-12,2026-03-19,157,4845,162,0.9691358024691358
956400.0,446,3.3389058295964125,1.1138347668039545,1.3,21.821,2012-12-12,2026-03-19,157,4845,162,0.9691358024691358
957400.0,445,2.98983595505618,0.6083873251827832,1.3,6.56,2012-12-12,2026-03-19,157,4845,162,0.9691358024691358
958400.0,446,2.7492286995515696,0.4832362594119369,1.1,4.62,2012-12-12,2026-03-19,157,4845,162,0.9691358024691358
959400.0,447,2.6326465324384785,0.5159886243230313,1.0,4.961,2012-12-12,2026-03-19,157,4845,162,0.9691358024691358
960400.0,447,3.2111856823266223,0.5270100100060359,1.26,6.837,2012-12-12,2026-03-19,157,4845,162,0.9691358024691358
961400.0,447,3.1706532438478745,0.8770500101463706,1.1,7.708,2012-12-12,2026-03-19,157,4845,162,0.9691358024691358
962400.0,447,2.998163310961969,0.7742906475620234,1.04,6.87,2012-12-12,2026-03-19,157,4845,162,0.9691358024691358
963400.0,447,2.6284876957494405,0.5576836054359438,1.0,5.051,2012-12-12,2026-03-19,157,4845,162,0.9691358024691358
964400.0,447,2.5946532438478744,0.7075882002301375,0.96,11.1,2012-12-12,2026-03-19,157,4845,162,0.9691358024691358
965400.0,447,3.1382997762863534,0.48324668943251314,1.6,5.949,2012-12-12,2026-03-19,157,4845,162,0.9691358024691358
966400.0,447,2.889364653243848,0.5377251860369551,1.1,6.213,2012-12-12,2026-03-19,157,4845,162,0.9691358024691358
967400.0,447,3.0409552572706935,0.5525084320626482,1.0,6.374,2012-12-12,2026-03-19,157,4845,162,0.9691358024691358
968400.0,447,3.0068993288590606,0.4526624933567231,1.3,4.664,2012-12-12,2026-03-19,157,4845,162,0.9691358024691358
969400.0,447,2.6585123042505594,0.43824864884160764,1.1,5.739,2012-12-12,2026-03-19,157,4845,162,0.9691358024691358
970400.0,447,2.6693557046979866,0.496600520767298,1.0,6.87,2012-12-12,2026-03-19,157,4845,162,0.9691358024691358
971400.0,447,2.6387964205816554,0.4288832366271789,1.3,5.874,2012-12-12,2026-03-19,157,4845,162,0.9691358024691358
972400.0,447,2.918498881431767,0.9137789590405839,1.1,13.651,2012-12-12,2026-03-19,157,4845,162,0.9691358024691358
973400.0,445,2.9030988764044943,0.5910420055830207,1.3,7.981,2012-12-12,2026-03-19,156,4845,162,0.9629629629629629
974400.0,446,2.5231479820627802,0.46058575854388606,1.29,5.983,2012-12-12,2026-03-19,156,4845,162,0.9629629629629629
975400.0,446,2.5992443946188337,0.5733125711006105,1.07,4.441,2012-12-12,2026-03-19,156,4845,162,0.9629629629629629
976400.0,446,2.420282511210762,0.39188490744377846,1.1,3.971,2012-12-12,2026-03-19,156,4845,162,0.9629629629629629
977400.0,446,3.234883408071749,0.6151761416473974,1.1,4.75,2012-12-12,2026-03-19,156,4845,162,0.9629629629629629
985400.0,427,3.294295081967213,0.706916027212389,1.3,6.8,2012-12-12,2026-03-19,154,4845,162,0.9506172839506173
986400.0,428,3.3455210280373833,0.7664128689808484,1.3,7.89,2012-12-12,2026-03-19,154,4845,162,0.9506172839506173
987400.0,443,2.945015801354402,0.9401385510789702,1.1,19.91,2012-12-12,2026-03-19,156,4845,162,0.9629629629629629
988400.0,442,2.603662895927602,0.36716702647730304,1.1,3.64,2012-12-12,2026-03-19,156,4845,162,0.9629629629629629
989400.0,443,2.9347562076749436,0.5479504503939598,1.2,7.361,2012-12-12,2026-03-19,156,4845,162,0.9629629629629629
990400.0,443,3.237232505643341,0.6441975805154019,1.1,4.97,2012-12-12,2026-03-19,156,4845,162,0.9629629629629629
991400.0,442,2.827957013574661,0.552251204349796,1.0,4.44,2012-12-12,2026-03-19,156,4845,162,0.9629629629629629
992400.0,446,3.012627802690583,0.7315788869967687,0.9,5.019,2012-12-12,2026-03-19,156,4845,162,0.9629629629629629
993400.0,446,3.0376390134529148,1.2474298457058326,0.8,16.787,2012-12-12,2026-03-19,156,4845,162,0.9629629629629629
994400.0,445,2.9820898876404494,1.1994857141243909,0.8,19.0,2012-12-12,2026-03-19,156,4845,162,0.9629629629629629
995400.0,444,2.859400900900901,1.7048333763664418,1.2,34.823,2012-12-12,2026-03-19,156,4845,162,0.9629629629629629
996400.0,443,3.047487584650113,1.5519918515973896,1.2,30.454,2012-12-12,2026-03-19,156,4845,162,0.9629629629629629
997400.0,443,2.841020316027088,0.7740480400883434,1.2,11.413,2012-12-12,2026-03-19,156,4845,162,0.9629629629629629
998400.0,443,2.9086230248306997,0.9177669560528448,1.0,14.2,2012-12-12,2026-03-19,157,4845,162,0.9691358024691358
999400.0,444,2.607436936936937,0.6041525176949089,1.2,6.643,2012-12-12,2026-03-19,156,4845,162,0.9629629629629629
1003400.0,444,3.3118445945945947,1.0862289393823723,0.49,15.16,2012-12-12,2026-03-19,159,4845,162,0.9814814814814815
1004400.0,435,4.005754022988506,1.3098766323171278,1.8,21.0,2012-12-12,2026-03-19,158,4845,162,0.9753086419753086
1005400.0,447,3.209182326621924,0.9715112976944416,1.1,17.9,2012-12-12,2026-03-19,159,4845,162,0.9814814814814815
1006400.0,435,3.6820252873563217,1.1788055201890597,1.4,18.1,2012-12-12,2026-03-19,156,4845,162,0.9629629629629629
1007400.0,448,3.509636160714286,0.9062935694307279,1.2,10.9,2012-12-12,2026-03-19,159,4845,162,0.9814814814814815
1008400.0,450,3.5764577777777777,0.8342013160081888,1.1,8.077,2012-12-12,2026-03-19,159,4845,162,0.9814814814814815
1009400.0,449,3.7533229398663694,0.6411191224588527,1.6,8.651,2012-12-12,2026-03-19,159,4845,162,0.9814814814814815
1010400.0,449,3.198310690423163,1.27340075026612,1.5,25.517,2012-12-12,2026-03-19,159,4845,162,0.9814814814814815
1011400.0,445,3.0582808988764043,1.4510853827515546,0.92,25.115,2012-12-12,2026-03-19,159,4845,162,0.9814814814814815
1012400.0,445,3.041197752808989,1.0922770208652448,1.0,16.1,2012-12-12,2026-03-19,159,4845,162,0.9814814814814815
1013400.0,447,3.194098434004474,0.6214576234410271,1.4,9.18,2012-12-12,2026-03-19,159,4845,162,0.9814814814814815
1014400.0,445,3.051923595505618,0.8383322614785212,1.0,6.933,2012-12-12,2026-03-19,159,4845,162,0.9814814814814815
1015400.0,444,2.7520292792792795,0.8138621446921533,0.84,6.135,2012-12-12,2026-03-19,159,4845,162,0.9814814814814815
1016400.0,445,3.0515617977528087,0.7726228342683096,0.84,9.2,2012-12-12,2026-03-19,159,4845,162,0.9814814814814815
1017400.0,443,3.120117381489842,1.05749884192374,0.8,13.0,2012-12-12,2026-03-19,159,4845,162,0.9814814814814815
1018400.0,446,2.8480336322869952,0.9480644723910651,0.9,6.413,2012-12-12,2026-03-19,159,4845,162,0.9814814814814815
1019400.0,445,2.8997415730337077,0.8721445264157657,0.9,7.367,2012-12-12,2026-03-19,159,4845,162,0.9814814814814815
1020400.0,447,2.7257964205816556,0.6722416060079477,0.9,6.129,2012-12-12,2026-03-19,159,4845,162,0.9814814814814815
1021400.0,447,3.0147225950782994,0.5467511005231681,1.3,6.359,2012-12-12,2026-03-19,159,4845,162,0.9814814814814815
1022400.0,447,3.0078612975391494,0.854151509596684,1.06,7.257,2012-12-12,2026-03-19,159,4845,162,0.9814814814814815
1023400.0,447,3.1757382550335573,0.41591971774011854,1.6,6.124,2012-12-12,2026-03-19,159,4845,162,0.9814814814814815
1024400.0,448,3.0635982142857143,0.7308390533325372,1.3,6.895,2012-12-12,2026-03-19,159,4845,162,0.9814814814814815
1025400.0,447,3.0591118568232663,0.8566136248380622,1.1,5.159,2012-12-12,2026-03-19,159,4845,162,0.9814814814814815
1026400.0,449,2.921260579064588,0.8018688223682671,1.08,6.926,2012-12-12,2026-03-19,159,4845,162,0.9814814814814815
1027400.0,449,3.3214855233853005,0.8195460581440339,1.2,7.858,2012-12-12,2026-03-19,159,4845,162,0.9814814814814815
1028400.0,448,3.4784955357142855,0.7181361345942724,1.6,6.739,2012-12-12,2026-03-19,159,4845,162,0.9814814814814815
1029400.0,450,2.8148177777777774,0.7690479045000949,0.82,6.753,2012-12-12,2026-03-19,159,4845,162,0.9814814814814815
1030400.0,447,2.9851073825503356,1.0516432271604146,0.89,7.707,2012-12-12,2026-03-19,159,4845,162,0.9814814814814815
1031400.0,447,2.899628635346756,0.7373379891268101,1.08,5.716,2012-12-12,2026-03-19,159,4845,162,0.9814814814814815
1032400.0,447,3.130532438478747,0.732982287820986,1.2,6.178,2012-12-12,2026-03-19,159,4845,162,0.9814814814814815
1033400.0,450,2.953811111111111,0.7756565908116714,1.02,7.168,2012-12-12,2026-03-19,159,4845,162,0.9814814814814815
1034400.0,450,3.0459755555555557,0.6739926389450709,1.1,6.163,2012-12-12,2026-03-19,159,4845,162,0.9814814814814815
1035400.0,447,2.8082930648769575,0.5627763428989211,0.9,7.357,2012-12-12,2026-03-19,159,4845,162,0.9814814814814815
1036400.0,449,3.1444721603563472,0.7550132477285059,1.1,4.823,2012-12-12,2026-03-19,159,4845,162,0.9814814814814815
1037400.0,448,2.7818080357142856,0.5929492349957447,1.2,4.652,2012-12-12,2026-03-19,159,4845,162,0.9814814814814815
1038400.0,448,3.1782098214285712,0.7820073010936197,1.27,5.465,2012-12-12,2026-03-19,159,4845,162,0.9814814814814815
1039400.0,450,2.7675666666666667,0.7546197326998255,1.0,6.192,2012-12-12,2026-03-19,159,4845,162,0.9814814814814815
1040400.0,450,2.5211355555555555,0.6566889659989986,0.9,7.042,2012-12-12,2026-03-19,159,4845,162,0.9814814814814815
1041400.0,450,2.8450933333333333,0.713819489075782,1.1,7.011,2012-12-12,2026-03-19,159,4845,162,0.9814814814814815
1042400.0,449,3.045621380846325,0.6387698725500074,1.2,6.09,2012-12-12,2026-03-19,159,4845,162,0.9814814814814815
1043400.0,449,3.25943429844098,0.7639983321898337,1.1,6.13,2012-12-12,2026-03-19,159,4845,162,0.9814814814814815
1044400.0,449,3.1250913140311805,0.7775345210183783,1.12,5.946,2012-12-12,2026-03-19,159,4845,162,0.9814814814814815
1045400.0,449,3.1641870824053453,0.7702874931250709,1.0,7.651,2012-12-12,2026-03-19,159,4845,162,0.9814814814814815
1046400.0,448,3.235814732142857,0.7117420158615466,1.4,6.78,2012-12-12,2026-03-19,159,4845,162,0.9814814814814815
1047400.0,446,3.2238026905829598,0.9217986967803784,1.0,8.898,2012-12-12,2026-03-19,159,4845,162,0.9814814814814815
1048400.0,449,3.0321046770601336,1.6814147158293633,1.1,35.95,2012-12-12,2026-03-19,159,4845,162,0.9814814814814815
1049400.0,449,3.005930957683742,0.8363558187101807,1.3,16.144,2012-12-12,2026-03-19,159,4845,162,0.9814814814814815
1050400.0,449,2.5041447661469936,0.5421386625600614,0.95,4.43,2012-12-12,2026-03-19,159,4845,162,0.9814814814814815
1051400.0,449,2.9946904231625835,0.5539817395795137,1.15,5.07,2012-12-12,2026-03-19,159,4845,162,0.9814814814814815
1052400.0,449,2.5634832962138083,0.47305324782565045,0.9,4.642,2012-12-12,2026-03-19,159,4845,162,0.9814814814814815
1053400.0,449,2.8617238307349666,0.6448598265373037,0.9,4.32,2012-12-12,2026-03-19,159,4845,162,0.9814814814814815
1054400.0,449,2.9981247216035634,0.6135204637253744,1.04,4.49,2012-12-12,2026-03-19,159,4845,162,0.9814814814814815
1055400.0,447,2.675402684563758,0.6199187700237461,1.0,5.501,2012-12-12,2026-03-19,159,4845,162,0.9814814814814815
1056400.0,446,2.7738946188340807,0.6477793840829519,1.1,5.473,2012-12-12,2026-03-19,159,4845,162,0.9814814814814815
1057400.0,449,2.3827550111358575,0.47277460617015044,0.81,4.96,2012-12-12,2026-03-19,159,4845,162,0.9814814814814815
1058400.0,448,2.6508638392857145,0.5698316221618902,1.18,5.48,2012-12-12,2026-03-19,159,4845,162,0.9814814814814815
1059400.0,448,2.5736495535714283,0.6321366770553247,1.0,6.1,2012-12-12,2026-03-19,159,4845,162,0.9814814814814815
1060400.0,448,2.7420513392857147,0.6085987239177838,1.1,4.884,2012-12-12,2026-03-19,159,4845,162,0.9814814814814815
1061400.0,448,3.152095982142857,0.6100215070708302,1.5,5.184,2012-12-12,2026-03-19,159,4845,162,0.9814814814814815
1062400.0,449,3.1636681514476614,0.5776468496705387,1.4,4.795,2012-12-12,2026-03-19,159,4845,162,0.9814814814814815
1063400.0,449,3.171175946547884,0.7339657158878135,0.99,5.21,2012-12-12,2026-03-19,159,4845,162,0.9814814814814815
1064400.0,449,3.0721002227171494,0.7585819219726372,1.1,4.96,2012-12-12,2026-03-19,159,4845,162,0.9814814814814815
1065400.0,449,3.083850779510022,0.7753808237762735,1.28,4.83,2012-12-12,2026-03-19,159,4845,162,0.9814814814814815
1066400.0,449,3.127358574610245,0.6885345126826301,1.2,5.09,2012-12-12,2026-03-19,159,4845,162,0.9814814814814815
1067400.0,448,3.3722410714285713,0.8250902139873197,0.0,5.45,2012-12-12,2026-03-19,159,4845,162,0.9814814814814815
1068400.0,449,2.8714788418708244,0.8346730995695755,1.1,5.04,2012-12-12,2026-03-19,159,4845,162,0.9814814814814815
1069400.0,448,2.8131875,0.7000031994973214,1.1,5.006,2012-12-12,2026-03-19,159,4845,162,0.9814814814814815
1070400.0,448,2.8828325892857145,0.8263297309548696,1.0,5.701,2012-12-12,2026-03-19,159,4845,162,0.9814814814814815
1071400.0,448,2.8473973214285713,0.6813183090179654,1.1,6.276,2012-12-12,2026-03-19,159,4845,162,0.9814814814814815
1072400.0,447,2.8966510067114095,0.7423803787880726,0.8,7.206,2012-12-12,2026-03-19,159,4845,162,0.9814814814814815
1073400.0,449,2.96806013363029,0.6854209300033005,1.2,10.474,2012-12-12,2026-03-19,159,4845,162,0.9814814814814815
1074400.0,449,2.8034409799554565,0.7518593153659854,1.2,13.77,2012-12-12,2026-03-19,159,4845,162,0.9814814814814815
1075400.0,449,3.256064587973274,0.6505989601742357,1.5,5.151,2012-12-12,2026-03-19,159,4845,162,0.9814814814814815
1076400.0,449,2.836055679287305,0.5541607022754934,1.1,5.124,2012-12-12,2026-03-19,159,4845,162,0.9814814814814815
1077400.0,449,2.857728285077951,0.7009279640787864,0.9,4.93,2012-12-12,2026-03-19,159,4845,162,0.9814814814814815
1078400.0,449,2.7022472160356346,0.5444963423869913,1.1,5.557,2012-12-12,2026-03-19,159,4845,162,0.9814814814814815
1079400.0,449,2.758218262806236,0.6445415705628161,1.0,6.601,2012-12-12,2026-03-19,159,4845,162,0.9814814814814815
1080400.0,449,2.734993318485523,0.6998667235687289,1.0,8.2,2012-12-12,2026-03-19,159,4845,162,0.9814814814814815
1081400.0,449,2.6220979955456567,0.5059795258249182,1.0,4.992,2012-12-12,2026-03-19,159,4845,162,0.9814814814814815
1082400.0,449,2.83749443207127,0.47636186405606007,1.2,3.962,2012-12-12,2026-03-19,159,4845,162,0.9814814814814815
1083400.0,448,3.1905223214285714,0.7211145297723087,1.55,11.352,2012-12-12,2026-03-19,158,4845,162,0.9753086419753086
1084400.0,448,2.992484375,0.668210481867399,1.0,6.388,2012-12-12,2026-03-19,158,4845,162,0.9753086419753086
1086400.0,444,3.813605855855856,0.667251188863777,1.5,7.2,2012-12-12,2026-03-19,157,4845,162,0.9691358024691358
1087400.0,447,3.1498165548098433,0.825330624003586,1.1,10.3,2012-12-12,2026-03-19,158,4845,162,0.9753086419753086
1088400.0,447,3.2950648769574946,0.7406493259516711,1.3,8.214,2012-12-12,2026-03-19,158,4845,162,0.9753086419753086
1089400.0,448,3.134370535714286,0.7020518449836182,1.4,5.362,2012-12-12,2026-03-19,158,4845,162,0.9753086419753086
1090400.0,447,3.2088232662192393,0.9005476871640794,1.1,5.47,2012-12-12,2026-03-19,158,4845,162,0.9753086419753086
1091400.0,445,3.298251685393258,0.7219862801771554,1.3,5.53,2012-12-12,2026-03-19,157,4845,162,0.9691358024691358
1092400.0,447,3.084836689038031,0.7761644529499487,1.3,6.542,2012-12-12,2026-03-19,158,4845,162,0.9753086419753086
1093400.0,448,3.1117991071428572,0.6929672248846275,1.1,7.2,2012-12-12,2026-03-19,158,4845,162,0.9753086419753086
1094400.0,448,3.0238392857142857,0.8708243316643878,0.9,5.75,2012-12-12,2026-03-19,158,4845,162,0.9753086419753086
1095400.0,449,2.9460244988864144,0.7447230350620535,1.0,4.809,2012-12-12,2026-03-19,158,4845,162,0.9753086419753086
1096400.0,449,3.1163786191536746,0.811421063346176,0.9,5.917,2012-12-12,2026-03-19,158,4845,162,0.9753086419753086
1097400.0,448,2.768678571428571,0.6319379690098185,1.0,8.082,2012-12-12,2026-03-19,158,4845,162,0.9753086419753086
1098400.0,449,2.630915367483296,0.6623663793550522,0.8,6.315,2012-12-12,2026-03-19,158,4845,162,0.9753086419753086
1099400.0,449,2.8725122494432074,0.7211436047154117,0.9,7.8,2012-12-12,2026-03-19,158,4845,162,0.9753086419753086
1100400.0,449,2.912035634743875,0.6489489535110177,1.0,7.9,2012-12-12,2026-03-19,158,4845,162,0.9753086419753086
1101400.0,449,2.876944320712695,0.698199101784142,1.0,4.25,2012-12-12,2026-03-19,158,4845,162,0.9753086419753086
1102400.0,448,2.7494620535714285,0.6550407698685301,0.9,4.09,2012-12-12,2026-03-19,158,4845,162,0.9753086419753086
1103400.0,449,2.7072138084632518,0.6873001064504197,1.0,4.26,2012-12-12,2026-03-19,158,4845,162,0.9753086419753086
1104400.0,447,3.2193310961968677,0.8886051333154821,1.0,5.262,2012-12-12,2026-03-19,158,4845,162,0.9753086419753086
1105400.0,447,2.711163310961969,0.6301589433607473,1.0,4.934,2012-12-12,2026-03-19,157,4845,162,0.9691358024691358
1106400.0,446,3.128946188340807,0.8690123733083246,1.0,4.65,2012-12-12,2026-03-19,157,4845,162,0.9691358024691358
1107400.0,447,2.9828791946308724,0.5849524366017681,1.1,4.982,2012-12-12,2026-03-19,157,4845,162,0.9691358024691358
1108400.0,448,2.8948013392857144,0.5826119258949914,1.1,6.111,2012-12-12,2026-03-19,157,4845,162,0.9691358024691358
1109400.0,448,3.1274620535714286,0.7578545239959893,1.0,8.91,2012-12-12,2026-03-19,157,4845,162,0.9691358024691358
1110400.0,448,2.8509754464285715,0.5193166236005725,1.2,5.809,2012-12-12,2026-03-19,157,4845,162,0.9691358024691358
1111400.0,448,3.4023638392857145,0.6255624863846969,1.14,5.57,2012-12-12,2026-03-19,158,4845,162,0.9753086419753086
1112400.0,450,3.0035577777777775,0.5547013542643174,1.04,8.2,2012-12-12,2026-03-19,158,4845,162,0.9753086419753086
1113400.0,450,2.7459977777777778,0.5914318117655868,1.0,5.532,2012-12-12,2026-03-19,158,4845,162,0.9753086419753086
1114400.0,449,3.1796035634743878,0.7121223332316376,1.04,8.591,2012-12-12,2026-03-19,158,4845,162,0.9753086419753086
1115400.0,450,3.246322222222222,0.656024159405228,1.6,6.992,2012-12-12,2026-03-19,158,4845,162,0.9753086419753086
1116400.0,448,3.1089531249999998,0.6323231128549817,1.1,5.638,2012-12-12,2026-03-19,157,4845,162,0.9691358024691358
1117400.0,450,3.183073333333333,0.6926441132800233,1.3,6.58,2012-12-12,2026-03-19,158,4845,162,0.9753086419753086
1118400.0,448,3.3616383928571425,0.747228234541392,1.3,7.23,2012-12-12,2026-03-19,158,4845,162,0.9753086419753086
1119400.0,446,3.4156278026905826,0.6781281543647382,1.5,6.489,2012-12-12,2026-03-19,158,4845,162,0.9753086419753086
1120400.0,449,3.312289532293987,0.7468473774939873,1.1,7.275,2012-12-12,2026-03-19,158,4845,162,0.9753086419753086
1121400.0,449,2.811472160356347,0.605369433954981,1.1,6.005,2012-12-12,2026-03-19,158,4845,162,0.9753086419753086
1122400.0,448,2.9315066964285714,0.6119607062510847,1.1,7.211,2012-12-12,2026-03-19,158,4845,162,0.9753086419753086
1123400.0,449,2.981541202672606,0.6847480400270392,0.9,5.814,2012-12-12,2026-03-19,158,4845,162,0.9753086419753086
1124400.0,450,2.8501422222222224,0.646902602793201,1.1,6.378,2012-12-12,2026-03-19,158,4845,162,0.9753086419753086
1125400.0,447,3.1369418344519016,0.7907351329116736,1.19,9.16,2012-12-12,2026-03-19,158,4845,162,0.9753086419753086
1126400.0,448,3.0297187500000002,0.7039259522313633,1.3,8.857,2012-12-12,2026-03-19,158,4845,162,0.9753086419753086
1127400.0,450,3.21774,0.7096844284107771,1.2,6.693,2012-12-12,2026-03-19,158,4845,162,0.9753086419753086
1128400.0,449,3.0427349665924277,0.7108326974731324,1.2,6.938,2012-12-12,2026-03-19,158,4845,162,0.9753086419753086
1129400.0,449,3.2713140311804008,0.6881303712674817,1.4,6.971,2012-12-12,2026-03-19,158,4845,162,0.9753086419753086
1130400.0,450,3.0360911111111113,0.5352762483605047,1.6,5.906,2012-12-12,2026-03-19,158,4845,162,0.9753086419753086
1131400.0,450,2.9585066666666666,0.5416375411780122,1.4,5.944,2012-12-12,2026-03-19,158,4845,162,0.9753086419753086
1132400.0,450,2.513586666666667,0.4597275680148763,1.29,5.352,2012-12-12,2026-03-19,158,4845,162,0.9753086419753086
1133400.0,450,2.954448888888889,0.5761578317160678,1.4,7.276,2012-12-12,2026-03-19,158,4845,162,0.9753086419753086
1134400.0,448,3.0218526785714284,0.5366516629347353,1.51,7.615,2012-12-12,2026-03-19,158,4845,162,0.9753086419753086
1135400.0,448,2.556582589285714,0.3801804262119663,1.4,5.815,2012-12-12,2026-03-19,158,4845,162,0.9753086419753086
1136400.0,450,2.7652311111111114,0.5669649159837373,1.43,6.006,2012-12-12,2026-03-19,158,4845,162,0.9753086419753086
1137400.0,448,3.0247321428571428,0.6227153569551594,1.6,9.218,2012-12-12,2026-03-19,158,4845,162,0.9753086419753086
1138400.0,448,3.3990825892857144,0.6536413645357881,2.01,7.733,2012-12-12,2026-03-19,158,4845,162,0.9753086419753086
1139400.0,449,3.2219977728285074,0.7100854529149694,1.4,6.208,2012-12-12,2026-03-19,158,4845,162,0.9753086419753086
1140400.0,449,2.983824053452116,0.6167136930874559,1.63,8.109,2012-12-12,2026-03-19,158,4845,162,0.9753086419753086
1141400.0,449,3.315336302895323,0.648425366441148,1.07,4.985,2012-12-12,2026-03-19,158,4845,162,0.9753086419753086
1142400.0,449,2.610759465478842,0.4873079567302088,0.94,4.42,2012-12-12,2026-03-19,158,4845,162,0.9753086419753086
1144400.0,445,4.170312359550562,0.5732481216441263,1.21,6.812,2012-12-12,2026-03-19,158,4845,162,0.9753086419753086
1145400.0,452,2.594411504424779,0.5531857694094368,0.92,4.18,2012-12-12,2026-03-19,157,4845,162,0.9691358024691358
1146400.0,452,2.878579646017699,0.6749469949341249,0.9,4.991,2012-12-12,2026-03-19,157,4845,162,0.9691358024691358
1147400.0,452,2.575962389380531,0.5631573574280284,0.89,4.275,2012-12-12,2026-03-19,157,4845,162,0.9691358024691358
1148400.0,452,2.5683230088495574,0.5474142985718847,0.98,5.596,2012-12-12,2026-03-19,157,4845,162,0.9691358024691358
1149400.0,452,2.831017699115044,0.6606829193065537,0.86,5.638,2012-12-12,2026-03-19,157,4845,162,0.9691358024691358
1150400.0,452,2.805404867256637,0.5539397753758448,0.89,5.407,2012-12-12,2026-03-19,157,4845,162,0.9691358024691358
1151400.0,451,2.6281552106430155,0.5451353861101438,0.84,6.338,2012-12-12,2026-03-19,157,4845,162,0.9691358024691358
1152400.0,451,2.706456762749446,0.6232996459825244,0.96,5.843,2012-12-12,2026-03-19,157,4845,162,0.9691358024691358
1153400.0,452,2.9042566371681415,0.4920062783072651,0.87,4.595,2012-12-12,2026-03-19,157,4845,162,0.9691358024691358
1154400.0,452,2.968342920353982,0.7895848018463575,1.14,10.07,2012-12-12,2026-03-19,157,4845,162,0.9691358024691358
1155400.0,452,2.569214601769912,0.5635849894367894,0.77,4.185,2012-12-12,2026-03-19,157,4845,162,0.9691358024691358
1156400.0,452,2.6883738938053097,0.6344938933446709,0.82,10.711,2012-12-12,2026-03-19,157,4845,162,0.9691358024691358
1157400.0,452,2.92616814159292,0.6745277977490839,1.589,12.07,2012-12-12,2026-03-19,157,4845,162,0.9691358024691358
1158400.0,452,2.8160951327433628,0.9390759208736682,1.0,17.42,2012-12-12,2026-03-19,157,4845,162,0.9691358024691358
1159400.0,452,2.6318893805309735,0.8899533738864384,1.0,17.52,2012-12-12,2026-03-19,157,4845,162,0.9691358024691358
1160400.0,452,2.607926991150442,0.9099838654921942,1.0,17.73,2012-12-12,2026-03-19,157,4845,162,0.9691358024691358
1161400.0,452,2.8125221238938054,0.7604342072427599,1.0,8.737,2012-12-12,2026-03-19,157,4845,162,0.9691358024691358
1162400.0,452,2.4763230088495574,0.49187675533673464,0.99,7.18,2012-12-12,2026-03-19,157,4845,162,0.9691358024691358
1163400.0,452,2.705141592920354,0.6103959874568669,0.8,6.8,2012-12-12,2026-03-19,157,4845,162,0.9691358024691358
1164400.0,452,2.895451327433628,0.7060020852735854,0.9,7.117,2012-12-12,2026-03-19,157,4845,162,0.9691358024691358
1165400.0,452,2.700070796460177,0.5853083704737116,1.09,5.698,2012-12-12,2026-03-19,157,4845,162,0.9691358024691358
1166400.0,451,3.117128603104213,0.6179891486660043,1.3,4.87,2012-12-12,2026-03-19,157,4845,162,0.9691358024691358
1167400.0,452,3.007139380530974,0.7029587836306113,1.0,7.698,2012-12-12,2026-03-19,157,4845,162,0.9691358024691358
1168400.0,451,2.82409977827051,0.6052835304585743,1.0,6.4,2012-12-12,2026-03-19,157,4845,162,0.9691358024691358
1169400.0,452,2.7937278761061948,0.6355627279952498,1.1,5.9,2012-12-12,2026-03-19,157,4845,162,0.9691358024691358
1170400.0,453,2.9065165562913906,0.686860210955203,1.16,6.204,2012-12-12,2026-03-19,158,4845,162,0.9753086419753086
1171400.0,452,2.7767278761061944,0.6799197577684485,1.0,6.53,2012-12-12,2026-03-19,157,4845,162,0.9691358024691358
1172400.0,452,2.689382743362832,0.6439977461801712,1.09,6.684,2012-12-12,2026-03-19,157,4845,162,0.9691358024691358
1173400.0,452,2.852393805309734,0.641476394193456,1.07,6.186,2012-12-12,2026-03-19,157,4845,162,0.9691358024691358
1174400.0,451,2.715968957871397,0.6863054220735672,1.1,5.741,2012-12-12,2026-03-19,157,4845,162,0.9691358024691358
1175400.0,453,2.824432671081678,0.809687393512722,0.94,5.916,2012-12-12,2026-03-19,158,4845,162,0.9753086419753086
1176400.0,453,2.6509514348785874,0.4595765580188561,0.89,6.407,2012-12-12,2026-03-19,158,4845,162,0.9753086419753086
1177400.0,452,2.745092920353982,0.610746756931841,0.9,4.763,2012-12-12,2026-03-19,158,4845,162,0.9753086419753086
1178400.0,453,2.621439293598234,0.5809988682542978,0.85,6.791,2012-12-12,2026-03-19,158,4845,162,0.9753086419753086
1179400.0,452,2.8252743362831856,0.7980282908231412,0.82,12.97,2012-12-12,2026-03-19,158,4845,162,0.9753086419753086
1180400.0,452,2.5684181415929204,0.621752854363872,0.99,7.175,2012-12-12,2026-03-19,158,4845,162,0.9753086419753086
1181400.0,452,2.8868075221238936,0.6778499730249969,0.97,9.802,2012-12-12,2026-03-19,158,4845,162,0.9753086419753086
1182400.0,453,2.739456953642384,0.7392729393021932,0.88,12.2,2012-12-12,2026-03-19,158,4845,162,0.9753086419753086
1183400.0,453,2.5295496688741723,0.7922563277049967,0.67,8.3,2012-12-12,2026-03-19,158,4845,162,0.9753086419753086
1184400.0,453,2.577094922737307,0.4935696033581487,0.99,9.4,2012-12-12,2026-03-19,158,4845,162,0.9753086419753086
1185400.0,452,2.7567544247787614,0.6497109842556288,1.1,10.1,2012-12-12,2026-03-19,158,4845,162,0.9753086419753086
1186400.0,453,2.943805739514349,0.7414415415422222,1.2,7.28,2012-12-12,2026-03-19,158,4845,162,0.9753086419753086
1187400.0,453,2.6653090507726267,0.6935518667604674,0.85,10.915,2012-12-12,2026-03-19,158,4845,162,0.9753086419753086
1188400.0,453,2.783399558498896,0.6756940297636296,0.8,8.236,2012-12-12,2026-03-19,158,4845,162,0.9753086419753086
1189400.0,452,2.86958407079646,0.719606494779506,1.29,8.607,2012-12-12,2026-03-19,158,4845,162,0.9753086419753086
1190400.0,452,2.2205199115044247,0.7718053113493336,0.8,4.944,2012-12-12,2026-03-19,158,4845,162,0.9753086419753086
1191400.0,452,2.2747898230088492,0.5044730012030004,1.14,5.969,2012-12-12,2026-03-19,158,4845,162,0.9753086419753086
1192400.0,451,2.926640798226164,0.6111383764188,1.2,5.39,2012-12-12,2026-03-19,158,4845,162,0.9753086419753086
1202400.0,432,2.7909375,0.42463533505635453,0.84,4.46,2012-12-12,2026-03-19,157,4845,162,0.9691358024691358
1203400.0,432,2.471400462962963,1.1791977784673124,1.1,22.9,2012-12-12,2026-03-19,157,4845,162,0.9691358024691358
1204400.0,431,2.4888979118329466,0.6505639333795209,1.05,10.0,2012-12-12,2026-03-19,157,4845,162,0.9691358024691358
1205400.0,450,3.011766666666667,0.7368247027203788,1.1,6.156,2012-12-12,2026-03-19,158,4845,162,0.9753086419753086
1206400.0,450,2.601108888888889,0.6454997816206134,1.05,5.864,2012-12-12,2026-03-19,158,4845,162,0.9753086419753086
1207400.0,450,2.514528888888889,0.7732877372319613,1.0,5.147,2012-12-12,2026-03-19,158,4845,162,0.9753086419753086
1208400.0,450,2.7711111111111113,0.5872529958782905,1.1,6.013,2012-12-12,2026-03-19,158,4845,162,0.9753086419753086
1209400.0,450,2.6077511111111114,0.7153639255191546,1.0,9.746,2012-12-12,2026-03-19,158,4845,162,0.9753086419753086
1210400.0,452,3.127004424778761,0.6748570875912718,1.29,7.687,2012-12-12,2026-03-19,158,4845,162,0.9753086419753086
1211400.0,452,2.7741703539823006,0.501916574818003,0.92,7.753,2012-12-12,2026-03-19,158,4845,162,0.9753086419753086
1212400.0,452,2.977595132743363,0.5529333326078748,1.15,4.831,2012-12-12,2026-03-19,158,4845,162,0.9753086419753086
1213400.0,452,2.5272101769911504,0.44101065905934694,1.02,5.303,2012-12-12,2026-03-19,158,4845,162,0.9753086419753086
1214400.0,452,2.8161393805309736,0.8188166197659507,0.9,5.361,2012-12-12,2026-03-19,158,4845,162,0.9753086419753086
1215400.0,454,2.6475066079295155,0.6740387112643825,0.9,5.212,2012-12-12,2026-03-19,158,4845,162,0.9753086419753086
1216400.0,454,2.6202907488986784,0.5671636094374162,0.8,5.59,2012-12-12,2026-03-19,158,4845,162,0.9753086419753086
1217400.0,454,2.5673414096916303,0.5708874198088634,0.9,4.835,2012-12-12,2026-03-19,158,4845,162,0.9753086419753086
1218400.0,454,2.730837004405286,0.5872891363418687,1.0,5.34,2012-12-12,2026-03-19,158,4845,162,0.9753086419753086
1219400.0,454,2.805259911894273,0.6219191214823147,0.9,6.206,2012-12-12,2026-03-19,158,4845,162,0.9753086419753086
1220400.0,454,2.79413436123348,0.8203707405101256,1.0,11.948,2012-12-12,2026-03-19,158,4845,162,0.9753086419753086
1221400.0,453,2.818814569536424,0.6966063825900061,0.96,6.024,2012-12-20,2026-03-19,158,4837,162,0.9753086419753086
1222400.0,453,2.778876379690949,0.5179923015906885,0.88,5.07,2012-12-20,2026-03-19,158,4837,162,0.9753086419753086
1223400.0,453,2.6928896247240615,0.6041379114978043,1.04,7.387,2012-12-20,2026-03-19,158,4837,162,0.9753086419753086
1224400.0,453,2.6946909492273727,0.6642542773548954,1.2,6.272,2012-12-20,2026-03-19,158,4837,162,0.9753086419753086
1225400.0,453,2.6982384105960264,0.86797458041015,0.97,15.116,2012-12-20,2026-03-19,158,4837,162,0.9753086419753086
1226400.0,453,2.7323863134657835,0.6745524366661678,0.91,5.5,2012-12-20,2026-03-19,158,4837,162,0.9753086419753086
1227400.0,453,2.7910331125827814,0.745910473677531,1.01,5.992,2012-12-20,2026-03-19,158,4837,162,0.9753086419753086
1228400.0,453,2.818406181015453,0.5963198258082454,0.96,6.706,2012-12-20,2026-03-19,158,4837,162,0.9753086419753086
1229400.0,452,2.623776548672566,0.7593474827944052,1.11,5.862,2012-12-20,2026-03-19,158,4837,162,0.9753086419753086
1230400.0,453,3.1562737306843265,1.1898467924516627,1.23,21.3,2012-12-20,2026-03-19,158,4837,162,0.9753086419753086
1231400.0,452,2.6160154867256638,1.1181506755535153,0.91,21.2,2012-12-20,2026-03-19,158,4837,162,0.9753086419753086
1232400.0,450,2.8833022222222224,0.7396910974144268,1.02,11.534,2012-12-20,2026-03-19,158,4837,162,0.9753086419753086
1233400.0,450,3.225351111111111,0.9251786470772401,1.21,14.222,2012-12-20,2026-03-19,158,4837,162,0.9753086419753086
1234400.0,447,3.2036353467561525,0.9128001313181066,1.07,18.9,2012-12-20,2026-03-19,157,4837,162,0.9691358024691358
1235400.0,445,3.0361932584269664,0.4227035982061553,0.98,5.771,2012-12-20,2026-03-19,157,4837,162,0.9691358024691358
1236400.0,445,4.116503370786517,0.8862672090667637,1.36,6.452,2012-12-20,2026-03-19,157,4837,162,0.9691358024691358
1237400.0,445,3.711784269662921,0.9385961355172181,0.93,5.882,2012-12-20,2026-03-19,157,4837,162,0.9691358024691358
1238400.0,440,5.774879545454546,0.9412557630239299,2.03,7.98,2012-12-20,2026-03-19,157,4837,162,0.9691358024691358
1239400.0,445,4.027173033707865,1.1136185132103718,1.4,13.3,2012-12-20,2026-03-19,157,4837,162,0.9691358024691358
