新编号,原标识,来源,里程,记录数,TQI均值,TQI标准差,最佳MAE,改善幅度,类型
0,5号,原始样本,-,250,2.04,0.192,0.087,4%,稳定型基准
1,3号,原始样本,-,477,2.95,0.616,0.294,54%,波动型基准
2,里程240400,批量样本,240400,232,1.462155172413793,0.1008518353844046,0.047235038130802,35.2%,极优MAE代表
3,里程132400,批量样本,132400,167,1.4340119760479042,0.072867761726869,0.0486264472699563,17.8%,次优MAE代表
4,里程106400,批量样本,106400,168,1.4326785714285717,0.0771224488259872,0.0511026793595998,14.6%,低TQI稳定
5,里程1011400,批量样本,1011400,504,3.0853690476190474,1.0035295696348447,0.2954910794403222,83.8%,最高改善代表
6,里程1190400,批量样本,1190400,507,2.2361360946745563,0.7607291431697107,0.1902669752421356,72.0%,滚动锚定优势
7,里程1208400,批量样本,1208400,503,2.766149105367793,0.5653946931111062,0.2278014300636688,60.7%,均衡型代表
8,里程501400,批量样本,501400,252,1.7950793650793648,0.1902242167554717,0.0827993708610052,60.4%,低TQI高改善
9,里程413400,批量样本,413400,243,2.042098765432099,0.1251582408249789,0.052602945274115,42.7%,批量样本
10,里程149400,批量样本,149400,160,1.630375,0.0866489156954371,0.0536428571428571,19.1%,批量样本
11,里程353400,批量样本,353400,228,1.8568421052631576,0.0777584171340692,0.0583440126351278,10.8%,批量样本
12,里程415400,批量样本,415400,237,2.342278481012659,0.1297744069375313,0.0621139145509615,42.7%,批量样本
13,里程331400,批量样本,331400,243,1.6290946502057613,0.1239601512724667,0.0632489858813028,42.8%,批量样本
14,里程165400,批量样本,165400,180,1.5275555555555551,0.1167991267196931,0.0640928647822766,34.1%,批量样本
15,里程210400,批量样本,210400,244,1.578360655737705,0.1053691192198404,0.064254940175993,34.4%,批量样本
16,里程330400,批量样本,330400,242,1.5613223140495869,0.131325462155633,0.0684611567558226,52.4%,批量样本
17,里程314400,批量样本,314400,243,1.6886831275720162,0.107353178630531,0.0696244643331065,38.9%,批量样本
18,里程338400,批量样本,338400,245,1.9210204081632656,0.1312556774409718,0.0700035061250298,35.8%,批量样本
19,里程312400,批量样本,312400,244,1.6258196721311478,0.1280003868559896,0.0724555295967835,50.0%,批量样本
20,里程546400,批量样本,546400,250,1.83008,0.10982275607088,0.0726230942315239,16.0%,批量样本
21,里程245400,批量样本,245400,245,1.5934285714285714,0.1081688116014902,0.0749158679244491,11.9%,批量样本
22,里程311400,批量样本,311400,241,1.5676348547717844,0.1089180094386736,0.0750645642400898,25.1%,批量样本
23,里程220400,批量样本,220400,243,1.6574897119341565,0.139170635562281,0.0763020480504364,35.3%,批量样本
24,里程204400,批量样本,204400,232,1.4896120689655172,0.1080417004271901,0.0767415317979043,16.0%,批量样本
25,里程317400,批量样本,317400,245,1.6128979591836734,0.1188821300973099,0.0771064056950278,37.5%,批量样本
26,里程418400,批量样本,418400,253,1.8030434782608693,0.1821014513350453,0.0784478663466341,49.7%,批量样本
27,里程282400,批量样本,282400,241,1.6914937759336102,0.1134030834505816,0.0798307953987316,20.2%,批量样本
28,里程91400,批量样本,91400,182,1.5177472527472526,0.1123819546087924,0.0803244588744588,24.6%,批量样本
29,里程336400,批量样本,336400,245,1.7157142857142855,0.1562941740835499,0.0809333771087641,44.4%,批量样本
30,里程271400,批量样本,271400,243,1.806707818930041,0.139473126875502,0.0816984858014534,28.7%,批量样本
31,里程374400,批量样本,374400,245,1.7880816326530613,0.1265526257305265,0.081845522967814,16.8%,批量样本
32,里程308400,批量样本,308400,245,1.7114285714285713,0.1437438523275594,0.0820255721645377,47.4%,批量样本
33,里程319400,批量样本,319400,244,1.5329098360655735,0.1253707918871426,0.0829246994278964,19.6%,批量样本
34,里程504400,批量样本,504400,241,1.6339419087136928,0.1228270326299343,0.0831044895516777,31.5%,批量样本
35,里程444400,批量样本,444400,252,1.8464285714285715,0.147202136469611,0.0838782814492514,41.1%,批量样本
36,里程148400,批量样本,148400,179,1.7616759776536317,0.1135607842657652,0.0841347688787449,25.8%,批量样本
37,里程503400,批量样本,503400,248,1.6212903225806454,0.1255915089185814,0.0842327456800189,35.5%,批量样本
38,里程372400,批量样本,372400,251,1.9141035856573705,0.1125712806496027,0.0847741458291937,18.3%,批量样本
39,里程445400,批量样本,445400,248,1.9206048387096772,0.1292677802270626,0.0848706829711201,12.8%,批量样本
40,里程97400,批量样本,97400,179,1.4420670391061452,0.1083672282319106,0.0857865824409326,17.4%,批量样本
41,里程350400,批量样本,350400,237,1.9649367088607597,0.1057604434606195,0.086313945615576,15.4%,批量样本
42,里程299400,批量样本,299400,244,1.6335245901639344,0.1302256486159486,0.0875076974666758,33.7%,批量样本
43,里程502400,批量样本,502400,252,1.7953968253968255,0.1871303561400045,0.0883822370944947,53.7%,批量样本
44,里程115400,批量样本,115400,167,1.349880239520958,0.094333349096433,0.0900631666808137,16.3%,批量样本
45,里程412400,批量样本,412400,247,2.06080971659919,0.1620403198930981,0.0909396850492503,28.5%,批量样本
46,里程495400,批量样本,495400,249,2.303775100401607,0.1650104029665628,0.0915344185520736,42.2%,批量样本
47,里程447400,批量样本,447400,250,1.88148,0.1610925598884244,0.0923891706390292,30.1%,批量样本
48,里程316400,批量样本,316400,243,1.5850617283950617,0.1202798746257058,0.0926244157600555,22.8%,批量样本
49,里程676400,批量样本,676400,237,1.743966244725738,0.1185518503804759,0.0926376139428835,17.9%,批量样本
50,里程154400,批量样本,154400,175,1.4861714285714287,0.122134626519566,0.0928368048592299,11.6%,批量样本
51,里程125400,批量样本,125400,174,1.6080459770114943,0.1223360205341754,0.0928913213239971,11.1%,批量样本
52,里程264400,批量样本,264400,245,1.806122448979592,0.191409957499717,0.0933198241464495,39.4%,批量样本
53,里程485400,批量样本,485400,251,1.7404382470119522,0.1578968244497486,0.0934833796807479,17.7%,批量样本
54,里程461400,批量样本,461400,250,1.86124,0.1791447284598119,0.0936921263195773,53.6%,批量样本
55,里程367400,批量样本,367400,247,1.871740890688259,0.1354809472250326,0.0941132540416356,20.3%,批量样本
56,里程351400,批量样本,351400,244,1.900901639344262,0.1183077113513854,0.095058106005996,14.3%,批量样本
57,里程265400,批量样本,265400,244,1.5689754098360658,0.1389532273566737,0.0951603437853437,10.1%,批量样本
58,里程389400,批量样本,389400,245,2.242326530612245,0.1520754487782651,0.0962853186893434,31.3%,批量样本
59,里程302400,批量样本,302400,245,1.9684897959183671,0.1729462773651586,0.0977917545773954,37.4%,批量样本
60,里程126400,批量样本,126400,178,1.5892696629213483,0.1473840644855898,0.0978485686787657,19.6%,批量样本
61,里程354400,批量样本,354400,247,1.982672064777328,0.1601274446351847,0.0981974616347831,39.3%,批量样本
62,里程404400,批量样本,404400,246,1.873373983739837,0.1348604659623243,0.0985423230879722,22.1%,批量样本
63,里程131400,批量样本,131400,178,1.428483146067416,0.1258483180235969,0.0995879629629629,20.1%,批量样本
64,里程479400,批量样本,479400,249,2.047951807228916,0.1971373295455475,0.1001149737108357,30.4%,批量样本
65,里程95400,批量样本,95400,180,1.4674999999999996,0.1228110007264876,0.1016173088023087,28.8%,批量样本
66,里程300400,批量样本,300400,243,1.853703703703704,0.1096626432145623,0.1024676178701579,11.8%,批量样本
67,里程345400,批量样本,345400,243,1.9041152263374483,0.1221143748799648,0.1026081981012893,29.9%,批量样本
68,里程627400,批量样本,627400,251,2.4854183266932277,0.2136092795334249,0.1032417556731344,42.3%,批量样本
69,里程133400,批量样本,133400,177,1.5175141242937855,0.1256823696387333,0.103582679778818,13.7%,批量样本
70,里程434400,批量样本,434400,245,2.4493061224489803,0.1942195609927024,0.103629423077759,35.2%,批量样本
71,里程497400,批量样本,497400,251,1.9315537848605575,0.1940463246124943,0.104595784039089,24.1%,批量样本
72,里程286400,批量样本,286400,242,1.828471074380165,0.1553143552681718,0.1048093434162826,30.1%,批量样本
73,里程542400,批量样本,542400,249,1.921124497991968,0.1556267912264094,0.1050475156270717,13.3%,批量样本
74,里程208400,批量样本,208400,247,1.686518218623482,0.1586939282963107,0.1066918980064985,16.8%,批量样本
75,里程455400,批量样本,455400,205,1.9699512195121955,0.1818248930329581,0.1070868676486559,31.7%,批量样本
76,里程463400,批量样本,463400,252,1.869206349206349,0.2459281246814356,0.1076962706769207,55.3%,批量样本
77,里程304400,批量样本,304400,240,1.9177083333333331,0.1323877843808768,0.1079244603232928,18.9%,批量样本
78,里程588400,批量样本,588400,256,2.18851171875,0.2556309684271354,0.1088535658564968,58.3%,批量样本
79,里程75400,批量样本,75400,180,1.620555555555555,0.1302885590839858,0.1090745214045214,10.0%,批量样本
80,里程140400,批量样本,140400,178,1.6658988764044942,0.1312544038491808,0.1097798094975513,10.4%,批量样本
81,里程146400,批量样本,146400,179,1.4967597765363123,0.1296044256074168,0.1109051680672269,12.8%,批量样本
82,里程484400,批量样本,484400,250,1.79616,0.2054646375147711,0.1115122347282347,31.3%,批量样本
83,里程465400,批量样本,465400,249,2.0586746987951807,0.2016830659103776,0.1160088703279291,14.6%,批量样本
84,里程307400,批量样本,307400,246,1.719878048780488,0.1640395216374223,0.1163431160212445,28.0%,批量样本
85,里程561400,批量样本,561400,251,1.9903187250996013,0.1598696281598482,0.1171811797042073,10.4%,批量样本
86,里程606400,批量样本,606400,252,1.723015873015873,0.1663542509190444,0.1172991710806356,19.6%,批量样本
87,里程587400,批量样本,587400,255,1.947764705882353,0.2137463531240486,0.1175794925575313,35.4%,批量样本
88,里程361400,批量样本,361400,253,2.2085770750988147,0.128706750279857,0.1184611708689278,17.4%,批量样本
89,里程500400,批量样本,500400,249,1.7418473895582332,0.1634550125639192,0.1196739534020236,22.5%,批量样本
90,里程598400,批量样本,598400,254,1.866023622047244,0.1650354358674744,0.1196863961509975,13.2%,批量样本
91,里程402400,批量样本,402400,252,1.9515079365079364,0.1195913857196852,0.1197635425850528,14.8%,批量样本
92,里程427400,批量样本,427400,244,1.833606557377049,0.1731554907871698,0.1207282635576753,24.9%,批量样本
93,里程216400,批量样本,216400,241,2.0150622406639003,0.1601252643296028,0.1212240649377832,22.0%,批量样本
94,里程583400,批量样本,583400,255,2.395215686274509,0.205805151497462,0.1212755323774898,20.5%,批量样本
95,里程476400,批量样本,476400,250,1.84672,0.1649840006846958,0.1219601885521885,16.4%,批量样本
96,里程1235400,批量样本,1235400,446,3.108017937219731,0.2178014034916359,0.12263851510655,52.3%,批量样本
97,里程235400,批量样本,235400,247,1.7564372469635623,0.1701585197956794,0.1232857201370207,16.9%,批量样本
98,里程340400,批量样本,340400,243,2.144156378600823,0.1601794197737733,0.123898736054575,21.8%,批量样本
99,里程141400,批量样本,141400,180,1.556888888888889,0.1690667412720347,0.1252642780600061,21.4%,批量样本
100,里程274400,批量样本,274400,244,1.9898360655737704,0.1768772730531772,0.1266002107793129,29.3%,批量样本
101,里程1184400,批量样本,1184400,460,2.6060978260869563,0.2215472851549618,0.1269978579178234,16.5%,批量样本
102,里程648400,批量样本,648400,262,1.8729007633587789,0.1590512510456461,0.1281553425254712,19.9%,批量样本
103,里程764400,批量样本,764400,431,3.214071925754061,0.186669716844345,0.1281750547308486,27.3%,批量样本
104,里程626400,批量样本,626400,248,1.7931048387096775,0.1519816374242096,0.1284667834316499,13.4%,批量样本
105,里程228400,批量样本,228400,241,1.7639004149377595,0.2009553599886314,0.1285969640223974,18.1%,批量样本
106,里程26400,批量样本,26400,182,1.7969780219780218,0.2707778636594939,0.128760298030851,28.2%,批量样本
107,里程607400,批量样本,607400,248,1.987096774193548,0.1634311958563166,0.1300332047139163,19.5%,批量样本
108,里程603400,批量样本,603400,252,1.8417063492063488,0.1831286995448205,0.1311496929648981,37.9%,批量样本
109,里程541400,批量样本,541400,255,2.149921568627451,0.2843904825766974,0.1314584959887363,44.7%,批量样本
110,里程263400,批量样本,263400,243,1.754074074074074,0.2177577950390651,0.1330315448413969,57.1%,批量样本
111,里程306400,批量样本,306400,245,2.144530612244898,0.1617054474128323,0.135719500248912,18.0%,批量样本
112,里程223400,批量样本,223400,194,1.9838659793814435,0.2455257710001165,0.1365724334931713,35.2%,批量样本
113,里程335400,批量样本,335400,244,2.0267622950819675,0.1552264006054275,0.1373100336173091,10.6%,批量样本
114,里程377400,批量样本,377400,247,2.1675708502024285,0.1812596227904942,0.1379488411704829,33.9%,批量样本
115,里程416400,批量样本,416400,253,1.5618577075098816,0.1729807182285083,0.1403083334298766,22.0%,批量样本
116,里程46400,批量样本,46400,179,2.2368156424581005,0.3348342279447803,0.1426449905756041,19.0%,批量样本
117,里程653400,批量样本,653400,263,1.8266159695817488,0.1557778832321983,0.1432324603941279,11.2%,批量样本
118,里程446400,批量样本,446400,251,1.951354581673307,0.1854177924820708,0.1435091507272285,12.9%,批量样本
119,里程529400,批量样本,529400,247,1.886923076923077,0.1697734207230036,0.1441140236626726,10.9%,批量样本
120,里程128400,批量样本,128400,179,1.6093296089385478,0.1775539094123219,0.144579086965376,13.9%,批量样本
121,里程454400,批量样本,454400,205,2.649365853658537,0.2544989075150441,0.1453325709842547,46.9%,批量样本
122,里程435400,批量样本,435400,252,2.2379761904761906,0.2660622389004058,0.1455774574582624,20.7%,批量样本
123,里程530400,批量样本,530400,250,2.11384,0.2276941653440573,0.1462832197118125,47.4%,批量样本
124,里程134400,批量样本,134400,178,1.6185955056179775,0.1765672176610589,0.1464120430150741,15.5%,批量样本
125,里程222400,批量样本,222400,225,2.004488888888889,0.3340843444496452,0.1476991500596158,35.7%,批量样本
126,里程604400,批量样本,604400,250,1.98896,0.1834949590588253,0.1496352206243475,23.3%,批量样本
127,里程1133400,批量样本,1133400,416,3.1620841346153847,0.1916004631586855,0.150953679226223,10.1%,批量样本
128,里程441400,批量样本,441400,251,2.172231075697211,0.1876651336568363,0.1524095193693545,33.7%,批量样本
129,里程225400,批量样本,225400,247,1.887327935222672,0.2324020594241392,0.1537904929283508,31.9%,批量样本
130,里程62400,批量样本,62400,179,1.6560335195530729,0.1901490219683516,0.1538486728395062,16.5%,批量样本
131,里程498400,批量样本,498400,247,2.184898785425101,0.188698715313911,0.1549709108438302,22.9%,批量样本
132,里程967400,批量样本,967400,424,3.2027382075471693,0.217918868917653,0.1553158392147249,20.9%,批量样本
133,里程255400,批量样本,255400,241,1.867717842323652,0.1963844530217664,0.15584076586582,29.4%,批量样本
134,里程1191400,批量样本,1191400,506,2.2622055335968376,0.4733388350027852,0.1570318241830745,56.7%,批量样本
135,里程929400,批量样本,929400,435,2.909232183908046,0.2384569227993472,0.1572481612855747,24.4%,批量样本
136,里程678400,批量样本,678400,264,1.8964772727272723,0.1821984864231619,0.1578379364385614,29.6%,批量样本
137,里程733400,批量样本,733400,484,3.694729338842975,0.3198247564386346,0.1607234098710766,46.9%,批量样本
138,里程734400,批量样本,734400,482,3.357321576763485,0.3076303744901389,0.1613507791459634,34.7%,批量样本
139,里程594400,批量样本,594400,241,1.8942738589211616,0.1862849287752412,0.1624088622664686,11.0%,批量样本
140,里程391400,批量样本,391400,248,2.1056048387096777,0.2310993728646519,0.162471397970659,37.7%,批量样本
141,里程833400,批量样本,833400,400,4.158815000000001,0.3100520625293383,0.1624793541136693,36.3%,批量样本
142,里程1213400,批量样本,1213400,486,2.540944444444445,0.3496452915411663,0.163076840505819,39.6%,批量样本
143,里程468400,批量样本,468400,252,2.1453571428571427,0.2338800374995869,0.1673630939644668,19.4%,批量样本
144,里程480400,批量样本,480400,249,2.100843373493976,0.2443484002235321,0.1691371597808581,19.9%,批量样本
145,里程14400,批量样本,14400,181,1.6334254143646414,0.2259876624347975,0.1716178987678987,40.5%,批量样本
146,里程474400,批量样本,474400,254,2.0498425196850394,0.3075633788651089,0.1719387041587514,19.0%,批量样本
147,里程254400,批量样本,254400,250,1.8612,0.2700947327487794,0.1741017764951097,42.5%,批量样本
148,里程405400,批量样本,405400,246,2.841382113821138,0.2295739628387171,0.1768164685571154,22.1%,批量样本
149,里程213400,批量样本,213400,250,2.07012,0.2231150080727633,0.1772670223142394,25.1%,批量样本
150,里程661400,批量样本,661400,262,2.042519083969466,0.2384025492658912,0.1794883901183286,27.7%,批量样本
151,里程494400,批量样本,494400,251,2.254183266932271,0.2620695142111811,0.1829054328404742,27.4%,批量样本
152,里程253400,批量样本,253400,253,2.035889328063241,0.3049728383767358,0.1834944030012196,51.8%,批量样本
153,里程1130400,批量样本,1130400,412,3.2257766990291263,0.2139905372098365,0.1836717697109645,17.1%,批量样本
154,里程272400,批量样本,272400,246,2.042560975609756,0.2331338109709096,0.1851070815824486,33.5%,批量样本
155,里程456400,批量样本,456400,251,2.1465338645418326,0.2424762624435752,0.1857594886031959,23.9%,批量样本
156,里程526400,批量样本,526400,247,2.1113765182186226,0.1899735966229101,0.1860992904277138,14.8%,批量样本
157,里程563400,批量样本,563400,253,2.22806324110672,0.2549381421093202,0.1873738679998133,19.5%,批量样本
158,里程477400,批量样本,477400,250,2.05216,0.2580606821324213,0.188314790520956,20.9%,批量样本
159,里程613400,批量样本,613400,247,2.186315789473684,0.2185814146513374,0.1900222243576891,11.4%,批量样本
160,里程811400,批量样本,811400,491,3.1909327902240325,0.3271877286197354,0.1918471941149148,24.3%,批量样本
161,里程910400,批量样本,910400,476,3.029182773109244,0.2616442627077319,0.1933520442050423,22.2%,批量样本
162,里程879400,批量样本,879400,454,3.0221431718061678,0.2608411325967908,0.1937396118935326,35.6%,批量样本
163,里程628400,批量样本,628400,248,2.2026612903225806,0.2697865669262925,0.1940131751967188,33.5%,批量样本
164,里程713400,批量样本,713400,506,3.3383418972332017,0.4405339151524678,0.1944575245511268,65.3%,批量样本
165,里程408400,批量样本,408400,253,2.311660079051383,0.2318789945687533,0.1953595633182752,21.2%,批量样本
166,里程481400,批量样本,481400,251,2.1485657370517925,0.2533162739765343,0.1954167078689241,16.0%,批量样本
167,里程555400,批量样本,555400,257,2.3411089494163426,0.380851784600857,0.1955130175072839,58.7%,批量样本
168,里程615400,批量样本,615400,246,2.20239837398374,0.2094062057766041,0.1966036921524185,21.1%,批量样本
169,里程490400,批量样本,490400,252,2.492773809523809,0.3032486922497223,0.1966833283080022,46.0%,批量样本
170,里程383400,批量样本,383400,247,2.248582995951417,0.1968223586077007,0.1988307945685352,22.8%,批量样本
171,里程830400,批量样本,830400,478,3.221692468619247,0.2475522171072836,0.2017469753177997,10.7%,批量样本
172,里程821400,批量样本,821400,456,3.304412280701755,0.3218045768708188,0.2024075756693939,42.5%,批量样本
173,里程608400,批量样本,608400,254,2.103673228346457,0.2757847722850542,0.2029192767951621,28.7%,批量样本
174,里程633400,批量样本,633400,252,2.152619047619048,0.24111850443622,0.2029526017999314,26.0%,批量样本
175,里程832400,批量样本,832400,489,3.474114519427403,0.3349691311533638,0.2032243304003592,22.3%,批量样本
176,里程836400,批量样本,836400,449,3.1683853006681515,0.2329279008955136,0.2045766131067529,12.3%,批量样本
177,里程650400,批量样本,650400,263,1.9858174904942965,0.2123909620525724,0.2048916776916821,22.4%,批量样本
178,里程687400,批量样本,687400,251,3.9454581673306777,0.2186451216995885,0.2062980231320014,11.4%,批量样本
179,里程515400,批量样本,515400,253,2.29102766798419,0.2722286970860331,0.2076414389204549,28.7%,批量样本
180,里程576400,批量样本,576400,252,2.2748412698412697,0.2549329546326713,0.2082963787000573,20.6%,批量样本
181,里程385400,批量样本,385400,248,3.0407782258064517,0.3274895232889839,0.2084005166029526,49.9%,批量样本
182,里程578400,批量样本,578400,249,2.2095983935742973,0.2019178194312245,0.2098106079755687,23.3%,批量样本
183,里程236400,批量样本,236400,250,1.9264,0.2375524461221869,0.2099476533450448,36.4%,批量样本
184,里程812400,批量样本,812400,489,3.026529652351738,0.3426116481302264,0.2109438100794657,44.8%,批量样本
185,里程1189400,批量样本,1189400,506,2.8557114624505924,0.6321473538481854,0.2132822257349894,54.9%,批量样本
186,里程522400,批量样本,522400,249,2.283172690763052,0.3246747353388116,0.2137390275784337,26.5%,批量样本
187,里程656400,批量样本,656400,262,2.096259541984733,0.2513026167328961,0.2140511605891974,31.3%,批量样本
188,里程745400,批量样本,745400,485,3.250185567010309,0.3536135108851394,0.2146803674514285,25.9%,批量样本
189,里程657400,批量样本,657400,265,2.2088830188679243,0.2643247928440766,0.2155109063265313,21.3%,批量样本
190,里程1037400,批量样本,1037400,509,2.7849705304518664,0.5847761543570662,0.2193593069850403,73.3%,批量样本
191,里程491400,批量样本,491400,251,2.003625498007968,0.2678955079639279,0.2193862964828337,17.6%,批量样本
192,里程646400,批量样本,646400,260,1.9524230769230768,0.2056290232878015,0.2194803362629274,14.6%,批量样本
193,里程822400,批量样本,822400,439,2.7898200455580864,0.3186720977723466,0.2197616054949679,15.0%,批量样本
194,里程69400,批量样本,69400,178,1.7962921348314609,0.1826971933488953,0.2210791423039211,10.3%,批量样本
195,里程659400,批量样本,659400,258,2.0526356589147285,0.2288952299025303,0.2215933739097162,10.2%,批量样本
196,里程38400,批量样本,38400,176,2.738806818181818,0.2433744843043115,0.2223180319067338,14.6%,批量样本
197,里程407400,批量样本,407400,247,2.197004048582996,0.2016858117226123,0.2225072134297236,29.2%,批量样本
198,里程1144400,批量样本,1144400,454,4.280277533039648,0.3207710530904307,0.2226973682290824,12.2%,批量样本
199,里程552400,批量样本,552400,254,2.1230708661417323,0.2745244161039077,0.2232732748911245,26.0%,批量样本
200,里程429400,批量样本,429400,251,1.9820717131474104,0.2920049500208059,0.2237461336023948,13.1%,批量样本
201,里程712400,批量样本,712400,508,3.280023622047244,0.3685625355840777,0.2287601591094186,59.0%,批量样本
202,里程667400,批量样本,667400,267,1.8803670411985016,0.3037594519087749,0.2294857447472317,40.8%,批量样本
203,里程1209400,批量样本,1209400,503,2.58434393638171,0.6088090874634671,0.2296442822710273,46.6%,批量样本
204,里程301400,批量样本,301400,252,2.4248412698412696,0.32974270816626,0.2296672321961347,13.1%,批量样本
205,里程565400,批量样本,565400,256,2.285046875,0.2906653856611905,0.2300413130836039,11.7%,批量样本
206,里程527400,批量样本,527400,249,2.0690361445783134,0.2639599850134516,0.2314339217142843,16.0%,批量样本
207,里程914400,批量样本,914400,396,3.0588030303030305,0.2205868963157989,0.2315306586903554,19.7%,批量样本
208,里程288400,批量样本,288400,244,1.878483606557377,0.2194881713061499,0.2318308293617891,20.4%,批量样本
209,里程930400,批量样本,930400,479,2.854482254697286,0.2636378887791484,0.2326734142983831,25.4%,批量样本
210,里程609400,批量样本,609400,251,2.182788844621514,0.3098919024999843,0.2332687745496603,22.4%,批量样本
211,里程658400,批量样本,658400,262,1.9657251908396949,0.2129613514640541,0.2336395207994608,16.1%,批量样本
212,里程685400,批量样本,685400,265,2.417811320754717,0.2797031067071978,0.2349476837151837,35.0%,批量样本
213,里程508400,批量样本,508400,254,2.493700787401575,0.2771104520007739,0.2380091724348444,32.0%,批量样本
214,里程936400,批量样本,936400,480,2.83554375,0.2582913224786022,0.2384888453210873,10.6%,批量样本
215,里程680400,批量样本,680400,265,2.0044528301886797,0.2771687598572814,0.2390423728504978,37.7%,批量样本
216,里程436400,批量样本,436400,249,2.033092369477912,0.285020647777108,0.239360291398896,22.8%,批量样本
217,里程670400,批量样本,670400,263,2.0231178707224333,0.2450412283896651,0.2403478394819068,20.9%,批量样本
218,里程281400,批量样本,281400,247,2.077004048582996,0.2397405694369412,0.2411178852856048,11.9%,批量样本
219,里程224400,批量样本,224400,250,2.04464,0.2805890075620544,0.2419946269208377,30.3%,批量样本
220,里程1010400,批量样本,1010400,509,3.16875442043222,0.699600668298543,0.2431014770923317,78.0%,批量样本
221,里程819400,批量样本,819400,446,3.3580336322869955,0.2860864978631215,0.2448723372050046,19.1%,批量样本
222,里程1023400,批量样本,1023400,472,3.247510593220339,0.2679214240857726,0.2449099656473922,31.0%,批量样本
223,里程487400,批量样本,487400,252,2.38734126984127,0.3057100587861031,0.2457037373762676,10.1%,批量样本
224,里程883400,批量样本,883400,480,3.6275041666666663,0.4987750422586293,0.2474250378532989,35.5%,批量样本
225,里程217400,批量样本,217400,249,2.040200803212852,0.2387305975889113,0.2493695121991673,22.6%,批量样本
226,里程226400,批量样本,226400,251,2.006852589641434,0.3174637840498769,0.2495132437853003,41.0%,批量样本
227,里程631400,批量样本,631400,251,2.0881274900398408,0.2744596139348645,0.2497118048745052,28.0%,批量样本
228,里程406400,批量样本,406400,252,2.3653968253968256,0.3677283572028094,0.2497126109026669,51.0%,批量样本
229,里程881400,批量样本,881400,457,3.017371991247265,0.3519075485444455,0.2507846164700402,40.8%,批量样本
230,里程892400,批量样本,892400,497,3.1309154929577465,0.3719178619937044,0.2515264108163614,28.1%,批量样本
231,里程554400,批量样本,554400,253,2.178861660079052,0.3099604183518473,0.2533252514507393,31.6%,批量样本
232,里程925400,批量样本,925400,427,3.374185011709602,0.2518502441978632,0.2559528454753816,12.8%,批量样本
233,里程320400,批量样本,320400,239,3.549037656903766,0.2769816201550755,0.2562903695198519,30.0%,批量样本
234,里程459400,批量样本,459400,232,3.4078060344827588,0.4392807199947414,0.2567594505869213,18.6%,批量样本
235,里程895400,批量样本,895400,511,2.627078277886497,0.4874662962082499,0.2577409727863182,39.7%,批量样本
236,里程1026400,批量样本,1026400,509,2.941001964636542,0.7616514938130357,0.2597603096367398,80.1%,批量样本
237,里程234400,批量样本,234400,250,1.90212,0.2388491180741919,0.2608931723863893,24.1%,批量样本
238,里程723400,批量样本,723400,414,3.0530241545893726,0.2683472406153894,0.2609288287104895,24.8%,批量样本
239,里程1033400,批量样本,1033400,510,2.947072549019608,0.7441213147545737,0.2657215787975458,73.6%,批量样本
240,里程553400,批量样本,553400,252,2.0855992063492064,0.2975927356875987,0.2666447979363288,15.4%,批量样本
241,里程686400,批量样本,686400,264,2.8745454545454545,0.332578047414206,0.2670609269965032,43.2%,批量样本
242,里程1243400,批量样本,1243400,256,4.217265625,0.6472011716751191,0.2679408229897377,43.5%,批量样本
243,里程214400,批量样本,214400,250,2.2994,0.3605395889229404,0.2727837370105105,46.8%,批量样本
244,里程25400,批量样本,25400,177,3.892542372881356,0.413056483674692,0.2737289153183461,42.3%,批量样本
245,里程913400,批量样本,913400,477,2.526649895178197,0.2719578197819198,0.2747372024022591,10.5%,批量样本
246,里程893400,批量样本,893400,507,2.9199881656804734,0.5271635411038573,0.2769657271452182,46.1%,批量样本
247,里程632400,批量样本,632400,253,2.0800790513833998,0.2975855113798781,0.2788392004343163,32.1%,批量样本
248,里程861400,批量样本,861400,467,3.1411905781584584,0.3572423289978059,0.2796141819336447,11.1%,批量样本
249,里程590400,批量样本,590400,253,2.0204743083003955,0.2525217504619451,0.2811059427554544,11.1%,批量样本
250,里程724400,批量样本,724400,421,2.883503562945368,0.2969108381662894,0.2811241282441141,21.4%,批量样本
251,里程262400,批量样本,262400,244,2.015819672131148,0.2754998156405899,0.2840372099915443,10.6%,批量样本
252,里程928400,批量样本,928400,449,3.251325167037862,0.4393120751669909,0.2852810084246233,37.1%,批量样本
253,里程1212400,批量样本,1212400,504,2.975916666666667,0.5440913714415412,0.286032013325393,45.1%,批量样本
254,里程392400,批量样本,392400,253,2.142806324110672,0.3204987897723815,0.2869710998194308,22.2%,批量样本
255,里程79400,批量样本,79400,182,1.8902197802197804,0.2966385453172046,0.2883465194910077,16.4%,批量样本
256,里程820400,批量样本,820400,459,3.0420588235294117,0.3538948645217353,0.2883679993502711,36.4%,批量样本
257,里程898400,批量样本,898400,497,2.88533601609658,0.3655428874856609,0.2892220634989219,15.2%,批量样本
258,里程215400,批量样本,215400,248,1.9851209677419357,0.2781910651123997,0.2901862820638329,16.4%,批量样本
259,里程399400,批量样本,399400,251,2.0312749003984063,0.21110558525887,0.2911562100049786,14.4%,批量样本
260,里程618400,批量样本,618400,247,2.191214574898785,0.2276410991684305,0.2912966350671873,11.8%,批量样本
261,里程814400,批量样本,814400,496,3.398745967741935,0.4220284302547685,0.2918481518620623,34.8%,批量样本
262,里程219400,批量样本,219400,248,2.0012903225806453,0.2866869746682432,0.2922725444144997,26.2%,批量样本
263,里程1018400,批量样本,1018400,503,2.860934393638171,0.8911710533252529,0.294165880955919,81.1%,批量样本
264,里程989400,批量样本,989400,443,3.0453340857787814,0.3190206186165706,0.2978294033508245,15.3%,批量样本
265,里程682400,批量样本,682400,271,2.093985239852399,0.3709532062980621,0.2988723814946758,42.9%,批量样本
266,里程65400,批量样本,65400,182,1.87021978021978,0.3014769464152125,0.2989656091284042,27.6%,批量样本
267,里程762400,批量样本,762400,441,2.7767551020408163,0.3527568488833877,0.2997100192251836,36.1%,批量样本
268,里程296400,批量样本,296400,248,2.4066129032258066,0.3341988719111404,0.3065024133830725,14.3%,批量样本
269,里程209400,批量样本,209400,249,2.107991967871486,0.2900194375016494,0.3076192828116966,24.7%,批量样本
270,里程218400,批量样本,218400,248,2.0336693548387097,0.3557734397528716,0.3080514870831542,17.5%,批量样本
271,里程1206400,批量样本,1206400,503,2.6008290258449307,0.6081414395929983,0.3083647696421475,57.4%,批量样本
272,里程1025400,批量样本,1025400,508,3.0698090551181103,0.8363271262415614,0.3085380824194293,76.2%,批量样本
273,里程400400,批量样本,400400,250,2.46308,0.3808779142220886,0.3086484926548202,48.2%,批量样本
274,里程1148400,批量样本,1148400,505,2.5819128712871287,0.5241653913345388,0.3088515588180658,47.0%,批量样本
275,里程851400,批量样本,851400,483,3.347718426501035,0.4824180701536759,0.3090912520366607,47.0%,批量样本
276,里程677400,批量样本,677400,227,3.458929515418503,0.3282458666796004,0.3102188308824866,22.3%,批量样本
277,里程1180400,批量样本,1180400,507,2.5995069033530567,0.6103483984105865,0.3106144593390417,54.2%,批量样本
278,里程835400,批量样本,835400,473,3.369649048625793,0.4385924997186731,0.3112766538074603,20.4%,批量样本
279,里程1012400,批量样本,1012400,503,3.025996023856859,0.829375291702225,0.3116590743829637,77.9%,批量样本
280,里程58400,批量样本,58400,182,1.7496153846153846,0.3138081290557232,0.3131899409645473,29.3%,批量样本
281,里程227400,批量样本,227400,250,1.97168,0.3498312524930891,0.3135329511151617,37.7%,批量样本
282,里程1082400,批量样本,1082400,509,2.84647347740668,0.4680335157171305,0.314368480419604,52.5%,批量样本
283,里程732400,批量样本,732400,455,3.1769626373626374,0.4003102386240127,0.3151455479262814,28.8%,批量样本
284,里程763400,批量样本,763400,429,2.9877086247086244,0.3078374547499637,0.319213762114432,29.6%,批量样本
285,里程49400,批量样本,49400,180,2.393444444444445,0.371277911272851,0.3205233734892556,26.0%,批量样本
286,里程684400,批量样本,684400,271,2.1243542435424354,0.3750844941482441,0.3207554163665448,39.2%,批量样本
287,里程1129400,批量样本,1129400,449,3.420532293986637,0.4436711041074786,0.3216944719477603,30.8%,批量样本
288,里程889400,批量样本,889400,496,3.0391915322580645,0.4297591028397269,0.3221475638007373,30.4%,批量样本
289,里程899400,批量样本,899400,496,3.068860887096774,0.4418487364031153,0.3251788408544225,28.1%,批量样本
290,里程1027400,批量样本,1027400,507,3.351445759368836,0.77578747861324,0.3265483872858898,73.7%,批量样本
291,里程960400,批量样本,960400,497,3.221605633802817,0.427255808168078,0.3274522133919558,24.9%,批量样本
292,里程963400,批量样本,963400,512,2.62768359375,0.5232530729584349,0.3311462962933532,60.3%,批量样本
293,里程840400,批量样本,840400,475,3.385374736842105,0.4191760536068208,0.3314877512286157,35.5%,批量样本
294,里程891400,批量样本,891400,489,3.1547832310838446,0.3911314268617173,0.3329721375448597,16.7%,批量样本
295,里程1203400,批量样本,1203400,484,2.4273863636363635,0.6354993972888183,0.3331723640125678,51.9%,批量样本
296,里程1131400,批量样本,1131400,448,3.058825892857143,0.3492622791560222,0.3333679087630428,16.3%,批量样本
297,里程721400,批量样本,721400,406,3.8494507389162567,0.3572403158188704,0.3348412550200572,17.5%,批量样本
298,里程1024400,批量样本,1024400,505,3.053768316831684,0.6636157359691911,0.3361468647346375,66.4%,批量样本
299,里程904400,批量样本,904400,458,2.8015786026200877,0.3225860144155529,0.3364754469807134,13.5%,批量样本
300,里程660400,批量样本,660400,270,2.427703703703704,0.3443218446453641,0.3404645206946618,11.9%,批量样本
301,里程21400,批量样本,21400,176,3.202954545454545,0.429149748332102,0.3407191595922614,42.3%,批量样本
302,里程645400,批量样本,645400,266,2.6852330827067665,0.3162448272311517,0.3422346216382963,11.0%,批量样本
303,里程808400,批量样本,808400,508,2.809259842519685,0.4637684114396805,0.3435947472328841,43.6%,批量样本
304,里程460400,批量样本,460400,230,3.683830434782609,0.4566781825185613,0.3451655762640601,10.9%,批量样本
305,里程885400,批量样本,885400,505,3.3525742574257427,0.498889404405494,0.3453349202074942,25.1%,批量样本
306,里程1154400,批量样本,1154400,505,2.9535287128712877,0.6753724484419034,0.3464881701815238,55.5%,批量样本
307,里程535400,批量样本,535400,254,2.210275590551181,0.3702295020983041,0.3466968122327186,15.5%,批量样本
308,里程862400,批量样本,862400,500,2.705384,0.4757493283135369,0.3471300228646329,39.2%,批量样本
309,里程773400,批量样本,773400,513,3.4742923976608187,0.5662704020544185,0.3489122208622476,20.6%,批量样本
310,里程538400,批量样本,538400,255,2.3463921568627453,0.3280812794453456,0.3506721515041981,11.0%,批量样本
311,里程1028400,批量样本,1028400,507,3.484994082840237,0.6887246663020159,0.3517937090397598,64.1%,批量样本
312,里程882400,批量样本,882400,488,3.518651639344262,0.4548176627196247,0.3530975674572766,26.0%,批量样本
313,里程1052400,批量样本,1052400,507,2.5523905325443783,0.4566264996979431,0.3597583287203423,31.3%,批量样本
314,里程129400,批量样本,129400,181,1.8983425414364643,0.2971634675695343,0.3630658595217421,10.9%,批量样本
315,里程683400,批量样本,683400,271,2.313985239852398,0.4891273254706507,0.3645338660770886,49.7%,批量样本
316,里程759400,批量样本,759400,424,3.121985849056604,0.3729939627570104,0.3654792052017723,21.2%,批量样本
317,里程965400,批量样本,965400,500,3.140736,0.4149806358859659,0.3679959221602389,13.7%,批量样本
318,里程1145400,批量样本,1145400,508,2.6071338582677166,0.5557540161126333,0.3762759019283487,43.0%,批量样本
319,里程1014400,批量样本,1014400,503,3.079489065606362,0.8045866792843357,0.3788293754475244,69.7%,批量样本
320,里程1003400,批量样本,1003400,499,3.254771543086172,0.6036359709739292,0.378991077967481,39.7%,批量样本
321,里程805400,批量样本,805400,492,3.7849979674796734,0.512950244324616,0.3789984780540015,27.2%,批量样本
322,里程1244400,批量样本,1244400,250,4.35432,0.8880010818040373,0.379089571528734,39.7%,批量样本
323,里程510400,批量样本,510400,257,2.422190661478599,0.4132193332994614,0.3794942446381583,12.2%,批量样本
324,里程752400,批量样本,752400,514,2.8195252918287945,0.5605912434600336,0.3803061733877275,57.7%,批量样本
325,里程1047400,批量样本,1047400,500,3.228396,0.8489280421953627,0.3854031763309418,71.5%,批量样本
326,里程1081400,批量样本,1081400,506,2.625351778656127,0.4752043049597464,0.3856921946993787,40.0%,批量样本
327,里程959400,批量样本,959400,490,2.6552204081632653,0.4406300940088572,0.3859892606724498,32.0%,批量样本
328,里程1207400,批量样本,1207400,505,2.5389128712871285,0.760637520004088,0.3860286029676054,59.4%,批量样本
329,里程750400,批量样本,750400,513,2.6148830409356725,0.4323042570561382,0.386493846677377,41.3%,批量样本
330,里程639400,批量样本,639400,259,3.672803088803089,0.6870628446863954,0.3880680190298912,37.6%,批量样本
331,里程625400,批量样本,625400,254,2.126968503937008,0.3367372261547353,0.3912214543977121,10.4%,批量样本
332,里程1045400,批量样本,1045400,507,3.186556213017751,0.7202358764208112,0.3932249988561432,65.5%,批量样本
333,里程1204400,批量样本,1204400,485,2.470705154639175,0.533964992578934,0.3932604116448436,38.8%,批量样本
334,里程1183400,批量样本,1183400,508,2.5357401574803147,0.7394961151627529,0.3949160269039692,59.9%,批量样本
335,里程681400,批量样本,681400,272,2.573180147058824,0.5042859632598727,0.3993882159678245,46.5%,批量样本
336,里程1236400,批量样本,1236400,499,4.175318637274549,0.876541570705031,0.3997442620757309,53.5%,批量样本
337,里程774400,批量样本,774400,515,3.390252427184466,0.8117412364720875,0.4011883550572604,49.0%,批量样本
338,里程973400,批量样本,973400,510,2.887525490196078,0.5264974139099687,0.4016414528896955,42.6%,批量样本
339,里程866400,批量样本,866400,497,3.140444668008048,0.5522488130077676,0.4034085484866662,40.7%,批量样本
340,里程1000400,批量样本,1000400,207,4.655038647342995,0.7561544561833438,0.4035788911468518,14.2%,批量样本
341,里程912400,批量样本,912400,498,3.801736947791164,0.5417635271930933,0.4050537373647508,14.1%,批量样本
342,里程321400,批量样本,321400,245,3.6237959183673465,0.3847437394750423,0.4051878403523138,22.1%,批量样本
343,里程1076400,批量样本,1076400,508,2.831761811023622,0.53558112768986,0.4065784502644811,45.0%,批量样本
344,里程927400,批量样本,927400,462,3.5941082251082253,0.5953861114164143,0.4076113537546265,38.7%,批量样本
345,里程1231400,批量样本,1231400,502,2.5553884462151397,0.6317529950956714,0.410916302313477,49.2%,批量样本
346,里程1142400,批量样本,1142400,489,2.627280163599182,0.43167984070617,0.4118018407658404,10.1%,批量样本
347,里程964400,批量样本,964400,510,2.5792960784313728,0.5317455672731556,0.4156045583449131,53.0%,批量样本
348,里程779400,批量样本,779400,514,2.835624513618677,0.577745403722667,0.4203898940878656,48.2%,批量样本
349,里程791400,批量样本,791400,514,3.091284046692607,0.5787410321707761,0.4227786317729087,52.0%,批量样本
350,里程946400,批量样本,946400,490,3.2900938775510205,0.5657300831282565,0.4237721301953753,37.2%,批量样本
351,里程809400,批量样本,809400,512,3.08458203125,0.5748410663607211,0.4251588610799168,47.7%,批量样本
352,里程738400,批量样本,738400,510,3.16201568627451,0.5632903962259368,0.4278395052309074,30.3%,批量样本
353,里程1043400,批量样本,1043400,508,3.289968503937008,0.7390521216083296,0.4278455278417163,62.5%,批量样本
354,里程911400,批量样本,911400,503,3.178403578528828,0.4639508385859636,0.4291071667735656,13.6%,批量样本
355,里程1067400,批量样本,1067400,508,3.4236692913385824,0.7950767226831346,0.4301639176095092,66.9%,批量样本
356,里程825400,批量样本,825400,509,2.805974459724951,0.5774771677457647,0.4302419842016575,46.8%,批量样本
357,里程629400,批量样本,629400,256,2.142421875,0.3744302780067809,0.4304004591206449,11.4%,批量样本
358,里程195400,批量样本,195400,253,2.161343873517786,0.448839522542353,0.4333999390879787,25.6%,批量样本
359,里程1021400,批量样本,1021400,502,3.0138625498007965,0.5023826016841374,0.4342312655190625,25.8%,批量样本
360,里程782400,批量样本,782400,515,2.919891262135922,0.5896276836052525,0.4346575883256528,48.3%,批量样本
361,里程1205400,批量样本,1205400,501,3.019199600798403,0.7093808089311694,0.4353741706078023,43.0%,批量样本
362,里程792400,批量样本,792400,515,3.3875067961165044,0.8533879548088705,0.438239940610419,69.0%,批量样本
363,里程221400,批量样本,221400,251,2.1650199203187253,0.4728740842989745,0.4392087361545811,15.0%,批量样本
364,里程824400,批量样本,824400,504,3.027753968253968,0.5617861629011203,0.4394248776125303,38.6%,批量样本
365,里程1139400,批量样本,1139400,459,3.3529346405228755,0.5051231767266374,0.4412207684837558,23.3%,批量样本
366,里程1172400,批量样本,1172400,507,2.7054773175542404,0.6258021137321953,0.4418629280459399,45.0%,批量样本
367,里程753400,批量样本,753400,513,2.7923196881091616,0.5863486350445889,0.4440238367802814,51.7%,批量样本
368,里程1193400,批量样本,1193400,472,2.9607288135593217,0.5644461864757698,0.4469611430218062,35.1%,批量样本
369,里程1186400,批量样本,1186400,496,2.9526250000000003,0.6590125644485165,0.450646376862271,40.9%,批量样本
370,里程778400,批量样本,778400,515,2.830784466019417,0.4621633427699013,0.4511840094726065,31.0%,批量样本
371,里程1224400,批量样本,1224400,507,2.675250493096647,0.6233808737914928,0.4514664551896848,38.9%,批量样本
372,里程958400,批量样本,958400,491,2.782382892057026,0.4116623939150427,0.4548793422915138,12.3%,批量样本
373,里程751400,批量样本,751400,513,2.91951656920078,0.5789830357462614,0.4549737948068788,50.0%,批量样本
374,里程807400,批量样本,807400,512,3.0348535156250005,0.633185856438596,0.4560466382542574,53.0%,批量样本
375,里程815400,批量样本,815400,493,3.0921866125760644,0.5000189769399632,0.4569847611214586,27.3%,批量样本
376,里程972400,批量样本,972400,511,2.8681389432485327,0.5791725353942118,0.4572815283310291,43.2%,批量样本
377,里程787400,批量样本,787400,516,3.0752984496124034,0.5700618362622077,0.4576920516927516,18.9%,批量样本
378,里程1068400,批量样本,1068400,510,2.9040078431372547,0.8181627123665135,0.4581853204056851,63.0%,批量样本
379,里程817400,批量样本,817400,508,2.830702755905512,0.5247588872762685,0.4594749839526411,34.6%,批量样本
380,里程781400,批量样本,781400,510,2.9750098039215684,0.5686329571720934,0.4615909412893695,42.2%,批量样本
381,里程767400,批量样本,767400,512,2.909365234375,0.5525832108331389,0.4638898736930072,40.5%,批量样本
382,里程1227400,批量样本,1227400,508,2.806606299212598,0.7166258177338348,0.4660677582751764,54.6%,批量样本
383,里程748400,批量样本,748400,513,2.7459493177387917,0.4723316802590013,0.4678306380861222,34.8%,批量样本
384,里程771400,批量样本,771400,509,2.6357721021611007,0.4231214191717441,0.4724242519451909,11.2%,批量样本
385,里程783400,批量样本,783400,516,2.848248062015504,0.5913560461322839,0.4749475072369369,45.4%,批量样本
386,里程790400,批量样本,790400,513,2.901851851851852,0.5907449725054875,0.4757364199834845,45.8%,批量样本
387,里程827400,批量样本,827400,513,2.650565302144249,0.6230216565231359,0.4784021186406738,50.5%,批量样本
388,里程1044400,批量样本,1044400,509,3.160569744597249,0.7629111087089177,0.4805120456889798,59.0%,批量样本
389,里程865400,批量样本,865400,500,3.011552,0.6015458470542511,0.4814466067538126,37.8%,批量样本
390,里程932400,批量样本,932400,505,2.536142574257425,0.3722274483203013,0.4815052098537997,10.1%,批量样本
391,里程776400,批量样本,776400,515,3.020130097087379,0.5576636858750665,0.4852700664393742,17.3%,批量样本
392,里程34400,批量样本,34400,179,3.497094972067039,0.4183010674914247,0.4866314033189037,10.3%,批量样本
393,里程694400,批量样本,694400,211,6.998630331753555,0.925871546078347,0.4874066592108873,26.1%,批量样本
394,里程1091400,批量样本,1091400,504,3.299230158730159,0.7127719547278046,0.4902724968540047,47.5%,批量样本
395,里程1074400,批量样本,1074400,508,2.7808562992125982,0.5411676551549277,0.4906177161798924,29.8%,批量样本
396,里程874400,批量样本,874400,513,3.3774444444444445,0.813061304512663,0.493997826216383,63.3%,批量样本
397,里程737400,批量样本,737400,479,3.2708789144050106,0.5220733147528819,0.4949450581646684,24.7%,批量样本
398,里程621400,批量样本,621400,259,2.7592586872586877,0.4517744586668179,0.4979207738378477,23.4%,批量样本
399,里程744400,批量样本,744400,512,3.2644121093750003,0.5892093611958201,0.5068920667416523,32.7%,批量样本
400,里程57400,批量样本,57400,183,1.9524590163934428,0.3757980039790413,0.5078001914751916,15.9%,批量样本
401,里程941400,批量样本,941400,501,3.4996566866267464,0.5878080791382504,0.5104506783140303,26.5%,批量样本
402,里程950400,批量样本,950400,477,3.458111111111112,0.6052793457304492,0.511015780622585,32.9%,批量样本
403,里程788400,批量样本,788400,515,3.107906796116505,0.6040663946909877,0.5127789932532152,31.5%,批量样本
404,里程863400,批量样本,863400,507,3.39222090729783,0.6019229187490543,0.5156663562145807,39.0%,批量样本
405,里程1090400,批量样本,1090400,507,3.255865877712032,0.8816083833876894,0.5157538840766612,63.7%,批量样本
406,里程1238400,批量样本,1238400,477,5.892635220125785,0.8063777845166487,0.5268218364698072,34.6%,批量样本
407,里程852400,批量样本,852400,511,3.313027397260274,0.740301549074189,0.5269787543586031,39.4%,批量样本
408,里程749400,批量样本,749400,512,2.706837890625,0.4495619297264152,0.5357152523799886,15.7%,批量样本
409,里程828400,批量样本,828400,513,2.8106822612085773,0.6524401840527237,0.5382132111505984,49.0%,批量样本
410,里程1229400,批量样本,1229400,506,2.620077075098814,0.7291480475430105,0.5387381735772264,44.1%,批量样本
411,里程679400,批量样本,679400,273,2.445249084249084,0.5462807639145418,0.5392154519521493,22.0%,批量样本
412,里程869400,批量样本,869400,513,3.370994152046784,0.7438343268666145,0.54172969597403,52.0%,批量样本
413,里程826400,批量样本,826400,510,2.893513725490196,0.7329094554914444,0.543535573785259,52.2%,批量样本
414,里程1092400,批量样本,1092400,504,3.118178571428571,0.7459725101781525,0.5494591581850099,49.7%,批量样本
415,里程1215400,批量样本,1215400,509,2.6548447937131625,0.6613733902242062,0.5497795679822637,41.3%,批量样本
416,里程860400,批量样本,860400,496,3.3449879032258063,0.5931855756220811,0.5504991823728311,22.1%,批量样本
417,里程18400,批量样本,18400,183,2.969726775956285,0.4576089694209386,0.5513604312354314,21.8%,批量样本
418,里程1232400,批量样本,1232400,500,2.821074,0.5512071217847356,0.5627289875697626,19.9%,批量样本
419,里程1230400,批量样本,1230400,507,3.1176370808678504,0.8146100636356282,0.564218394414086,46.8%,批量样本
420,里程1237400,批量样本,1237400,501,3.736375249500998,0.9266996659685311,0.5649966921229136,20.5%,批量样本
421,里程1046400,批量样本,1046400,505,3.262065346534653,0.6880954172649607,0.5705036157028823,35.9%,批量样本
422,里程20400,批量样本,20400,183,3.1988524590163934,0.4894662882597954,0.5740524929874893,14.3%,批量样本
423,里程955400,批量样本,955400,509,2.820829076620825,0.5137430807428491,0.5759491446870827,15.7%,批量样本
424,里程784400,批量样本,784400,506,3.5800928853754943,0.548212003932979,0.5837271492062918,20.7%,批量样本
425,里程1062400,批量样本,1062400,502,3.1806812749003983,0.5438830576944588,0.5852664152797045,16.9%,批量样本
426,里程709400,批量样本,709400,509,4.036243614931237,0.7383438370009601,0.58622356183035,49.3%,批量样本
427,里程1031400,批量样本,1031400,507,2.918378698224852,0.7184290246216779,0.5870752396836875,46.3%,批量样本
428,里程766400,批量样本,766400,509,2.7853791748526526,0.5115224762790858,0.5871173715901684,13.6%,批量样本
429,里程843400,批量样本,843400,501,3.53675249500998,0.6710347074621121,0.5876247876249548,12.5%,批量样本
430,里程1187400,批量样本,1187400,506,2.629377470355731,0.5669902070210266,0.5878457859869726,18.2%,批量样本
431,里程398400,批量样本,398400,256,2.5856796875,0.5798684696511686,0.5924440846646023,40.2%,批量样本
432,里程1214400,批量样本,1214400,508,2.848966535433071,0.8085985763375014,0.5947924261862865,51.4%,批量样本
433,里程986400,批量样本,986400,466,3.3961545064377683,0.6093720350916108,0.5972348820876761,18.5%,批量样本
434,里程823400,批量样本,823400,510,3.1082431372549024,0.6956925170595788,0.5974081778531721,44.2%,批量样本
435,里程789400,批量样本,789400,511,2.963968688845401,0.701145065545824,0.6037870871925756,44.0%,批量样本
436,里程794400,批量样本,794400,516,3.0376647286821705,0.6863309640612513,0.6049207645222029,43.1%,批量样本
437,里程1220400,批量样本,1220400,507,2.768733727810651,0.6679170368312487,0.6057074737125299,34.5%,批量样本
438,里程1171400,批量样本,1171400,506,2.795812252964427,0.6644856734541423,0.6169016869333419,36.3%,批量样本
439,里程1223400,批量样本,1223400,507,2.6660690335305723,0.5520436995502219,0.6183056275458597,17.9%,批量样本
440,里程1225400,批量样本,1225400,506,2.636628458498024,0.5962901748097555,0.6236152289283934,22.9%,批量样本
441,里程878400,批量样本,878400,505,2.672518811881188,0.5732392815840228,0.6246810209777495,18.9%,批量样本
442,里程1066400,批量样本,1066400,510,3.1402823529411767,0.6771372354558699,0.6313085297681148,32.7%,批量样本
443,里程725400,批量样本,725400,503,2.734262425447316,0.5031208130356399,0.6401599597461828,10.4%,批量样本
444,里程813400,批量样本,813400,506,3.522177865612649,0.6696473610066407,0.6416688733020337,10.5%,批量样本
445,里程1188400,批量样本,1188400,508,2.77803937007874,0.6253645267732636,0.6459820001520551,26.2%,批量样本
446,里程845400,批量样本,845400,510,2.9279941176470587,0.586617299904173,0.650873982409363,16.8%,批量样本
447,里程834400,批量样本,834400,501,3.2015888223552893,0.6530504900808286,0.655119915005735,17.6%,批量样本
448,里程754400,批量样本,754400,514,3.402420233463035,0.6972620014694066,0.6589064890425886,40.7%,批量样本
449,里程793400,批量样本,793400,515,3.1329495145631068,0.7612332185411146,0.6598184492936959,49.5%,批量样本
450,里程1100400,批量样本,1100400,505,2.90299801980198,0.580743514606901,0.6602618269458649,15.0%,批量样本
451,里程1116400,批量样本,1116400,504,3.0987162698412702,0.5937969149431468,0.661115812116973,15.6%,批量样本
452,里程1210400,批量样本,1210400,505,3.10070099009901,0.6396327471985,0.6624311575103587,16.1%,批量样本
453,里程717400,批量样本,717400,504,3.1992242063492067,0.5237873311941101,0.6629457368793645,10.1%,批量样本
454,里程1152400,批量样本,1152400,506,2.686460474308301,0.5996446071384863,0.6640251428933452,19.7%,批量样本
455,里程1093400,批量样本,1093400,502,3.1101513944223105,0.6250798535718177,0.6641449504837668,10.3%,批量样本
456,里程1038400,批量样本,1038400,509,3.213552062868369,0.7683863932625636,0.6678442920513484,44.5%,批量样本
457,里程1088400,批量样本,1088400,504,3.2978373015873017,0.6803756252021708,0.6720654000806481,23.8%,批量样本
458,里程1084400,批量样本,1084400,502,3.046922310756972,0.622282919479947,0.6723335974733814,14.1%,批量样本
459,里程1175400,批量样本,1175400,508,2.837897637795276,0.7902975504821943,0.6798229148718857,44.2%,批量样本
460,里程706400,批量样本,706400,487,6.277338809034907,1.1736350070734125,0.691276202401038,43.1%,批量样本
461,里程765400,批量样本,765400,514,2.943941634241245,0.588506439170781,0.6976227089267765,17.7%,批量样本
462,里程1098400,批量样本,1098400,505,2.6216752475247525,0.6152208674574904,0.7011074964644196,17.3%,批量样本
463,里程1114400,批量样本,1114400,505,3.1648118811881187,0.6246626980751242,0.7018977445057167,17.9%,批量样本
464,里程1089400,批量样本,1089400,507,3.1376646942800783,0.6839031132956983,0.7028887858122089,25.0%,批量样本
465,里程1109400,批量样本,1109400,503,3.115876739562625,0.6507957010748885,0.7076350113841154,21.1%,批量样本
466,里程945400,批量样本,945400,508,3.3684960629921257,0.6200744451585712,0.7101035100434263,10.8%,批量样本
467,里程1042400,批量样本,1042400,508,3.055106299212598,0.6105984329097798,0.7152324273559546,11.6%,批量样本
468,里程1064400,批量样本,1064400,510,3.0793392156862747,0.7420286856751603,0.7159493978507334,32.8%,批量样本
469,里程864400,批量样本,864400,512,3.0901289062500004,0.664247822172298,0.7161923723468834,20.2%,批量样本
470,里程1019400,批量样本,1019400,505,2.938748514851485,0.8271758549202629,0.7395560902269809,51.0%,批量样本
471,里程1087400,批量样本,1087400,505,3.146685148514852,0.7287948125820162,0.7454936864610843,32.4%,批量样本
472,里程854400,批量样本,854400,510,3.080029411764706,0.6985595515561864,0.7457388453804377,26.5%,批量样本
473,里程760400,批量样本,760400,509,2.7176051080550097,0.6095996324339609,0.7469833322230265,15.3%,批量样本
474,里程1102400,批量样本,1102400,505,2.760889108910891,0.6212498599375446,0.7474413469805539,16.5%,批量样本
475,里程856400,批量样本,856400,509,2.853445972495088,0.7091571876944823,0.7504188872857113,31.7%,批量样本
476,里程4400,批量样本,4400,178,4.411011235955057,0.7502120904544264,0.7622321338133545,13.5%,批量样本
477,里程1173400,批量样本,1173400,507,2.853207100591716,0.6230730853381504,0.7740922621556714,11.9%,批量样本
478,里程1094400,批量样本,1094400,507,3.050611439842209,0.8512614058758293,0.7747913449956626,35.6%,批量样本
479,里程855400,批量样本,855400,510,2.93531568627451,0.6454349779454333,0.7832431853342392,21.4%,批量样本
480,里程1239400,批量样本,1239400,500,4.054844,1.002661841900052,0.7845665315107425,38.9%,批量样本
481,里程736400,批量样本,736400,509,3.285978388998036,0.7135332855109461,0.7970860911215119,18.8%,批量样本
482,里程868400,批量样本,868400,502,3.170649402390438,0.6687003187952938,0.7972882201029505,12.9%,批量样本
483,里程1099400,批量样本,1099400,506,2.8551541501976287,0.6549129788407227,0.8008244737850981,11.4%,批量样本
484,里程716400,批量样本,716400,511,3.1649275929549896,0.6362281720450632,0.8068312374339114,12.9%,批量样本
485,里程992400,批量样本,992400,508,3.0199468503937004,0.6937416055820093,0.8106377614778304,12.5%,批量样本
486,里程714400,批量样本,714400,503,3.325914512922465,0.7330591380296111,0.812044477658194,21.4%,批量样本
487,里程1101400,批量样本,1101400,506,2.876241106719368,0.6617424831682366,0.8136679835652565,14.0%,批量样本
488,里程785400,批量样本,785400,500,3.812546,0.8307443289991986,0.8180260078217,22.6%,批量样本
489,里程731400,批量样本,731400,506,3.2610276679841896,0.6858188566840823,0.8201660247483862,16.8%,批量样本
490,里程871400,批量样本,871400,510,3.119833333333333,0.8142565314955538,0.8227868564052674,37.9%,批量样本
491,里程741400,批量样本,741400,504,3.124009920634921,0.6622731727682937,0.8240021447544329,14.5%,批量样本
492,里程728400,批量样本,728400,510,3.691421568627451,0.7080362038332472,0.8339724598179384,17.6%,批量样本
493,里程948400,批量样本,948400,513,3.208428849902534,0.6775934345930144,0.8341945846259371,24.5%,批量样本
494,里程1030400,批量样本,1030400,507,3.0377041420118345,0.9995959555492404,0.8606012921276205,52.6%,批量样本
495,里程858400,批量样本,858400,511,3.028436399217221,0.6900546038112684,0.8729310921045558,20.1%,批量样本
496,里程853400,批量样本,853400,513,3.378797270955166,0.8994584882594153,0.8782901921994142,36.5%,批量样本
497,里程1020400,批量样本,1020400,507,2.741660749506903,0.6385475948797473,0.8988416225998079,15.1%,批量样本
498,里程1029400,批量样本,1029400,509,2.818522593320236,0.7165450612374721,0.9346915642484732,19.7%,批量样本
499,里程1241400,批量样本,1241400,98,13.382551020408162,1.3671954220638505,0.9456239028944916,27.1%,批量样本
500,里程1095400,批量样本,1095400,509,2.955294695481336,0.7279563425135225,0.9490001807910547,10.5%,批量样本
501,里程1096400,批量样本,1096400,507,3.1200138067061145,0.7679754130093384,0.9823780540032946,11.7%,批量样本
502,里程1022400,批量样本,1022400,507,3.039974358974358,0.8202967223998726,0.9827883401871644,28.8%,批量样本
503,里程1247400,批量样本,1247400,262,6.709007633587786,1.9099428708881443,0.983451848693721,45.3%,批量样本
504,里程1016400,批量样本,1016400,502,3.0537788844621514,0.6875076286365728,0.984755316779159,10.5%,批量样本
505,里程872400,批量样本,872400,511,3.364180039138944,0.8821505556402881,0.9939812273720998,33.3%,批量样本
506,里程1104400,批量样本,1104400,504,3.2323432539682537,0.8536930923106811,1.024617393963321,15.0%,批量样本
507,里程1017400,批量样本,1017400,500,3.118552,0.9089520730148956,1.0413444344035052,31.6%,批量样本
508,里程1015400,批量样本,1015400,501,2.747317365269461,0.7680218910147316,1.0527526322679337,12.5%,批量样本
509,里程1242400,批量样本,1242400,167,16.342275449101795,1.2494252542026696,1.1063117807912053,10.9%,批量样本
510,里程1245400,批量样本,1245400,265,7.216150944113208,2.822149859666095,1.249422346432592,56.0%,批量样本
511,里程704400,批量样本,704400,107,13.168158878504672,1.7357007945220253,1.2618509067509065,41.9%,批量样本
512,里程1246400,批量样本,1246400,265,6.813169811320755,2.6438828320082988,1.390134713472871,37.6%,批量样本
513,里程1001400,批量样本,1001400,266,7.439334586466165,5.139803610968766,1.427979574200666,75.8%,批量样本
514,里程1143400,批量样本,1143400,463,7.28410799136069,4.295074253776701,2.549884276054436,62.1%,批量样本
515,里程1240400,批量样本,1240400,324,9.681262345679013,2.8834161685283486,2.569533854205287,20.4%,批量样本
