历史均值,v23_no_seasonal,trimmed_5%,trimmed_10%,trimmed_15%,trimmed_20%,adaptive_hybrid,adaptive_shift,mile
0.3308017829627997,0.605909090909091,0.26997435064935055,0.27925082312054145,0.2854371072475912,0.2844628595703363,0.30018181818181794,0.3308017829627997,707400
0.6271018589253884,1.3415584415584416,0.5790940452736124,0.5483319607222055,0.5152397164588405,0.49380960434913945,0.47155844155844157,0.6271018589253884,708400
1.1450020371785077,0.1748571428571427,1.1329218366772549,1.134228381374724,1.1358260464634975,1.1404052552099064,1.134228381374724,1.1450020371785077,709400
1.0777597314477538,1.056820512820513,1.036976568047337,1.038540324727176,1.0406261274956925,1.0433052109181138,1.054871794871795,1.0777597314477538,711400
0.5908532247696592,0.5908532247696592,0.5992908875739643,0.6057503327122703,0.612347826086957,0.6191265508684864,0.6261538461538462,0.5908532247696592,712400
0.6281481322762662,0.6281481322762662,0.618582879684418,0.6183169195279923,0.6229117259552038,0.6259981094174645,0.6183169195279923,0.6281481322762662,713400
1.5701487636657137,1.3566883116883113,1.5795539366883127,1.5829242271812696,1.585474602010893,1.5883098070154145,1.5829242271812696,1.5701487636657137,714400
0.7968199643493756,0.7479740259740257,0.7922186080173698,0.7934095660437125,0.7957549024680498,0.7960623980670481,0.7859740259740259,0.7968199643493756,715400
1.2992251982001282,1.606452991452992,1.3153169230769233,1.3227324993345757,1.3266734569778045,1.328981921304502,1.3227324993345757,1.2992251982001282,716400
1.052802014141847,1.249337606837607,1.0731969230769234,1.0804008517434123,1.0836430525995748,1.0853849698688407,1.0846153846153848,1.052802014141847,717400
1.3968539390043566,1.7678205128205127,1.4185712820512824,1.4197374678378138,1.4176505523462044,1.4155025404702828,1.4197374678378138,1.3968539390043566,718400
0.8592844796800231,1.0961965811965817,0.8630410256410255,0.8554991571289148,0.8535975473801566,0.8534382606640667,0.8554991571289148,0.8592844796800231,719400
1.9382735616338977,1.8712987012987012,1.9821536395703059,1.9999098124098122,2.0048979076479085,2.0073172198172204,2.0012987012987016,1.9382735616338977,721400
1.396837083065495,1.3597863247863244,1.4285794871794866,1.4380139295537222,1.4303190432755648,1.4218682500295405,1.4380139295537222,1.396837083065495,722400
1.114541675594601,1.3323076923076922,1.1428369230769229,1.1435879691243016,1.1428808148373364,1.1427224388514712,1.142307692307692,1.114541675594601,723400
1.042054878269363,1.183896103896104,1.0570591808191812,1.0541590796746503,1.0506470920383966,1.0472279011311272,1.043896103896104,1.042054878269363,724400
0.9224309692164848,1.2316452991452989,0.9446174358974363,0.9466451069115428,0.9472616803486372,0.9477648587971166,0.9466451069115428,0.9224309692164848,725400
0.30774253879824925,0.474025974025974,0.33127220779220773,0.3392108030377924,0.34204517221908526,0.3418382308935304,0.33311688311688326,0.30774253879824925,726400
0.6331494410881598,1.104415584415584,0.6535984015984011,0.6630825057295643,0.6648054514655307,0.6632623137231433,0.6630825057295643,0.6331494410881598,727400
1.459847881923091,0.8288311688311686,1.4912557842157845,1.5053571203882623,1.5094596273291925,1.5089555927943021,1.528831168831169,1.459847881923091,728400
0.7868957217341617,1.1275427350427347,0.8248174358974358,0.8321250110904088,0.8308560859430424,0.8302122178896375,0.8348205128205128,0.7868957217341617,729400
0.7948408119658121,1.0519301994301997,0.823804526748971,0.8286817129629629,0.8242642450142452,0.8204781576448246,0.8097435897435897,0.7948408119658121,730400
1.328774572649573,1.6472934472934475,1.3612813390313396,1.3659228098290597,1.3637133699633694,1.3596606125356128,1.3659228098290597,1.328774572649573,731400
1.0983498534891294,1.0945454545454545,1.1148906293706293,1.117529995955601,1.1160630357784507,1.1144234245017652,1.1105194805194805,1.0983498534891294,732400
0.3411488465109632,1.1462393162393165,0.39956449704142005,0.3898802235826459,0.3910519914867739,0.3933108826657216,0.4038461538461539,0.3411488465109632,733400
0.25048496906992734,0.3409610389610384,0.30276943056943056,0.3008189457601221,0.301621066680355,0.30221958226105694,0.30311688311688323,0.3008189457601221,734400
0.6780084993929005,1.0643162393162395,0.7032321104536492,0.708306006565522,0.7121914462349247,0.7156260191421483,0.708306006565522,0.6780084993929005,735400
1.4705053418803418,1.2601025641025643,1.342096391263058,1.3487345085470088,1.3494081196581198,1.3467784900284903,1.3441025641025641,1.4705053418803418,736400
1.02489650997151,1.2362535612535612,1.040070987654321,1.0418892450142447,1.0427273097273098,1.0421415004748331,1.040769230769231,1.02489650997151,737400
0.5513410256410253,0.6112820512820516,0.5664643874643873,0.5781698717948718,0.585300366300366,0.5891837606837603,0.5781698717948718,0.5513410256410253,738400
0.4117074786324787,0.2147179487179487,0.43407597340930665,0.44232532051282075,0.4430699023199024,0.44196688034188025,0.44232532051282075,0.4117074786324787,739400
0.4846109563602599,0.603290598290598,0.48702658777120306,0.4883128382574749,0.4887120705381575,0.4886747016424437,0.4883128382574749,0.4846109563602599,740400
1.3923813261946971,1.5159740259740258,1.3954430769230775,1.4003576147036352,1.3998133052718034,1.3947194924890778,1.3927272727272726,1.3923813261946971,741400
1.4088350504244358,1.37025974025974,1.4131534391534388,1.4223443362193364,1.4235390125747265,1.423911014911015,1.411753246753247,1.4088350504244358,742400
1.2132410968660972,1.4143589743589746,1.2403600823045267,1.2529818376068373,1.253454314204314,1.2521561016144354,1.2512820512820515,1.2132410968660972,743400
0.8030297008547004,1.2177991452991448,0.8152466761633429,0.8121672008547005,0.8060769230769229,0.7974195156695156,0.773076923076923,0.8030297008547004,744400
0.2530014470209456,0.446987012987013,0.2569622377622378,0.25670848874309077,0.2592821723730815,0.261857741337004,0.2684415584415584,0.2530014470209456,745400
0.4561064283905512,0.2655064935064935,0.45500299700299673,0.45979530849773015,0.45830167855859577,0.45665808845532385,0.4435064935064934,0.4561064283905512,746400
0.8801079839380679,0.3734545454545455,0.7779610389610392,0.7883835887296097,0.7903495713772394,0.7915853731521935,0.7837662337662336,0.8801079839380679,747400
0.9693963675213666,0.4964102564102564,0.8085151946818612,0.8148720619658121,0.8140888278388279,0.8133685897435894,0.7974102564102561,0.9693963675213666,748400
0.8225663817663821,0.3332307692307693,0.7369442861665083,0.7519348290598292,0.7560091575091574,0.7582072649572653,0.7574358974358977,0.8225663817663821,749400
0.9751736467236469,0.42528205128205115,0.9078744064577393,0.9184673254985756,0.9210937118437125,0.9241695156695153,0.9330769230769229,0.9751736467236469,750400
1.0773810541310542,0.5348717948717948,1.0517966128521676,1.0638855056980059,1.0686949531949534,1.070781576448243,1.0776923076923073,1.0773810541310542,751400
1.1950395299145307,0.7856923076923077,1.1038311965811973,1.1135916132478634,1.1132796092796091,1.1116321225071224,1.1076923076923078,1.1950395299145307,752400
1.1286230769230774,0.5714358974358974,1.1438778094333646,1.1593092948717947,1.167619861619862,1.1736709401709409,1.1833333333333338,1.1286230769230774,753400
1.3189433611884869,1.4563888888888896,1.3527087179487178,1.3688350634371393,1.3737878787878792,1.3778172043010746,1.393333333333333,1.3189433611884869,754400
0.7063256410256412,0.4118974358974359,0.7041676163342823,0.709890847578348,0.7129729344729343,0.7141141975308646,0.7164102564102564,0.7063256410256412,755400
1.0320334623593674,0.5623116883116884,0.9093272727272729,0.9102936682694468,0.9076346183460807,0.9011990544018191,0.8811688311688315,1.0320334623593674,758400
1.3333611111111112,1.2413333333333334,1.278925925925926,1.2813506944444446,1.278444444444445,1.277722222222222,1.2733333333333334,1.3333611111111112,759400
1.2402241452991443,1.049076923076923,1.2141540835707503,1.2217019230769235,1.2241443833943835,1.2260259971509975,1.223076923076923,1.2402241452991443,760400
1.0970014245014243,1.0388205128205132,1.0225015827793607,1.0287019230769234,1.0309074074074074,1.0311450617283948,1.0320512820512822,1.0970014245014243,761400
1.1377841582744086,1.0415897435897434,1.0777599999999998,1.0813911809067518,1.08082497212932,1.080900153609831,1.0833333333333333,1.1377841582744086,762400
1.0967655167488033,1.0309743589743594,1.0558131755424065,1.0623625232898593,1.0617241309415217,1.061225570128796,1.0605128205128207,1.0967655167488033,763400
1.011564957264957,0.9094871794871795,0.9979933523266856,1.023389957264957,1.0236816239316242,1.023186253561254,1.0194871794871796,1.011564957264957,765400
0.8009641454181843,0.5436410256410255,0.7330810256410262,0.7483192263330674,0.749079760818891,0.7506871085903347,0.7656410256410259,0.8009641454181843,766400
1.0652398148148148,0.9869743589743589,1.0446347736625512,1.0575650819088316,1.0602413512413515,1.0595492640075979,1.0602564102564103,1.0652398148148148,767400
0.49271745061661004,0.9928571428571427,0.5052780346588397,0.5295710213131816,0.5591938738552283,0.5843449109030503,0.5295710213131816,0.49271745061661004,768400
1.152855978755138,0.8628571428571432,1.0452836234972451,1.0474027784062625,1.0440536555078386,1.0405865297493198,1.033896103896104,1.152855978755138,769400
0.380363247863248,0.27497435897435896,0.33774335232668556,0.33597756410256424,0.3344932844932843,0.3328131528964861,0.32974358974358975,0.380363247863248,770400
0.6297055555555557,0.5360512820512822,0.6147275245330799,0.6163826566951568,0.6147421652421651,0.6141580009496679,0.6233333333333331,0.6297055555555557,771400
0.5409967859438612,0.5539999999999997,0.537366942800789,0.544226066897347,0.5398429107124755,0.5347507975895073,0.5228205128205128,0.5409967859438612,772400
0.3386995214627528,0.3386995214627528,0.33927921104536496,0.334937095200071,0.330490523968785,0.32521068179132706,0.334937095200071,0.3386995214627528,773400
0.7911286312948363,0.7911286312948363,0.7880765285996058,0.7822784136278946,0.7762031012465794,0.7716294458229942,0.7822784136278946,0.7911286312948363,774400
0.6355847716457134,0.8482621082621086,0.6389726232741617,0.6420578475734189,0.6446455862977599,0.6481182795698927,0.6420578475734189,0.6355847716457134,775400
0.822510476596349,0.822510476596349,0.8242366863905326,0.8159857155531898,0.8067675078544645,0.7981280869667966,0.8159857155531898,0.822510476596349,776400
0.45991973861779956,0.45991973861779956,0.45087226824457605,0.44357927424363425,0.437917705482923,0.4359958643507028,0.44357927424363425,0.45991973861779956,777400
0.8260036934441365,0.6853333333333337,0.8461179487179484,0.8546758938869663,0.8537681159420293,0.8504623655913977,0.8546758938869663,0.8260036934441365,778400
0.9085182186234818,1.311851851851852,0.9280889940828407,0.9282979327477597,0.9298179791223273,0.9316852180077987,0.9282979327477597,0.9085182186234818,779400
0.44816893999854873,0.7137662337662337,0.4690836940836942,0.46926068722943726,0.4662956091527519,0.46432178932178964,0.46926068722943726,0.44816893999854873,780400
0.8088553874564954,1.139401709401709,0.8510717948717943,0.8571864075947119,0.8578593290767202,0.8586587498522985,0.8571794871794872,0.8088553874564954,781400
0.9050837606837602,1.3209615384615387,0.9299862298195629,0.9350066773504272,0.9347829670329668,0.9354152421652417,0.9350066773504272,0.9050837606837602,782400
0.9454143049932521,1.3894444444444438,0.9691241025641023,0.9706833466418245,0.9681765480895916,0.9656327543424311,0.9706833466418245,0.9454143049932521,783400
0.9223674091271855,0.7473506493506497,0.851785834535835,0.8524756493506488,0.8401046176046181,0.8287534271284278,0.8193506493506495,0.9223674091271855,784400
1.34551289548658,1.1381578947368423,1.2587722065415907,1.2474959730286577,1.2358725761772853,1.2295522574208029,1.218421052631579,1.34551289548658,785400
0.9485869735066408,0.7529743589743586,0.954857909270217,0.9484090142844473,0.940021181716834,0.9315369254401514,0.9484090142844473,0.9485869735066408,786400
0.6102416364798636,0.6838888888888892,0.6110594082840237,0.6050572265105139,0.5985162663423537,0.5929847571783056,0.6050572265105139,0.6102416364798636,787400
0.7799568151147099,0.9210769230769237,0.8095318343195267,0.8167081891580161,0.8160792540792542,0.8125655205010043,0.8167081891580161,0.7799568151147099,788400
1.1679445983379502,1.769444444444445,1.1686676923076924,1.16221107266436,1.158517786561264,1.1552811059907833,1.16221107266436,1.1679445983379502,789400
0.9600703174941404,1.1905641025641023,0.9810579881656809,0.98561476355248,0.9831623593797505,0.9809848753397137,0.98561476355248,0.9600703174941404,790400
0.9642311965811967,1.1151923076923078,0.9929052706552701,1.0071193910256413,1.007585164835165,1.0069978632478638,1.0071193910256413,0.9642311965811967,791400
1.6964971944030107,1.6839487179487178,1.7136225641025642,1.7368414515127324,1.739549508462552,1.741506321635353,1.7439487179487179,1.6964971944030107,792400
1.4853387314439948,1.553025641025641,1.511380039447732,1.5269741815278148,1.5280312151616495,1.5279437551695616,1.5269741815278148,1.4853387314439948,793400
1.1232793522267206,1.581638176638176,1.1471581854043393,1.1530350456924856,1.1544416742677612,1.153863405411792,1.1530350456924856,1.1232793522267206,794400
0.704098728602884,0.7085641025641026,0.7209764102564101,0.733754413982788,0.7303388061214143,0.7262783882783875,0.7125641025641026,0.704098728602884,795400
0.8051522792022795,1.166615384615385,0.8274952516619177,0.8446011396011397,0.8432336182336186,0.8396438746438745,0.8414358974358973,0.8051522792022795,796400
0.5440492924442503,0.5440492924442503,0.5420784045675687,0.5339641612742655,0.5327976923474931,0.5326642706131081,0.5312987012987013,0.5440492924442503,805400
1.0090542104135416,1.0188717948717947,1.0075758579881655,1.014946499866915,1.0148383500557414,1.014410965378707,1.014358974358974,1.0090542104135416,806400
1.0301016355974577,1.0454358974358977,1.0497589743589744,1.0676469701002569,1.0725465693726557,1.0716478790027177,1.0874358974358973,1.0301016355974577,807400
0.6279057989364403,0.6357142857142853,0.6409110889110895,0.645306250842583,0.645077254761049,0.6448171644024182,0.645306250842583,0.6279057989364403,808400
1.1171468660968666,0.9437948717948714,1.1265292814181704,1.135094017094017,1.1413500203500202,1.142821225071225,1.1425641025641025,1.1171468660968666,809400
0.33190235042735,0.5184615384615384,0.34154249762583117,0.34420566239316247,0.34335195360195353,0.34143019943019925,0.34420566239316247,0.33190235042735,810400
0.3506155982905986,0.3506155982905986,0.34734267173156075,0.34671741452991467,0.3498622303622304,0.35267378917378917,0.3582051282051283,0.3506155982905986,811400
0.5015847578347585,0.5015847578347585,0.4828161601772712,0.47444978632478607,0.4750142450142451,0.4755840455840457,0.47444978632478607,0.5015847578347585,812400
0.8852064102564108,0.6661025641025645,0.880286324786325,0.8635136217948718,0.8436630036630035,0.8209230769230766,0.7602564102564101,0.8852064102564108,813400
0.5452179937054585,0.5452179937054585,0.5617033366633369,0.5671522491349482,0.5614180996868747,0.5561188581004253,0.5671522491349482,0.5452179937054585,814400
0.7576789784032123,0.6594805194805196,0.7651422577422575,0.7628665797869955,0.753618500076998,0.7436837632413668,0.6980519480519481,0.7576789784032123,815400
1.2175664595386047,1.01625641025641,1.225509270216962,1.244289060420549,1.2424984291071246,1.2404504312891405,1.2212820512820513,1.2175664595386047,816400
0.8723769730733526,0.8506153846153842,0.8843042209072979,0.9039859817230056,0.9092964426877476,0.9116812005199098,0.9305128205128207,0.8723769730733526,817400
0.9430973845096409,0.5923376623376624,0.9462122277722282,0.939816114681167,0.9318995431446019,0.9224572386139203,0.8932467532467528,0.9430973845096409,818400
0.8324289331838078,0.8463896103896104,0.8367146053946052,0.8437992180829552,0.8442021970124738,0.8439332096474954,0.8441558441558441,0.8324289331838078,819400
0.817740332091307,0.8170909090909091,0.8176237762237762,0.8172276097604817,0.8171903906370309,0.8172358010652941,0.8170129870129871,0.817740332091307,820400
0.8447073780444254,0.8410256410256411,0.842524023668639,0.8410256410256409,0.8411038816256209,0.841357910906298,0.8410256410256409,0.8447073780444254,821400
0.5279488116340485,0.5279488116340485,0.5292185414585415,0.525319866984227,0.5278869667881524,0.5303594470046082,0.525319866984227,0.5279488116340485,822400
1.2137887252412392,1.1668831168831175,1.2296657046657054,1.2416632846320352,1.2470624613481756,1.250856782106782,1.2416632846320352,1.2137887252412392,823400
0.9272743551712918,0.9551428571428577,0.9388334465534464,0.945668898575473,0.9489111955238441,0.9490394996708359,0.945668898575473,0.9272743551712918,824400
1.0330494964645383,1.4641025641025642,1.0430821301775146,1.0519174873569335,1.0538066281544543,1.0533066288550164,1.034615384615385,1.0330494964645383,825400
1.2855308906506677,1.2811282051282051,1.297014122287968,1.304737822730902,1.303477450086146,1.2992019378470987,1.304737822730902,1.2855308906506677,826400
1.1430898860398857,1.1412820512820514,1.1536300253244698,1.1578977920227917,1.156600834350834,1.1529082383665723,1.1602564102564101,1.1430898860398857,827400
1.2052064814814822,1.2580000000000002,1.219289965178854,1.2268372507122507,1.2264890109890112,1.22341571699905,1.2268372507122507,1.2052064814814822,828400
1.0109931623931625,1.0002564102564104,1.0221728395061727,1.030773504273504,1.0310525030525026,1.0257407407407408,1.030773504273504,1.0109931623931625,829400
0.3296072061643093,0.3296072061643093,0.3309547652347653,0.332815305801465,0.33318340947589964,0.33331420192710515,0.3328571428571429,0.3296072061643093,830400
0.7376871794871794,0.24380341880341888,0.7548637226970561,0.7649732905982903,0.7689594017094016,0.7720751424501426,0.7649732905982903,0.7376871794871794,831400
0.38594779730073847,0.38594779730073847,0.3862420489726992,0.3863322322277026,0.38627546955036995,0.38617674418604647,0.3863322322277026,0.38594779730073847,832400
0.9617146858743497,0.9636623376623377,0.9618590728157292,0.9619080048870986,0.9619172660009314,0.9618861371186955,0.9619080048870986,0.9617146858743497,834400
0.7721887277068336,0.7540259740259738,0.7738404795204795,0.7758181368804205,0.7767529387608441,0.7770006583278473,0.7758181368804205,0.7721887277068336,835400
0.6889902149846442,0.6037948717948719,0.6932089151873767,0.6936855647236272,0.694229755751495,0.6934954507857735,0.6936855647236272,0.6889902149846442,837400
0.8964331550802138,0.8184415584415583,0.9163301033331992,0.9205321507760528,0.9202104827443472,0.9195159770462097,0.9205321507760528,0.8964331550802138,838400
0.7017131216122814,0.598155844155844,0.7143455832093605,0.7160042535861355,0.7109709732498575,0.7073177891875562,0.7160042535861355,0.7017131216122814,839400
0.6219574575841986,0.7026233766233769,0.6230718481518481,0.6218495034377387,0.6223448488270622,0.6225833383206655,0.6273896103896105,0.6219574575841986,840400
0.9027117100776318,0.9809350649350649,0.9036253407086741,0.9075677308802309,0.9076134817563386,0.9066866281866282,0.8955844155844155,0.9027117100776318,841400
0.9716206634591035,0.7554025974025977,0.9628343256743255,0.9718706691232645,0.9739374775422204,0.9741461487820939,0.9742857142857142,0.9716206634591035,842400
1.0471037869693332,1.0666197691197696,1.049580917534478,1.0451556631521788,1.039861385626326,1.0322787073391724,1.0451556631521788,1.0471037869693332,843400
1.0087561046196143,0.8129870129870131,1.0218533466533464,1.0292774007998924,1.0265217391304344,1.0234804596325335,1.0292774007998924,1.0087561046196143,844400
0.9832248059203367,0.8649350649350649,1.0083303270803268,1.0190848214285715,1.025761440940012,1.027840909090909,1.0190848214285715,0.9832248059203367,845400
0.4482890424338895,0.27558441558441554,0.4577476523476523,0.4615339954163485,0.4588394332939787,0.4547883176731101,0.4615339954163485,0.4482890424338895,846400
0.7114693050681904,0.5070129870129868,0.7229251548451548,0.7213203163618389,0.7174283661003028,0.7107859237536657,0.7213203163618389,0.7114693050681904,847400
0.5581488427773343,0.3354025974025973,0.5606873096039764,0.5596519209956713,0.5570178313749743,0.555580206830207,0.5596519209956713,0.5581488427773343,848400
0.7710122958274217,0.6911688311688312,0.784977483816493,0.803909136160007,0.8058336006622859,0.8069687707641198,0.803909136160007,0.7710122958274217,849400
0.4760947544076036,0.4256883116883118,0.4741378066378066,0.47623106060606063,0.47442918985776156,0.47248106060606043,0.4644155844155844,0.4760947544076036,850400
1.101995343591982,1.101995343591982,1.0977478991596639,1.0958761482420014,1.0948388782532208,1.0942094231350044,1.0958761482420014,1.101995343591982,851400
0.8999263828093909,0.636298701298701,0.9147615984015982,0.9239784748123853,0.9281924952517836,0.9287613262313725,0.9239784748123853,0.8999263828093909,852400
1.4151503454762504,0.4471861471861471,1.454545614385614,1.4797941850537009,1.4915166572557874,1.4957875994972771,1.4797941850537009,1.4151503454762504,853400
0.9999873031995937,0.3706709956709957,1.0136333573833576,1.0348856872294372,1.0563852813852812,1.0747113997113993,1.0348856872294372,0.9999873031995937,854400
1.091997974170677,0.39354978354978354,1.110742257742257,1.1380252100840338,1.1558788049894768,1.159304865641271,1.1380252100840338,1.091997974170677,855400
1.3823662410013384,1.0233116883116884,1.2665084915084914,1.3075765065384444,1.333971562034803,1.3389610389610385,1.3525974025974028,1.3823662410013384,856400
0.7568215192628601,0.4631168831168831,0.7894826839826836,0.8179249188311687,0.8327012987012986,0.8359637445887442,0.8338311688311688,0.7568215192628601,857400
1.110886780816949,1.434649350649351,1.1424734247234247,1.1658368506493508,1.1742922077922076,1.1698623136123132,1.1658368506493508,1.110886780816949,858400
0.8200152846225269,0.7892307692307691,0.8210030769230772,0.8175270162363588,0.8135605553866423,0.8108734491315135,0.8175270162363588,0.8200152846225269,859400
0.778636145976928,0.8837662337662339,0.7761201298701297,0.7744565746753247,0.7732926716141001,0.7724924242424241,0.7744565746753247,0.778636145976928,860400
0.9345114633969384,0.9345114633969384,0.935201539201539,0.93558658008658,0.9354233147804577,0.9352233044733047,0.93558658008658,0.9345114633969384,861400
0.6855018630394671,0.5123376623376624,0.6943547652347655,0.6937303734327956,0.6878474410964533,0.6820858818600756,0.6937303734327956,0.6855018630394671,862400
0.9884590199716247,0.6065454545454546,1.016689115837722,1.032249196796235,1.034988616960729,1.0336529749320447,1.0376623376623377,0.9884590199716247,863400
1.062038635459248,1.4743896103896106,1.0841096103896104,1.0871300948186764,1.0801682665160928,1.0700347716799326,1.0871300948186764,1.062038635459248,864400
1.1103204672422546,0.9528311688311689,1.1266160012826678,1.120965322871573,1.1131042053184912,1.1046127946127946,1.120965322871573,1.1103204672422546,865400
0.7923362838279042,0.5789610389610388,0.7977495189995194,0.7986416847041847,0.7931895485466914,0.7873614718614715,0.7986416847041847,0.7923362838279042,866400
0.8386845177294614,0.8174545454545454,0.8632613535532788,0.8870779220779218,0.8858022857142854,0.8829321519601897,0.8870779220779218,0.8386845177294614,867400
1.0505068572883705,0.8225974025974025,1.0709085280045034,1.080097198968279,1.0746115796554039,1.068717064331017,1.080097198968279,1.0505068572883705,868400
1.2656683427992617,0.806051948051948,1.2981794205794202,1.3185961892778502,1.3266730660643702,1.3306556346878926,1.355194805194805,1.2656683427992617,869400
0.7732741742936728,0.6196103896103894,0.7828260539460539,0.7898784882937131,0.7896855910887529,0.7894463462804477,0.7898784882937131,0.7732741742936728,870400
1.492790938112167,0.8648831168831167,1.5188059563892897,1.539292839105339,1.5507958152958152,1.5571377465127467,1.539292839105339,1.492790938112167,871400
1.6236531234128995,1.1276363636363638,1.6487783389450053,1.6683238636363635,1.6835252525252522,1.6969002525252526,1.6683238636363635,1.6236531234128995,872400
1.636007777737583,1.1706233766233765,1.668404915084915,1.6942531344088436,1.7114336533032182,1.72200586510264,1.6942531344088436,1.636007777737583,873400
1.5044486822369836,1.1993846153846155,1.5491046153846146,1.5902081447963794,1.595712678625723,1.5987855370436013,1.6053846153846154,1.5044486822369836,874400
1.5399117521367525,1.5090256410256409,1.564729344729345,1.5738068910256413,1.5722438949938953,1.5696136039886035,1.5738068910256413,1.5399117521367525,875400
0.7448252136752134,1.0364102564102564,0.7667714466603351,0.7865142450142445,0.7857022792022789,0.7834919278252611,0.7865142450142445,0.7448252136752134,876400
1.1048319327731095,0.9720779220779214,1.1329580636082188,1.158561473369836,1.1588891188492785,1.1587647236484442,1.1532467532467534,1.1048319327731095,877400
1.0135468043192755,1.0167012987012987,1.0151485036702428,1.0246418581418584,1.0283412987012985,1.0301685884209253,1.0246418581418584,1.0135468043192755,878400
0.6378332976215985,0.6378332976215985,0.6332332938856017,0.6299304409546624,0.629841491841492,0.6297974713458584,0.6282051282051281,0.6378332976215985,879400
0.30262606860926233,0.312805194805195,0.27641164408347063,0.2754418751979728,0.27429011227816,0.2731955300513439,0.2702597402597402,0.30262606860926233,880400
0.7011449974606401,0.7827813852813853,0.7002890812890813,0.7000387806637806,0.7002073283858999,0.7004222582972583,0.7000387806637806,0.7011449974606401,881400
0.6282304287890883,0.6679653679653674,0.673082010582011,0.7123511904761902,0.7319959802102664,0.7446022727272726,0.7724025974025973,0.6282304287890883,882400
1.116413462593744,0.38376623376623387,1.1340955213011286,1.18047928913192,1.193050331194909,1.1994200353636975,1.2059740259740255,1.116413462593744,884400
0.36253846153846153,0.36253846153846153,0.35229819563152914,0.3460416666666666,0.3405677655677658,0.337568850902184,0.3460416666666666,0.36253846153846153,885400
0.22018623481781374,0.22018623481781374,0.2217737278106508,0.22375565610859718,0.22423857302118164,0.2244161644806806,0.22487179487179482,0.22018623481781374,886400
0.21694616094893093,0.21694616094893093,0.22202564102564099,0.22095510602431018,0.22123087057869661,0.22133049745952965,0.2205128205128205,0.21694616094893093,887400
0.32688583004738997,0.32688583004738997,0.32768931068931073,0.33066894351323417,0.3295860582105643,0.32943012747621014,0.3357142857142857,0.32688583004738997,888400
0.542641239911435,0.542641239911435,0.5379359368836292,0.5361935941797535,0.5375546772068512,0.5383421954389694,0.5361935941797535,0.542641239911435,889400
0.2121005642454111,0.2121005642454111,0.2216844181459568,0.23428710850856205,0.23269524678220344,0.2312834692189533,0.23428710850856205,0.2121005642454111,890400
0.5282959287903103,0.3623636363636362,0.5317501411631845,0.5345775133956955,0.5319828051948055,0.527608144192256,0.5345775133956955,0.5282959287903103,891400
0.42217564102564126,0.42217564102564126,0.4299330484330485,0.4323717948717948,0.43071245421245435,0.42860897435897455,0.41,0.42217564102564126,892400
0.5881581196581194,0.4338461538461537,0.5893130737575182,0.5799262820512823,0.5693241758241759,0.5594038461538459,0.5243589743589744,0.5881581196581194,893400
0.39341054131054165,0.22779487179487182,0.4110929882874322,0.4243129451566948,0.4299294871794869,0.4314824311490976,0.4243129451566948,0.39341054131054165,894400
0.4637749287749288,0.4637749287749288,0.46248971193415644,0.4591283831908831,0.45716320716320713,0.45564577397910727,0.4591283831908831,0.4637749287749288,895400
0.4515025641025643,0.3366153846153846,0.45702777777777753,0.45575267094017125,0.44998931623931654,0.44602421652421653,0.45575267094017125,0.4515025641025643,896400
0.2541473067322651,0.25179220779220784,0.2618347652347651,0.2698451444749023,0.2704292900775115,0.2706744269555328,0.2698451444749023,0.2541473067322651,897400
0.4235028212270548,0.22661538461538472,0.43184788954635067,0.43400567828941516,0.432309009830749,0.4302759068888102,0.43400567828941516,0.4235028212270548,898400
0.5288983829540931,0.3953506493506494,0.5427794205794209,0.5443713207208016,0.5391976797905654,0.5328622299359626,0.5443713207208016,0.5288983829540931,899400
0.2982429826440968,0.5276923076923078,0.31337577909270214,0.3206986070446279,0.3206026147765282,0.32077915632754334,0.3206986070446279,0.2982429826440968,900400
0.2203440654053468,0.2203440654053468,0.22464959040959045,0.23242007819170454,0.23544638365586984,0.2381632653061224,0.2502597402597403,0.2203440654053468,901400
0.3945972430540677,0.3945972430540677,0.4138029191321505,0.4182468281430221,0.41006577480490536,0.40450064988774603,0.4182468281430221,0.3945972430540677,902400
0.8212524819655741,0.6465128205128207,0.8320471794871795,0.8435084730724868,0.8438019661497924,0.8434340068533616,0.8448717948717948,0.8212524819655741,903400
0.7728682236983072,0.8541880341880344,0.7824157790927022,0.7887612456747406,0.7888257829127395,0.7887359092520382,0.7938461538461536,0.7728682236983072,904400
0.6238270123562601,0.5575897435897438,0.6249449309664692,0.61757448318694,0.6102114117766291,0.6049029894836346,0.61757448318694,0.6238270123562601,905400
0.5440622812656241,0.4256410256410258,0.553299802761341,0.5655332268654071,0.5717796696057567,0.5755878530072076,0.5655332268654071,0.5440622812656241,906400
0.7503582462106136,0.589577922077922,0.7646187012987008,0.7674466364085742,0.7598429752066115,0.7550626009934763,0.7674466364085742,0.7503582462106136,907400
0.8025888413262716,0.5319805194805196,0.8151898749398754,0.8234444895382395,0.8202900432900433,0.8192437469937469,0.8220779220779217,0.8025888413262716,908400
0.6417243054067565,0.5682564102564102,0.6361263116370811,0.6457321444414872,0.6448521333738725,0.6437535153019025,0.6389743589743591,0.6417243054067565,909400
0.27055667452324855,0.27055667452324855,0.2682120710059174,0.26071333510779887,0.2598917604134993,0.2600184331797236,0.2584615384615385,0.27055667452324855,910400
0.5768773287993342,0.5768773287993342,0.572717922077922,0.572944726553723,0.575492274523895,0.5780681668561855,0.6019480519480521,0.5768773287993342,911400
0.5643946860938502,0.5643946860938502,0.551914003944773,0.5518827078342649,0.549912840782406,0.5477128677773836,0.5407692307692309,0.5643946860938502,912400
0.44329933576173136,0.44329933576173136,0.44333112426035487,0.4391418685121107,0.44000304043782335,0.4410202056008505,0.43984615384615383,0.44329933576173136,913400
1.1900234268980792,1.0914358974358975,1.193865798816568,1.2026199095022625,1.2034416742677614,1.204122297057781,1.202051282051282,1.1900234268980792,914400
0.6835941004213983,0.44358974358974335,0.6955271794871795,0.7067980658326676,0.706199554069119,0.705024223088739,0.6994871794871795,0.6835941004213983,915400
0.6394299999999998,0.5226399999999999,0.6426020382165606,0.6436568571428573,0.6429134972677594,0.6427224126984125,0.6436568571428573,0.6394299999999998,924400
0.7502517241379308,0.5175466666666664,0.7705011889596606,0.793374238095238,0.7959806010928965,0.7964581587301585,0.793374238095238,0.7502517241379308,925400
0.6530165797101449,0.7150666666666669,0.6720255948553056,0.6747855595667871,0.6711512757201644,0.6690560386473432,0.6740000000000003,0.6530165797101449,926400
1.4435701588913883,1.3831168831168834,1.4353166586499917,1.4397488275613273,1.4406709956709958,1.4394215969215969,1.4376623376623376,1.4435701588913883,927400
1.2570075455270986,1.2687012987012984,1.2510932740099407,1.2534250992063491,1.2529094516594514,1.2528300865800863,1.2487012987012986,1.2570075455270986,928400
0.8462646963064793,0.9535844155844154,0.8542645354645354,0.8577259245944366,0.856457574046507,0.8556921419594232,0.8532467532467533,0.8462646963064793,929400
0.3359996744202872,0.2570649350649348,0.34708699300699297,0.3607564373342917,0.3595190698629434,0.3588541504578371,0.36961038961038956,0.3359996744202872,930400
0.5886837368759369,0.5021025641025642,0.6096937278106512,0.6188760535888564,0.6160677004155264,0.6111960297766746,0.6188760535888564,0.5886837368759369,931400
0.6185861009927864,0.5160512820512825,0.6350851282051277,0.6507467837813856,0.6496876456876454,0.6472033557840005,0.6507467837813856,0.6185861009927864,932400
0.6995645299145301,0.4985641025641031,0.7113620607787278,0.7191089743589741,0.7235335775335776,0.7215673076923075,0.7191089743589741,0.6995645299145301,933400
0.5514641737891737,0.4594358974358975,0.5791441911997469,0.5927538283475784,0.5923957061457065,0.5909299620132953,0.5884615384615387,0.5514641737891737,934400
0.7488450854700858,0.6510256410256409,0.7674021842355174,0.7758971688034186,0.7712954822954828,0.76791452991453,0.7758971688034186,0.7488450854700858,935400
0.3572403846153845,0.3572403846153845,0.3729372427983538,0.3838654736467237,0.3840617623117624,0.383679131054131,0.3838654736467237,0.3572403846153845,936400
0.5414328262266984,0.42984615384615427,0.4654332938856015,0.4783686451956349,0.4744696462957331,0.472306747016424,0.48487179487179516,0.5414328262266984,937400
0.5464553413160658,0.4811688311688313,0.46495956043956066,0.47868894081696844,0.4829728966685489,0.4849287808965231,0.48441558441558463,0.5464553413160658,939400
1.1054190934413768,0.7275324675324678,1.092845154845155,1.102738956545185,1.10366767619732,1.1005012268837149,1.0948051948051947,1.1054190934413768,940400
0.7983302411873835,0.48163636363636325,0.7793353705118405,0.7854857685868127,0.7816034563046512,0.7788039867109632,0.7363636363636364,0.7983302411873835,941400
1.4836649423000396,1.1480519480519478,1.4146353646353649,1.4394811935469378,1.4416957548380476,1.443145909390149,1.4441558441558444,1.4836649423000396,942400
0.49565188200842786,0.40697435897435896,0.5040290335305722,0.5096046490994588,0.5124303232998886,0.5149483634644925,0.5096046490994588,0.49565188200842786,943400
0.6742400607748793,0.5210389610389609,0.6877136863136861,0.7057899159663863,0.7126502232944921,0.7183248548686341,0.734025974025974,0.6742400607748793,944400
0.9866216698807231,0.8966153846153847,0.9899106903353055,0.9937441220832222,0.996045201175636,0.9987481980385203,1.0012820512820513,0.9866216698807231,945400
1.1339323155952685,0.987551020408163,1.1593653946053941,1.170812250033703,1.1753279605769724,1.1775191812795496,1.170812250033703,1.1339323155952685,946400
0.9213626169559316,0.6013846153846155,0.9517312820512819,0.9775987933634998,0.9797291983378937,0.9781706250738521,0.9775987933634998,0.9213626169559316,947400
1.2688506312628878,0.8758701298701301,1.2957685914085912,1.3114445243337975,1.321324675324675,1.329303309593632,1.3114445243337975,1.2688506312628878,948400
1.759223341189915,1.4558974358974361,1.7795774358974354,1.8009354981811725,1.8121345900476327,1.8166347630863748,1.815897435897436,1.759223341189915,949400
1.0899456146094801,0.6573506493506492,1.0812499698443967,1.0824496131046655,1.0806173229161276,1.078068498942918,1.0641558441558443,1.0899456146094801,950400
1.5816518105849584,1.4079999999999997,1.5890953846153841,1.5990865051903111,1.600604743083004,1.5998294930875574,1.5999999999999999,1.5816518105849584,951400
0.8269742792026918,0.28857142857142853,0.8541948051948055,0.8667190940547339,0.8721356706534574,0.8743177329582856,0.8667190940547339,0.8269742792026918,952400
1.3536299426830156,0.9396103896103897,1.3578819945486613,1.3650166396103898,1.3672611832611838,1.3690131673881671,1.3996103896103895,1.3536299426830156,953400
1.0559476117103237,0.6414545454545455,1.062230681818182,1.0431709346991034,1.0242489002932549,1.0045439980580173,1.0431709346991034,1.0559476117103237,954400
0.7984326954382666,0.5357142857142858,0.8213886113886114,0.8385487350020222,0.839899132488065,0.8393949368603745,0.8385487350020222,0.7984326954382666,955400
1.0208407191694102,1.8090909090909089,0.9969090909090907,1.0017851525636987,0.9983509573430518,0.9984005625710692,1.02012987012987,1.0208407191694102,956400
0.7144696727853153,0.490987012987013,0.7157798220298219,0.712525477994228,0.7060114409400122,0.6974758297258298,0.712525477994228,0.7144696727853153,957400
0.6095841985312735,0.5876883116883117,0.6159038961038964,0.6191069518716575,0.6171531748883523,0.6143405350409957,0.6191069518716575,0.6095841985312735,958400
0.6532271099374165,0.5946753246753248,0.6566459540459538,0.6501729205051007,0.6451256095682971,0.6410059847986116,0.6501729205051007,0.6532271099374165,959400
0.5284529676451686,0.26492307692307693,0.5424861538461538,0.5560596220388611,0.5638595317725756,0.5684962779156328,0.5560596220388611,0.5284529676451686,960400
1.4471954563542302,1.258493506493507,1.4574904295704287,1.4721578663550976,1.4800824392998304,1.485286133221617,1.4721578663550976,1.4471954563542302,961400
1.3043940432826227,1.1863076923076925,1.3198523076923074,1.3299616715464464,1.3325567041654,1.3352339595887979,1.3299616715464464,1.3043940432826227,962400
0.9093119062924077,0.8808717948717949,0.9231610256410254,0.9317956703043211,0.9328322691800954,0.9325307810469098,0.9317956703043211,0.9093119062924077,963400
1.1187122348403682,1.113897435897436,1.1245074556213017,1.1319483630556295,1.1348057160231078,1.1377984166371262,1.148974358974359,1.1187122348403682,964400
0.5752089136490256,0.572,0.5916061538461533,0.6006955017301038,0.6015375494071143,0.6001198156682029,0.6006955017301038,0.5752089136490256,965400
0.8038174416113135,0.6590769230769232,0.8167294674556209,0.8280512820512822,0.8288359177054826,0.8303228169679784,0.8280512820512822,0.8038174416113135,966400
0.8888865795300338,0.9183589743589747,0.8972933333333338,0.9044602076124565,0.9039930069930068,0.9042975304265627,0.9112820512820514,0.8888865795300338,967400
0.705321334190415,0.6395384615384616,0.718107297830375,0.7255153934877117,0.7262907672038108,0.7269710504549217,0.727948717948718,0.705321334190415,968400
0.5664356117420183,0.49117948717948723,0.5711835897435896,0.5752597817407505,0.5752178980439848,0.5757278742762616,0.5825641025641026,0.5664356117420183,969400
0.6352523391186342,0.6191794871794872,0.6383398816568048,0.6414919705438733,0.6410082091821222,0.6404649651423845,0.6376923076923077,0.6352523391186342,970400
0.4257575887436609,0.40410256410256407,0.4342261143984222,0.43918906929287516,0.43561852640113474,0.43250525818267804,0.4225641025641026,0.4257575887436609,971400
1.0247662309835008,0.9052820512820512,1.0153767258382642,1.0285932037973562,1.03295814330597,1.0354800898026708,1.0433333333333332,1.0247662309835008,972400
0.790638576507292,0.36103896103896116,0.7885946769280103,0.7964762355699856,0.801756493506494,0.8041579485329481,0.8377922077922076,0.790638576507292,973400
0.48825742502622677,0.542857142857143,0.4928371628371629,0.49863164517143743,0.4969701247369225,0.4953991860673895,0.5019480519480519,0.48825742502622677,974400
0.8112551097927139,0.7363636363636367,0.8210649350649352,0.8236822001527881,0.8254696884143522,0.8279175893231193,0.8236822001527881,0.8112551097927139,975400
0.5316047462287015,0.42532467532467544,0.5459090909090912,0.552689525007864,0.5520135003336591,0.5497172182656052,0.552689525007864,0.5316047462287015,976400
0.836832037043737,1.681428571428571,0.8372006793206795,0.8357218801959284,0.8320656023818078,0.8282475911185584,0.8357218801959284,0.836832037043737,977400
1.0334871150219997,1.7946396396396394,1.022702005231038,1.0209529964747355,1.0161393790484703,1.0152016632016634,1.0075675675675673,1.0334871150219997,985400
0.9323361535448494,0.788108108108108,0.9209765360215524,0.9151400136598693,0.9095845845845848,0.9040853897375635,0.9108108108108107,0.9323361535448494,986400
0.6102073556695409,0.6936883116883116,0.6152860761529495,0.6205267206660934,0.6188839447405186,0.6181072183630323,0.6205267206660934,0.6102073556695409,987400
0.48912166204581936,0.5223896103896103,0.4962850286359605,0.5025924984106798,0.5016485714285716,0.5014395557713313,0.5025924984106798,0.48912166204581936,988400
0.8159050165520756,0.8231688311688311,0.82850404085079,0.8402198289515362,0.8386164950587259,0.8369054062216849,0.8384415584415584,0.8159050165520756,989400
1.1637821674124196,1.097480519480519,1.1789495798319327,1.1912189239332098,1.1947926734619962,1.1982515856236786,1.1912189239332098,1.1637821674124196,990400
0.810282686414709,0.8741558441558441,0.8232906751633458,0.8310316047588776,0.8312185974025973,0.8303846340575314,0.8310316047588776,0.810282686414709,991400
1.279166515935318,0.9577922077922076,1.3040539460539458,1.3250337033209005,1.3300857245521271,1.3349602010892334,1.3250337033209005,1.279166515935318,992400
1.226288861556271,1.0173506493506494,1.1665123276723282,1.173651687412933,1.1754228735691181,1.1782362798491832,1.1866233766233767,1.226288861556271,993400
1.3686976710440395,1.289246753246753,1.34767760942761,1.353314123376624,1.354387136672851,1.3568787878787878,1.3674025974025978,1.3686976710440395,994400
0.9006641201935317,0.6334805194805195,0.8256189940090864,0.8336689895470383,0.8382019972059812,0.8419680459075808,0.8485714285714284,0.9006641201935317,995400
1.0728607544141255,0.7614025974025975,1.0104150197628456,1.0186604758877484,1.0241948571428567,1.0278376623376622,1.0397402597402599,1.0728607544141255,996400
0.7410450725744842,0.5188311688311686,0.7173186442040929,0.7199220779220779,0.7194997671651059,0.7186045303533679,0.7024675324675324,0.7410450725744842,997400
1.2702907485772654,1.0838441558441556,1.2683884407517942,1.2745375533557353,1.2769079480519485,1.278866488651535,1.2745375533557353,1.2702907485772654,998400
0.6357078831532614,0.6532467532467534,0.6203253990591452,0.6254176659577355,0.6257694934547525,0.6256344306855939,0.647142857142857,0.6357078831532614,999400
0.7870062934264614,0.6418441558441558,0.7477775320654577,0.7413778904022809,0.7361052931132613,0.7302536997885836,0.7058441558441557,0.7870062934264614,1003400
1.6035717333333337,1.765644444444444,1.5832425738396616,1.5787816190476194,1.5666888346883474,1.5491486349206345,1.5787816190476194,1.6035717333333337,1004400
1.1894300629342642,1.0759480519480518,1.177368461260102,1.1760416760939405,1.1705519739224914,1.1686765931742675,1.158701298701299,1.1894300629342642,1005400
1.067280502415459,0.6859466666666666,1.0230306966773852,1.0228342719614922,1.0218933882030174,1.0234045088566832,1.0292,1.067280502415459,1006400
1.5201043338683788,1.1162337662337665,1.5249768089053803,1.5311926709653982,1.5330038961038959,1.5348965287049396,1.5311926709653982,1.5201043338683788,1007400
1.267721613581949,0.957402597402597,1.2511469456469455,1.250302489177489,1.246567305710163,1.246236351611351,1.2582467532467532,1.267721613581949,1008400
0.6546050420168065,0.4463636363636367,0.6579059145189177,0.6775460880582833,0.6833286076473325,0.6892213832678952,0.6775460880582833,0.6546050420168065,1009400
1.242529411764706,0.8246753246753249,1.1842613887660327,1.1808083623693382,1.1735082527034717,1.1698704318936881,1.1614285714285717,1.242529411764706,1010400
1.9465966154763685,1.6703157894736844,1.899348292360996,1.9241308350381252,1.929296237581907,1.9304494687422775,1.9273684210526314,1.9465966154763685,1011400
1.7217207850133807,0.6776315789473687,1.6967490131578946,1.7022679762787252,1.697638794567063,1.6948180029513034,1.671842105263158,1.7217207850133807,1012400
0.8352190182698658,0.6305194805194801,0.815706168831169,0.8331065941101151,0.8311570485965649,0.8311915887850463,0.8116883116883116,0.8352190182698658,1013400
1.2885956937799046,1.0457894736842104,1.3014746772591852,1.3142172452407614,1.3232996604414258,1.3304334657398205,1.3142172452407614,1.2885956937799046,1014400
1.2299369019138753,1.014526315789474,1.2323316782522347,1.2362407614781628,1.2363518675721559,1.234217477656405,1.2362407614781628,1.2299369019138753,1015400
1.1818252840909085,0.967473684210526,1.196601787487587,1.2115369540873462,1.2219743208828524,1.2292202085402182,1.2115369540873462,1.1818252840909085,1016400
1.694581196581197,1.4125789473684207,1.709638635231612,1.7313687020041209,1.740241423396548,1.7443514592167617,1.7313687020041209,1.694581196581197,1017400
1.6298877292381093,1.5235789473684211,1.634494307869988,1.6524340710433325,1.6614986260832803,1.6676587595749932,1.6524340710433325,1.6298877292381093,1018400
1.5855196253345223,1.5755789473684207,1.6084351973684203,1.649057820607857,1.6633894312393889,1.666532218396459,1.649057820607857,1.5855196253345223,1019400
1.0943964514358882,1.0306753246753244,1.1067345147064769,1.130720938710412,1.1401893809002241,1.1382809584781408,1.130720938710412,1.0943964514358882,1020400
0.5925503338469442,0.7129090909090909,0.6085934659090911,0.6316802176696539,0.63621151026393,0.6322922684791845,0.6316802176696539,0.5925503338469442,1021400
1.3789671849277487,1.1836883116883112,1.406788000161832,1.4401233994076101,1.4585838940176288,1.4692235229559178,1.4401233994076101,1.3789671849277487,1022400
0.3100931040790196,0.3100931040790196,0.336051098434276,0.3750991114149008,0.3919535283993116,0.39676696542893697,0.3750991114149008,0.3100931040790196,1023400
1.0644660732525908,0.9946233766233772,1.0708097120271032,1.0992422577422585,1.1132033766233764,1.1162495448476752,1.0992422577422585,1.0644660732525908,1024400
1.3920505213096763,0.3296753246753245,1.4078791115426625,1.4087898838004098,1.4070202367913207,1.4042533382110844,1.4087898838004098,1.3920505213096763,1025400
1.3610175706646297,1.280883116883117,1.3725115998552528,1.3913430471967059,1.4057516427795311,1.4122877680459078,1.3913430471967059,1.3610175706646297,1026400
1.2522781628483868,1.4377922077922076,1.2589257481648788,1.2756453546453546,1.2788242077922072,1.2781800582594978,1.2756453546453546,1.2522781628483868,1027400
1.022486210418795,1.4629870129870133,1.033008752117448,1.0439055944055944,1.0516767272727274,1.0557400169923532,1.0439055944055944,1.022486210418795,1028400
1.1724110007639417,1.1471168831168825,1.183420288689638,1.201040228064618,1.2018300305272416,1.1997913017215343,1.201040228064618,1.1724110007639417,1029400
1.7807873056520946,1.5491168831168827,1.8031418052352624,1.8239730234677596,1.840871903197204,1.8541920004877745,1.8239730234677596,1.7807873056520946,1030400
1.0385647704408274,0.769116883116883,1.0478396245499049,1.0610607427660055,1.0698638710686903,1.0753328455581974,1.0610607427660055,1.0385647704408274,1031400
1.0524728886932277,0.8429870129870126,1.0584651379870131,1.0639412383391256,1.0657450775031425,1.064673928874864,1.0639412383391256,1.0524728886932277,1032400
1.0031308887191244,0.6762597402597403,1.0016900808170157,1.0104269876464997,1.0190924095824496,1.0257202053760184,1.0104269876464997,1.0031308887191244,1033400
0.996521772345302,0.913220779220779,1.0050319247316153,1.016291008642925,1.0220179024163085,1.0234787073391725,1.016291008642925,0.996521772345302,1034400
0.7456620576865892,0.5465789473684209,0.7549098684210526,0.7804508895478135,0.7857780135823431,0.7873258730939505,0.7874473684210527,0.7456620576865892,1035400
1.0569671504965616,0.8854545454545455,1.0705834103976513,1.078225032806914,1.0796473844880223,1.0806390818483842,1.078225032806914,1.0569671504965616,1036400
0.8393090617247921,0.7037922077922076,0.8573170525127042,0.8715929070929075,0.8736322077922077,0.8717828619978152,0.8715929070929075,0.8393090617247921,1037400
1.2181605136436602,1.7885714285714278,1.230540372670807,1.2442802197802203,1.2440691428571427,1.2387403204272365,1.2442802197802203,1.2181605136436602,1038400
1.2717939903234023,1.1770909090909092,1.291793695468618,1.3107285397529302,1.3092263672582394,1.3070304439746299,1.3107285397529302,1.2717939903234023,1039400
0.9083628724216958,0.6989090909090908,0.913395159020546,0.9188847006651883,0.9182636725823979,0.9180532769556021,0.9309090909090911,0.9083628724216958,1040400
1.178989559460148,1.1797402597402593,1.1971117767681234,1.218893569844789,1.2286685465928493,1.23334025974026,1.218893569844789,1.178989559460148,1041400
0.945343519225872,0.8141558441558442,0.9505180732580115,0.9571314539119421,0.9480602266259641,0.9400767743884025,0.9571314539119421,0.945343519225872,1042400
1.3159653679653676,1.3027272727272723,1.3298573036870256,1.3390060183718722,1.3399902209344436,1.3396156448202963,1.3390060183718722,1.3159653679653676,1043400
1.3185016552075375,1.1337229437229444,1.3371357404205704,1.3465882166613874,1.335815905210328,1.3198221685291456,1.3465882166613874,1.3185016552075375,1044400
1.3182704654895663,1.4317142857142855,1.313636645962733,1.3167422577422578,1.3053862857142855,1.2932656875834445,1.2607142857142857,1.3182704654895663,1045400
1.0460281385281391,0.9018614718614715,1.043151055194806,1.028610298152552,1.0101141600335146,0.9903116276247119,1.028610298152552,1.0460281385281391,1046400
1.5474792322687063,1.5045789473684208,1.539916486800598,1.554475744521445,1.5560566801619429,1.556375155899228,1.556578947368421,1.5474792322687063,1047400
0.7364947797300739,0.6735844155844155,0.7237485022717223,0.7312185619258786,0.7275525430744555,0.7219379039565086,0.7055844155844155,0.7364947797300739,1048400
0.8021790091930543,0.868181818181818,0.7828433088650485,0.7879160839160845,0.7853058181818181,0.7831257434154633,0.7781818181818182,0.8021790091930543,1049400
0.7932240259740256,1.005974025974026,0.8044150197628462,0.8142397602397594,0.8162420259740261,0.8183712222357077,0.8142397602397594,0.7932240259740256,1050400
0.704260980592441,0.8927272727272725,0.7179384528514959,0.7281013986013982,0.7328672727272725,0.7344936278674594,0.7281013986013982,0.704260980592441,1051400
0.5321527883880824,0.4973376623376622,0.5473407583128947,0.5571704149509025,0.557728100584675,0.5563237088492896,0.5571704149509025,0.5321527883880824,1052400
0.812965113318055,1.0716233766233767,0.8321744602147082,0.8424700665188471,0.8455197909660062,0.8467908184838413,0.8424700665188471,0.812965113318055,1053400
0.9714586198115613,1.0095454545454547,1.001938643399943,1.0228904022806464,1.0240992394060124,1.0229361522198728,1.0115454545454547,0.9714586198115613,1054400
0.9455809303690655,0.9817532467532467,0.9607563717532466,0.974056063654655,0.9775355048177629,0.9776784803981068,0.974056063654655,0.9455809303690655,1055400
0.9468024085637822,1.1050877192982458,0.962164802631579,0.9758576723498891,0.9878444397283535,0.9955332021642891,0.9758576723498891,0.9468024085637822,1056400
0.5290977845683728,0.661753246753247,0.5348987575891602,0.5440912258473233,0.5456695814146013,0.5433439444276658,0.5440912258473233,0.5290977845683728,1057400
0.7472130601792569,0.7625454545454546,0.7591342395921838,0.7696928229665072,0.7732362175976631,0.7760384122919327,0.7696928229665072,0.7472130601792569,1058400
1.033587754053856,1.020675324675325,1.0483471996753246,1.0652316627034943,1.066679356933389,1.0631519601893435,1.0652316627034943,1.033587754053856,1059400
0.8520655587350504,1.1339610389610395,0.8670172889610389,0.8736018840314611,0.8721303937997485,0.8707554314844036,0.8736018840314611,0.8520655587350504,1060400
0.8730454910258282,0.7824415584415585,0.8830875211744781,0.88861988011988,0.8894015584415591,0.8878714649836148,0.88861988011988,0.8730454910258282,1061400
0.7683873185637898,0.492883116883117,0.7899552088778093,0.8089318973709211,0.815105086148911,0.8198897614013895,0.8089318973709211,0.7683873185637898,1062400
0.5478904288988317,0.3483116883116883,0.5455691367456074,0.5323516901217248,0.5169796140114863,0.5000776200543645,0.5323516901217248,0.5478904288988317,1063400
1.2680858161446396,0.8770129870129872,1.2760594266414693,1.2827760532150771,1.281455218088684,1.2809990335246144,1.2827760532150771,1.2680858161446396,1064400
1.2330427807486626,1.4040259740259746,1.241577057617305,1.2461095977193537,1.250145495938324,1.2549701600724859,1.2461095977193537,1.2330427807486626,1065400
1.125898650369239,1.5963636363636367,1.137987254231836,1.1472834969908141,1.1515930046049565,1.1530898822108129,1.1472834969908141,1.125898650369239,1066400
1.4811983073106663,1.6006493506493504,1.5124630152456238,1.5306998001998007,1.538792779220779,1.5405852652020886,1.5342207792207794,1.4811983073106663,1067400
1.3887125031830914,1.5658441558441567,1.3978848458043498,1.3994190687361414,1.3941344233455784,1.3862195711265475,1.3994190687361414,1.3887125031830914,1068400
1.087634101853202,1.2120779220779219,1.0916182947487292,1.090917082917083,1.088973922077922,1.0858956790872678,1.090917082917083,1.087634101853202,1069400
1.3384759594338242,1.3824675324675324,1.3488588368153585,1.356005994005994,1.3597955324675324,1.3619908969535135,1.356005994005994,1.3384759594338242,1070400
1.0641028746534362,1.055012987012987,1.07554714850367,1.0798696303696302,1.0753409870129875,1.0670410243961652,1.0798696303696302,1.0641028746534362,1071400
1.2389742454728379,1.3285714285714285,1.2533595905651975,1.2760310776942358,1.2758846815834768,1.2731629778672027,1.2760310776942358,1.2389742454728379,1072400
0.9896075884899416,1.0233246753246759,0.9911265329098143,1.007122584732341,1.0130617271175038,1.0142874660223495,0.9953246753246755,0.9896075884899416,1073400
0.7716310160427808,0.5129870129870129,0.7706593221020468,0.7833465315172634,0.782784653593418,0.7822346118997281,0.7925974025974027,0.7716310160427808,1074400
1.0545294396614624,0.8221558441558442,1.080019198193111,1.0984145854145848,1.1039558441558446,1.1077259376137882,1.0984145854145848,1.0545294396614624,1075400
0.8499131652661067,0.8365714285714285,0.8697633790358241,0.8840801393728226,0.8907467273762097,0.8907202657807314,0.8840801393728226,0.8499131652661067,1076400
1.2054001896979427,1.4252597402597402,1.2201696781479388,1.2311058941058934,1.2351277402597403,1.2374560019419827,1.2311058941058934,1.2054001896979427,1077400
0.7892841864018337,0.8190909090909092,0.80564199268224,0.8252790624010136,0.8263379210431004,0.824704862579281,0.8252790624010136,0.7892841864018337,1078400
1.0755156608097785,1.0932467532467534,1.0734882393148646,1.0818146974976248,1.0815057173901794,1.079088613711869,1.0632467532467529,1.0755156608097785,1079400
1.1618008658008656,1.2227532467532463,1.1602733705922554,1.1699762432689258,1.1731755575102192,1.171809060706735,1.1767532467532467,1.1618008658008656,1080400
0.7508586707410242,0.7940519480519482,0.7651045796308957,0.7795153626860944,0.7821953743467686,0.7812054364240407,0.7795153626860944,0.7508586707410242,1081400
0.7311242678889739,1.1329870129870132,0.7581727715009452,0.7800671523598351,0.7805208775288459,0.7800009664753846,0.7829870129870129,0.7311242678889739,1082400
0.6983051948051953,0.563896103896104,0.6858252399774143,0.6761533920624829,0.666065090909091,0.6551976574827042,0.6145454545454548,0.6983051948051953,1083400
0.9042830437168472,0.6302077922077924,0.910434882874135,0.9054281613123717,0.8958643404787985,0.8867825132613869,0.9054281613123717,0.9042830437168472,1084400
0.6774598140650773,0.6084210526315789,0.6843950689025404,0.6892639070987078,0.6899230769230766,0.6851252182589177,0.6892639070987078,0.6774598140650773,1086400
1.408204930662558,1.1558441558441555,1.4228053977272728,1.4347779860984082,1.4477010892333468,1.4570199660152925,1.4347779860984082,1.408204930662558,1087400
1.3196896324014973,1.2704545454545453,1.3159719967532473,1.327952944942382,1.3258522727272728,1.3164795484888943,1.294805194805195,1.3196896324014973,1088400
1.1038882751051762,1.0845887445887445,1.1126790872678725,1.1181712007290956,1.126098784749387,1.1347953173586982,1.1181712007290956,1.1038882751051762,1089400
1.6790820309633863,1.8062337662337657,1.6992739448051943,1.7112946314249133,1.712518904482614,1.7084874377958497,1.7112946314249133,1.6790820309633863,1090400
1.103806918145222,1.2528947368421055,1.1179229500082493,1.1300042774781478,1.132561403508772,1.1348853471707434,1.1300042774781478,1.103806918145222,1091400
1.318252402964268,1.1832467532467534,1.3123592532467523,1.3053946405706969,1.2832427209886887,1.2624710523121743,1.3053946405706969,1.318252402964268,1092400
0.9458185476495338,0.6396103896103889,0.9502821944410724,0.9449897470950099,0.9266390236269754,0.9124245472837024,0.9449897470950099,0.9458185476495338,1093400
1.509723065666728,0.9624675324675322,1.522096370918801,1.520691091364776,1.5184698273613941,1.517389732333394,1.520691091364776,1.509723065666728,1094400
1.151924886910842,1.684588744588745,1.163782326369283,1.1623801198801198,1.1570540779220775,1.153464133996844,1.1623801198801198,1.151924886910842,1095400
1.513848971253465,1.8801298701298699,1.523521174477696,1.530969030969031,1.5339858701298699,1.5365130476999644,1.530969030969031,1.513848971253465,1096400
0.7886858903808057,0.7098441558441558,0.7818922483766236,0.7855302268154382,0.7835279639715123,0.7792996722903265,0.7707792207792208,0.7886858903808057,1097400
1.138081104810682,1.11974025974026,1.1470362098960225,1.148550786056049,1.1444631513065242,1.141228522651058,1.148550786056049,1.138081104810682,1098400
1.1998723186925433,1.4568181818181818,1.2084324836654032,1.2086969848333484,1.208776623376623,1.2106353926447386,1.2086969848333484,1.1998723186925433,1099400
1.0752717787830155,1.4097402597402602,1.0994555134306683,1.1172089274362003,1.1189623376623372,1.1194213496783592,1.1185064935064932,1.0752717787830155,1100400
1.222459725667591,1.4487012987012988,1.2371143421795596,1.2448446553446553,1.2445292987012986,1.244939616458308,1.2448446553446553,1.222459725667591,1101400
1.2145071520029262,1.4162987012987018,1.2391304769996356,1.2602074732285258,1.260969384029625,1.2601719407353213,1.2312987012987013,1.2145071520029262,1102400
1.0840523493360572,1.3009090909090903,1.0985954263128181,1.1008916083916083,1.100821090909091,1.1020259133389974,1.1008916083916083,1.0840523493360572,1103400
1.654690622936386,2.082597402597403,1.6913442775974017,1.7171044448509234,1.7278594993715966,1.734616094186188,1.7625974025974023,1.654690622936386,1104400
0.9818046078215569,1.195844155844156,0.9928629058441554,1.0118230290835923,1.0159772203602848,1.0198161184609775,1.0118230290835923,0.9818046078215569,1105400
1.483049360689861,1.809122807017544,1.5072738486842105,1.5307753891771683,1.5485273769100174,1.5658455484505662,1.5307753891771683,1.483049360689861,1106400
0.792368442292171,0.8868571428571428,0.8063571428571428,0.82664939637827,0.8345910138248853,0.8390160213618159,0.82664939637827,0.792368442292171,1107400
0.8281023230290834,0.852155844155844,0.8330343488287411,0.8502646160856691,0.8471638762843582,0.8438741540149997,0.8502646160856691,0.8281023230290834,1108400
1.325269105542345,1.344415584415585,1.3377987619856784,1.370612075643654,1.3789416888332553,1.3794672276080726,1.370612075643654,1.325269105542345,1109400
0.7204722516919699,0.8033116883116883,0.7274144920500061,0.7467397584871268,0.7516450216450221,0.752964270471313,0.7467397584871268,0.7204722516919699,1110400
0.8860253521126759,1.395,0.901707165109034,0.924764912280702,0.9390642570281121,0.9477417840375594,0.924764912280702,0.8860253521126759,1111400
0.7318973043762967,0.7698051948051948,0.7426440432632385,0.766577673197882,0.7703445956434005,0.771544850498339,0.766577673197882,0.7318973043762967,1112400
0.9675678635090402,1.098116883116883,0.9728506292469145,0.9878904022806462,0.9934435763439752,0.9955261854424655,0.9878904022806462,0.9675678635090402,1113400
1.1659964249233918,1.0201818181818174,1.1697905138339924,1.1927727272727269,1.2019778181818184,1.2084107901444352,1.2231818181818184,1.1659964249233918,1114400
0.8053284950343768,0.6605974025974025,0.8030648948574645,0.8125033259423504,0.8174141356651319,0.8177881002718215,0.8125033259423504,0.8053284950343768,1115400
1.0166455825864273,0.9607272727272729,1.028992070235061,1.0505904306220093,1.0563457466228545,1.0611732821169446,1.0505904306220093,1.0166455825864273,1116400
1.0497792207792205,0.9396363636363633,1.059809738249366,1.0752043078872344,1.077210068815646,1.079557293868922,1.0752043078872344,1.0497792207792205,1117400
1.1297950612767511,0.8995584415584418,1.1273029898450453,1.1402180906812485,1.1504259114379594,1.1568729955490515,1.1402180906812485,1.1297950612767511,1118400
1.0537079988105857,0.9890526315789474,1.073199506578947,1.098415307635286,1.1066373089983028,1.1098984259714708,1.098415307635286,1.0537079988105857,1119400
1.134332263242376,1.0197142857142862,1.1388757763975148,1.1478366633366632,1.1503942857142861,1.153116154873164,1.1478366633366632,1.134332263242376,1120400
0.8810738727564572,0.785714285714286,0.8904520045172215,0.9063831168831163,0.9096623896103896,0.9095169316664647,0.9063831168831163,0.8810738727564572,1121400
0.8682562648618986,0.7804675324675324,0.8695734514706477,0.8891973570289358,0.8921703437125122,0.8937820864581426,0.9024675324675321,0.8682562648618986,1122400
1.0842497446373858,1.006727272727273,1.0844198193111234,1.0947447552447553,1.0981192727272724,1.101526338147834,1.0947447552447553,1.0842497446373858,1123400
0.9340320855614971,0.7662337662337659,0.9223500864460614,0.9301849857459616,0.9327175454028047,0.9352935668982176,0.9301849857459616,0.9340320855614971,1124400
1.0660456012913644,0.8461038961038956,1.0570388392857144,1.060803319919517,1.0635074884792628,1.0678744993324432,1.1257857142857142,1.0660456012913644,1125400
1.015952076092921,0.9279220779220781,1.0057956062628959,1.013280929596719,1.0132334532936942,1.0138421437717207,1.0038961038961038,1.015952076092921,1126400
1.1128260395067118,1.1409090909090915,1.118325559889027,1.1347968233856738,1.1384526827753925,1.1429704016913314,1.1347968233856738,1.1128260395067118,1127400
1.1088429884722022,1.0505454545454547,1.1087603855771557,1.1124934156752337,1.1143708571428572,1.1164259012016018,1.132077922077922,1.1088429884722022,1128400
1.1534182110024809,1.1806493506493507,1.1556846414455109,1.163488783943329,1.1656766233766234,1.1661400048549582,1.163488783943329,1.1534182110024809,1129400
0.8214342828040306,0.8155064935064934,0.8347781753849866,0.8539610389610389,0.8563272106379672,0.8580832980972515,0.8539610389610389,0.8214342828040306,1130400
0.8499084724799012,0.8828831168831168,0.8558030236017855,0.8681593284764018,0.8713405080974804,0.8728623376623373,0.8681593284764018,0.8499084724799012,1131400
0.5854642220524574,0.5303896103896106,0.5854023963652447,0.5967123851757998,0.5990033631706938,0.5992763515554214,0.6005194805194805,0.5854642220524574,1132400
0.7138265959392718,0.6881038961038961,0.735786705506332,0.7595281385281384,0.7621225160381785,0.7628306200841416,0.7595281385281384,0.7138265959392718,1134400
0.4525311505396014,0.5134545454545456,0.4615685155965531,0.47283390293916605,0.4734689406978566,0.47434662520578025,0.4772727272727272,0.4525311505396014,1135400
0.7753421368547418,0.6483116883116884,0.775706244220176,0.782646952350785,0.7858788223728465,0.7875481727574744,0.782646952350785,0.7753421368547418,1136400
0.8095961221876719,0.8101558441558441,0.8113876684063599,0.8275095465937572,0.8296410577374435,0.8299854277178217,0.8220779220779222,0.8095961221876719,1137400
0.8455894274739346,0.8236623376623378,0.845345875308492,0.8477556618819775,0.8484490690032859,0.849258886653253,0.8549350649350649,0.8455894274739346,1138400
1.2443017291697072,1.1866233766233765,1.2526706461240622,1.258680092634638,1.2584314805194798,1.2560940648136911,1.258680092634638,1.2443017291697072,1139400
0.869382569677513,0.8675324675324675,0.8691259982253771,0.8744596312778131,0.8759083116883117,0.8771261682242987,0.8616883116883114,0.869382569677513,1140400
1.0032328907048007,1.1529220779220777,1.0173285875615066,1.025165970393243,1.0270670129870128,1.0278871829105471,1.025165970393243,1.0032328907048007,1141400
0.7170112676056337,0.7095454545454546,0.7201993364890561,0.7210846206425153,0.7189671934491209,0.7160815803914394,0.7210846206425153,0.7170112676056337,1142400
0.21583422375864217,0.21583422375864217,0.2081028770706191,0.20425959655307482,0.21154891668528036,0.21564695945945944,0.21675675675675685,0.21583422375864217,1144400
0.6573677702579112,0.7333766233766231,0.6773997653436906,0.6905761221234907,0.6957793772492566,0.6986147186147181,0.6905761221234907,0.6573677702579112,1145400
1.0251778306200836,1.3643290043290044,1.0396779139863248,1.0495290043290042,1.055192458144265,1.0625731357844033,1.0495290043290042,1.0251778306200836,1146400
0.8396892262666911,1.1025108225108227,0.8510466480559937,0.8627143312827518,0.8670971678923486,0.8701587098347654,0.8627143312827518,0.8396892262666911,1147400
0.5731991951710261,0.5731991951710261,0.5838329894404661,0.5938004101161996,0.5951455171334689,0.5954591183464425,0.5938004101161996,0.5731991951710261,1148400
0.8855877173673788,1.331645021645022,0.9035835633116885,0.9127659136638011,0.9157270108923335,0.9193163612088849,0.9127659136638011,0.8855877173673788,1149400
0.7909896103896107,1.0770562770562768,0.8075578346886757,0.8261053998632946,0.83145788348198,0.8348919578074505,0.8261053998632946,0.7909896103896107,1150400
0.8356448015261575,1.1287012987012985,0.8471700487012985,0.8555780592646791,0.8586972664432343,0.8594956912246628,0.8555780592646791,0.8356448015261575,1151400
1.0468113581333918,1.4305627705627704,1.0651023538961035,1.0813890616425827,1.0899565877670712,1.0967325524942353,1.0813890616425827,1.0468113581333918,1152400
0.45247894640570663,1.2480086580086582,0.4563436096613664,0.4520246981089089,0.44562003859594235,0.4382428510456683,0.4520246981089089,0.45247894640570663,1153400
0.7713135906347172,0.5212987012987016,0.7635078690779625,0.7714540897698795,0.7789711052000208,0.7900384732638248,0.804155844155844,0.7713135906347172,1154400
0.5128364733857693,1.0682683982683983,0.5291718250596754,0.532110503531556,0.5328908882282373,0.5375594780806049,0.532110503531556,0.5128364733857693,1155400
0.5639175050301811,0.4376623376623374,0.5646008010680909,0.5750481203007521,0.5787974756167529,0.5827297116029508,0.5971428571428574,0.5639175050301811,1156400
0.2609229193341866,0.18010389610389613,0.2663142776226888,0.2752444748234221,0.28152584363427713,0.28646667886104515,0.2752444748234221,0.2609229193341866,1157400
0.9731814523504665,0.9885194805194804,0.9906596674353689,1.006979129642288,1.0142423720857454,1.022214316200232,1.006979129642288,0.9731814523504665,1158400
0.8275532467532468,1.12008658008658,0.8416909414572972,0.8593392116655273,0.8624359776769418,0.8662321199926837,0.8593392116655273,0.8275532467532468,1159400
0.840167367843424,0.7538961038961041,0.8511318121131204,0.8719856459330144,0.8793616022531686,0.8846488019023236,0.8719856459330144,0.840167367843424,1160400
1.0813195536857507,0.7280519480519482,1.0915815430675244,1.1022659831396673,1.106216606686486,1.1126998353758915,1.1480519480519482,1.0813195536857507,1161400
0.5569597219681727,0.7948051948051946,0.5830561961403085,0.6090874914559129,0.6106634329525893,0.6118575086884936,0.6097402597402596,0.5569597219681727,1162400
0.8514826413023595,1.3212554112554118,0.8806074361775298,0.9081045340624292,0.91843211808272,0.9269643314432047,0.9081045340624292,0.8514826413023595,1163400
1.0123375891713917,0.7888051948051944,1.0205123599142296,1.0362508088402822,1.0451385281385277,1.0530399365892322,1.0362508088402822,1.0123375891713917,1164400
0.8807993415035669,1.1162337662337665,0.8995327102803738,0.9173308270676698,0.9301283054295102,0.9409182366928842,0.9173308270676698,0.8807993415035669,1165400
0.9879653583110316,1.0128947368421048,1.0265259868421055,1.071436990363232,1.0712415110356535,1.0669975405804228,1.0528947368421053,0.9879653583110316,1166400
1.1475931589537225,1.0217142857142858,1.1648388963061862,1.189749373433584,1.1890395869191044,1.1887002012072438,1.189749373433584,1.1475931589537225,1167400
0.6674214175654856,0.4750909090909092,0.6858346590909089,0.723027528809219,0.728570747800586,0.7300067969413765,0.723027528809219,0.6674214175654856,1168400
0.87674245472837,0.7597142857142858,0.8937298620382733,0.9124967418546366,0.9136419965576587,0.912564050972502,0.9124967418546366,0.87674245472837,1169400
1.1166322778345246,1.1352727272727268,1.141769621682665,1.1708426573426578,1.1779927272727273,1.1811465590484282,1.1708426573426578,1.1166322778345246,1170400
1.0929392105070073,1.1505974025974026,1.1142567775974026,1.1441643040058533,1.1468836929199835,1.1448544119431967,1.1441643040058533,1.0929392105070073,1171400
0.866318822023047,1.0688311688311682,0.8883359631023181,0.9209535201640466,0.9273079330308248,0.9342418145235043,0.9209535201640466,0.866318822023047,1172400
1.0177491860252428,1.0267012987012987,1.045115628919367,1.0845153337890177,1.0950707766129453,1.1012130357905008,1.0845153337890177,1.0177491860252428,1173400
1.1357679947171468,1.0226493506493504,1.1541837256493506,1.1773747027620265,1.183713866778383,1.1863970142007525,1.1773747027620265,1.1357679947171468,1174400
1.4439320735444332,1.6554545454545457,1.4835197628458499,1.5387062937062932,1.5507145454545452,1.554150807136788,1.5654545454545452,1.4439320735444332,1175400
0.42550499781117784,0.5376623376623374,0.44054932644994704,0.4729188992825359,0.4777885714285711,0.4824049641946842,0.4729188992825359,0.42550499781117784,1176400
0.8883751234680812,1.2389610389610384,0.922328640207145,0.9618838459785821,0.9712020028164609,0.9770079873178469,0.9689610389610388,0.8883751234680812,1177400
0.8375599737341309,0.8131948051948052,0.8529028797289665,0.868495504495505,0.8690388051948054,0.8687134967835907,0.868495504495505,0.8375599737341309,1178400
0.951439107371502,1.2861038961038966,0.9513531172876966,0.9918407382091594,0.9987183539352215,0.9982306566672764,0.9861038961038958,0.951439107371502,1179400
0.7525244192427295,0.4290649350649353,0.7476526277460859,0.7345249487354749,0.7212721013925837,0.7093835741723067,0.7345249487354749,0.7525244192427295,1180400
0.6148490579842691,0.5671861471861473,0.6238528138528139,0.652505445431761,0.6684190789130544,0.670965489909152,0.6705194805194804,0.6148490579842691,1181400
0.8819490733985118,1.167705627705628,0.9035824392998306,0.9426543456543459,0.9655709610389611,0.9708847554314841,0.9426543456543459,0.8819490733985118,1182400
1.075352473369327,0.709155844155844,1.0738514963297576,1.0617502497502498,1.0456198441558442,1.0280997693894895,1.0617502497502498,1.075352473369327,1183400
0.1079731504450606,0.1079731504450606,0.11021113979188515,0.11573994187630558,0.11914088311688312,0.12280889671076596,0.11573994187630558,0.1079731504450606,1184400
0.7716314980793855,0.7539393939393938,0.7849546870574905,0.8034752791068583,0.8133749022062278,0.8164239985366747,0.8034752791068583,0.7716314980793855,1185400
1.067651028746535,1.4824935064935063,1.0919456320077434,1.1203296703296703,1.1364922077922077,1.1409970870251254,1.1203296703296703,1.067651028746535,1186400
0.7715805121844446,0.8567012987012984,0.7752199322416716,0.8086628371628372,0.8353652987012986,0.8522480276732618,0.8687012987012989,0.7715805121844446,1187400
0.8808550999562231,0.17300865800865806,0.8983212874082441,0.9244550449550453,0.9547473246753245,0.9776940162641102,0.9244550449550453,0.8808550999562231,1188400
0.4259899762209619,0.4259899762209619,0.4038040215236479,0.39178728639781274,0.3807139727742139,0.3690823120541434,0.3372727272727274,0.4259899762209619,1189400
0.6141915127126393,0.6141915127126393,0.5997571307197472,0.5739881521986785,0.5485526521671098,0.527030364002195,0.5739881521986785,0.5739881521986785,1190400
0.32815895372233417,0.32815895372233417,0.3194867904680988,0.31287787650945553,0.3041240285818599,0.296160295103957,0.31287787650945553,0.32815895372233417,1191400
0.878673967275662,1.0840779220779226,0.8961560470779218,0.9269934150356681,0.9385053414327607,0.9386713800218465,0.9269934150356681,0.878673967275662,1192400
0.47107315526670357,0.7763513513513512,0.492041024738093,0.5185207405207409,0.5413101888499379,0.5472740936058006,0.5535675675675675,0.47107315526670357,1202400
1.0235396687009592,1.0235396687009592,1.0162553041640985,0.9894220374220374,0.9640284971163634,0.941056822676335,0.9894220374220374,1.0235396687009592,1203400
0.7201128775834658,0.5159909909909912,0.7199205087440379,0.7157023052464225,0.7080386100386097,0.7028759936406994,0.7157023052464225,0.7201128775834658,1204400
1.0945617752007128,0.8184649122807021,1.0929171875,1.0820429948109704,1.0572816213921903,1.0340398425971464,1.0820429948109704,1.0945617752007128,1205400
0.7546403508771933,0.7546403508771933,0.7507768092105259,0.7379983320978498,0.7256067487266555,0.7140577963600587,0.7379983320978498,0.7546403508771933,1206400
0.9999408266428781,0.38008771929824603,0.990499177631579,0.9649175315048187,0.9400541171477075,0.916584604033448,0.9649175315048187,0.9999408266428781,1207400
0.6507716324710083,0.6507716324710083,0.6491475328947369,0.6435659747961453,0.6313034804753821,0.6167491392031482,0.6435659747961453,0.6507716324710083,1208400
0.3612384775498069,0.3612384775498069,0.3462849506578947,0.3279026130467011,0.31106907894736857,0.29589461387112587,0.3111315789473683,0.3612384775498069,1209400
0.8711678039474653,0.22662337662337667,0.8805963879870128,0.896803914395464,0.9064345936321745,0.9171552372860781,0.896803914395464,0.8711678039474653,1210400
0.19076623376623356,0.18615584415584407,0.18932710280373802,0.17628475734791552,0.17340598758671055,0.17654978354978357,0.238051948051948,0.19076623376623356,1211400
0.6047949881104812,0.6047949881104812,0.6261599304122668,0.6417522898154472,0.6480380222187447,0.6475424059508569,0.6417522898154472,0.6047949881104812,1212400
0.3111189683555879,0.3111189683555879,0.3205111057167132,0.33505614035087683,0.3396091900067807,0.33734632034632056,0.33505614035087683,0.3111189683555879,1213400
1.371996158770806,0.8616883116883125,1.396919286321156,1.398871770334928,1.3991358159912377,1.398775501493811,1.398871770334928,1.371996158770806,1214400
1.0867272727272728,0.815584415584416,1.1097224076233367,1.133904973075705,1.143315206705645,1.1515837511325884,1.133904973075705,1.0867272727272728,1215400
0.8494886681945503,0.8643290043290044,0.8772908206344735,0.9155334178017106,0.9312838516065606,0.9329228027786156,0.9376623376623375,0.8494886681945503,1216400
0.8598861726508786,0.7927012987012986,0.8729396887941779,0.9037256889452008,0.9128765975060792,0.9115012987012985,0.9037256889452008,0.8598861726508786,1217400
0.9767150496562262,1.018883116883117,0.9960069558924046,1.0307402597402602,1.0482177782376987,1.0538180006040463,1.0307402597402602,0.9767150496562262,1218400
0.8451892029539089,0.894623376623377,0.8542394756945839,0.8744247703515986,0.883412221244891,0.8876884929024466,0.8744247703515986,0.8451892029539089,1219400
1.0645141329258976,0.644155844155844,1.0546357605243053,1.070640798226164,1.0844839343923016,1.0955489580187256,1.1566233766233769,1.0645141329258976,1220400
1.1299453159200348,1.183073593073593,1.1402588932806323,1.171827672327672,1.1846282597402598,1.186614091515961,1.171827672327672,1.1299453159200348,1221400
0.7281685758062159,0.8072294372294373,0.7441507622811968,0.7704415584415579,0.781604103896104,0.7818727394101225,0.7704415584415579,0.7281685758062159,1222400
0.9052594848971249,1.082987012987013,0.9196547148503672,0.9575744255744258,0.9682190129870132,0.9673888821458916,0.9575744255744258,0.9052594848971249,1223400
0.8517643732671824,0.6208441558441564,0.8506922642574819,0.8565019980019979,0.8577689350649347,0.8563546546911027,0.8565019980019979,0.8517643732671824,1224400
1.129948343791041,1.061116883116883,1.102405702992659,1.1315819180819178,1.1444848831168828,1.1447757616215564,1.1331168831168834,1.129948343791041,1225400
1.1116946957536844,1.314285714285714,1.1240804226829078,1.148444737081101,1.1589857142857143,1.1629915645102562,1.148444737081101,1.1116946957536844,1226400
1.0577212899460093,0.7909090909090909,1.0704774138904576,1.088594905094905,1.112410233766234,1.1438176356353926,1.088594905094905,1.0577212899460093,1227400
0.7398360572012257,0.5629090909090908,0.7345767927724449,0.7639685314685316,0.7755450909090909,0.7780679694137649,0.7639685314685316,0.7398360572012257,1228400
1.0573012255350287,0.6183116883116883,1.0494990492373673,1.0577442697653228,1.0667350962290723,1.0808918358636663,1.0577442697653228,1.0573012255350287,1229400
1.4304519918283967,1.3618738404452684,1.4441639106235382,1.4609515484515485,1.4799441558441562,1.4998649714771208,1.4609515484515485,1.4304519918283967,1230400
1.1310289006767877,1.1310289006767877,1.1256250758587205,1.1409876965140122,1.163475981849476,1.185677702579111,1.1409876965140122,1.1310289006767877,1231400
1.0189568837347611,1.0428947368421053,0.9947259868421049,1.0374229058561897,1.057527801358234,1.05807697983276,1.052894736842105,1.0189568837347611,1232400
0.4934505740271361,0.31921052631578956,0.442128526645768,0.4587140598846941,0.46113062777425506,0.46028650852483316,0.460263157894737,0.4934505740271361,1233400
0.5421052631578948,0.5421052631578948,0.5421052631578946,0.5421052631578946,0.5421052631578946,0.5421052631578945,0.5421052631578946,0.5421052631578948,1234400
0.20095067669172945,0.20095067669172945,0.22024183877415063,0.2570605263157895,0.28087762088147206,0.2884934837092733,0.2570605263157895,0.20095067669172945,1235400
0.845301654135338,0.845301654135338,0.8624347101932041,0.8638295112781956,0.8504392383397511,0.8346759398496237,0.8638295112781956,0.845301654135338,1236400
0.7881033082706765,0.7881033082706765,0.7885469686875417,0.7885834586466166,0.7885833333333334,0.7886027568922305,0.7885834586466166,0.7881033082706765,1237400
0.7736907168037602,0.7736907168037602,0.8125609628921527,0.832461508439848,0.8353783783783787,0.8327661574618095,0.832461508439848,0.7736907168037602,1238400
1.3782454135338353,0.9493984962406018,1.4226289140572954,1.4686887218045108,1.5034017971758664,1.5376150375939854,1.6011578947368423,1.3782454135338353,1239400
